{
"type": "FeatureCollection",
"name": "census",
"crs": { "type": "name", "properties": { "name": "urn:ogc:def:crs:OGC:1.3:CRS84" } },
"features": [
{ "type": "Feature", "properties": { "DECADE": "1860", "NHGISNAM": "Toombs", "GISJOIN": "G2701535", "JOIN": "G2701535_1860", "NATIVE_POP": null }, "geometry": { "type": "Point", "coordinates": [ -96.366724041621055, 46.179987347621847 ] } },
{ "type": "Feature", "properties": { "DECADE": "1860", "NHGISNAM": "Macomb", "GISJOIN": "G2600990", "JOIN": "G2600990_1860", "NATIVE_POP": 0 }, "geometry": { "type": "Point", "coordinates": [ -82.932114595062188, 42.69561812966576 ] } },
{ "type": "Feature", "properties": { "DECADE": "1860", "NHGISNAM": "Fond Du Lac", "GISJOIN": "G5500390", "JOIN": "G5500390_1860", "NATIVE_POP": 0 }, "geometry": { "type": "Point", "coordinates": [ -88.488269550072204, 43.753624518869429 ] } },
{ "type": "Feature", "properties": { "DECADE": "1860", "NHGISNAM": "Rock", "GISJOIN": "G5501050", "JOIN": "G5501050_1860", "NATIVE_POP": 1 }, "geometry": { "type": "Point", "coordinates": [ -89.071564862221877, 42.671239269719251 ] } },
{ "type": "Feature", "properties": { "DECADE": "1860", "NHGISNAM": "Stearns", "GISJOIN": "G2701450", "JOIN": "G2701450_1860", "NATIVE_POP": 0 }, "geometry": { "type": "Point", "coordinates": [ -94.643972571316823, 45.609519967120065 ] } },
{ "type": "Feature", "properties": { "DECADE": "1860", "NHGISNAM": "Calumet", "GISJOIN": "G5500150", "JOIN": "G5500150_1860", "NATIVE_POP": 430 }, "geometry": { "type": "Point", "coordinates": [ -88.218041756764762, 44.081651787659681 ] } },
{ "type": "Feature", "properties": { "DECADE": "1860", "NHGISNAM": "Ogemaw", "GISJOIN": "G2601290", "JOIN": "G2601290_1860", "NATIVE_POP": null }, "geometry": { "type": "Point", "coordinates": [ -84.126633615763922, 44.334945546039258 ] } },
{ "type": "Feature", "properties": { "DECADE": "1860", "NHGISNAM": "Washington", "GISJOIN": "G5501310", "JOIN": "G5501310_1860", "NATIVE_POP": 0 }, "geometry": { "type": "Point", "coordinates": [ -88.230864037236742, 43.36839638026823 ] } },
{ "type": "Feature", "properties": { "DECADE": "1860", "NHGISNAM": "Iowa", "GISJOIN": "G5500490", "JOIN": "G5500490_1860", "NATIVE_POP": 0 }, "geometry": { "type": "Point", "coordinates": [ -90.135431944921905, 43.000473043921112 ] } },
{ "type": "Feature", "properties": { "DECADE": "1860", "NHGISNAM": "Chisago", "GISJOIN": "G2700250", "JOIN": "G2700250_1860", "NATIVE_POP": 2 }, "geometry": { "type": "Point", "coordinates": [ -92.908316643401676, 45.502454860955048 ] } },
{ "type": "Feature", "properties": { "DECADE": "1860", "NHGISNAM": "Unattached", "GISJOIN": "G2701545", "JOIN": "G2701545_1860", "NATIVE_POP": null }, "geometry": { "type": "Point", "coordinates": [ -95.564198726980791, 45.883322038965147 ] } },
{ "type": "Feature", "properties": { "DECADE": "1860", "NHGISNAM": "Marquette", "GISJOIN": "G5500770", "JOIN": "G5500770_1860", "NATIVE_POP": 0 }, "geometry": { "type": "Point", "coordinates": [ -89.398782669181614, 43.819599176787342 ] } },
{ "type": "Feature", "properties": { "DECADE": "1860", "NHGISNAM": "Dallas", "GISJOIN": "G5500235", "JOIN": "G5500235_1860", "NATIVE_POP": null }, "geometry": { "type": "Point", "coordinates": [ -91.912590333378532, 45.466740145527694 ] } },
{ "type": "Feature", "properties": { "DECADE": "1860", "NHGISNAM": "St. Louis", "GISJOIN": "G2701370", "JOIN": "G2701370_1860", "NATIVE_POP": 144 }, "geometry": { "type": "Point", "coordinates": [ -92.465964891249484, 47.603974684251732 ] } },
{ "type": "Feature", "properties": { "DECADE": "1860", "NHGISNAM": "Ashland", "GISJOIN": "G5500030", "JOIN": "G5500030_1860", "NATIVE_POP": 0 }, "geometry": { "type": "Point", "coordinates": [ -90.848086120014443, 46.295100731044514 ] } },
{ "type": "Feature", "properties": { "DECADE": "1860", "NHGISNAM": "Sherburne", "GISJOIN": "G2701410", "JOIN": "G2701410_1860", "NATIVE_POP": 0 }, "geometry": { "type": "Point", "coordinates": [ -93.775955005141256, 45.443303790813985 ] } },
{ "type": "Feature", "properties": { "DECADE": "1860", "NHGISNAM": "Green", "GISJOIN": "G5500450", "JOIN": "G5500450_1860", "NATIVE_POP": 0 }, "geometry": { "type": "Point", "coordinates": [ -89.602211598048143, 42.679961118798914 ] } },
{ "type": "Feature", "properties": { "DECADE": "1860", "NHGISNAM": "Buffalo", "GISJOIN": "G5500110", "JOIN": "G5500110_1860", "NATIVE_POP": 0 }, "geometry": { "type": "Point", "coordinates": [ -91.754473776552658, 44.379837082711646 ] } },
{ "type": "Feature", "properties": { "DECADE": "1860", "NHGISNAM": "Calhoun", "GISJOIN": "G2600250", "JOIN": "G2600250_1860", "NATIVE_POP": 8 }, "geometry": { "type": "Point", "coordinates": [ -85.005497092847378, 42.246594684032566 ] } },
{ "type": "Feature", "properties": { "DECADE": "1860", "NHGISNAM": "Crawford", "GISJOIN": "G5500230", "JOIN": "G5500230_1860", "NATIVE_POP": 0 }, "geometry": { "type": "Point", "coordinates": [ -90.931049158183527, 43.239461368849959 ] } },
{ "type": "Feature", "properties": { "DECADE": "1860", "NHGISNAM": "Tuscola", "GISJOIN": "G2601570", "JOIN": "G2601570_1860", "NATIVE_POP": 4 }, "geometry": { "type": "Point", "coordinates": [ -83.416782955890696, 43.464120020078141 ] } },
{ "type": "Feature", "properties": { "DECADE": "1860", "NHGISNAM": "Becker", "GISJOIN": "G2700050", "JOIN": "G2700050_1860", "NATIVE_POP": 309 }, "geometry": { "type": "Point", "coordinates": [ -95.610457534244063, 46.934570615577158 ] } },
{ "type": "Feature", "properties": { "DECADE": "1860", "NHGISNAM": "Alpena", "GISJOIN": "G2600070", "JOIN": "G2600070_1860", "NATIVE_POP": 0 }, "geometry": { "type": "Point", "coordinates": [ -83.627731345866636, 45.034816563105053 ] } },
{ "type": "Feature", "properties": { "DECADE": "1860", "NHGISNAM": "Dane", "GISJOIN": "G5500250", "JOIN": "G5500250_1860", "NATIVE_POP": 0 }, "geometry": { "type": "Point", "coordinates": [ -89.418330505785079, 43.067358601874908 ] } },
{ "type": "Feature", "properties": { "DECADE": "1860", "NHGISNAM": "Rock (old)", "GISJOIN": "G2701335", "JOIN": "G2701335_1860", "NATIVE_POP": null }, "geometry": { "type": "Point", "coordinates": [ -96.258580295339414, 44.023044895895723 ] } },
{ "type": "Feature", "properties": { "DECADE": "1860", "NHGISNAM": "Eau Claire", "GISJOIN": "G5500350", "JOIN": "G5500350_1860", "NATIVE_POP": 0 }, "geometry": { "type": "Point", "coordinates": [ -91.286049730102363, 44.726768803130632 ] } },
{ "type": "Feature", "properties": { "DECADE": "1860", "NHGISNAM": "Todd", "GISJOIN": "G2701530", "JOIN": "G2701530_1860", "NATIVE_POP": 0 }, "geometry": { "type": "Point", "coordinates": [ -94.825255466279515, 46.221933061548185 ] } },
{ "type": "Feature", "properties": { "DECADE": "1860", "NHGISNAM": "Kenosha", "GISJOIN": "G5500590", "JOIN": "G5500590_1860", "NATIVE_POP": 0 }, "geometry": { "type": "Point", "coordinates": [ -88.041838003981951, 42.576750437712903 ] } },
{ "type": "Feature", "properties": { "DECADE": "1860", "NHGISNAM": "Kalamazoo", "GISJOIN": "G2600770", "JOIN": "G2600770_1860", "NATIVE_POP": 0 }, "geometry": { "type": "Point", "coordinates": [ -85.531154296871833, 42.245432590362455 ] } },
{ "type": "Feature", "properties": { "DECADE": "1860", "NHGISNAM": "Dodge", "GISJOIN": "G5500270", "JOIN": "G5500270_1860", "NATIVE_POP": 24 }, "geometry": { "type": "Point", "coordinates": [ -88.707530678893278, 43.416346799484863 ] } },
{ "type": "Feature", "properties": { "DECADE": "1860", "NHGISNAM": "Oakland", "GISJOIN": "G2601250", "JOIN": "G2601250_1860", "NATIVE_POP": 0 }, "geometry": { "type": "Point", "coordinates": [ -83.38552740435216, 42.660439604119865 ] } },
{ "type": "Feature", "properties": { "DECADE": "1860", "NHGISNAM": "Trempealeau", "GISJOIN": "G5501210", "JOIN": "G5501210_1860", "NATIVE_POP": 0 }, "geometry": { "type": "Point", "coordinates": [ -91.358470749450021, 44.303935184128797 ] } },
{ "type": "Feature", "properties": { "DECADE": "1860", "NHGISNAM": "Mecosta", "GISJOIN": "G2601070", "JOIN": "G2601070_1860", "NATIVE_POP": 0 }, "geometry": { "type": "Point", "coordinates": [ -85.324546760004665, 43.640851728290642 ] } },
{ "type": "Feature", "properties": { "DECADE": "1860", "NHGISNAM": "Berrien", "GISJOIN": "G2600210", "JOIN": "G2600210_1860", "NATIVE_POP": 37 }, "geometry": { "type": "Point", "coordinates": [ -86.41226867202586, 41.954633716867782 ] } },
{ "type": "Feature", "properties": { "DECADE": "1860", "NHGISNAM": "Montmorency", "GISJOIN": "G2601190", "JOIN": "G2601190_1860", "NATIVE_POP": null }, "geometry": { "type": "Point", "coordinates": [ -84.12728137920783, 45.027546048977555 ] } },
{ "type": "Feature", "properties": { "DECADE": "1860", "NHGISNAM": "Ionia", "GISJOIN": "G2600670", "JOIN": "G2600670_1860", "NATIVE_POP": 40 }, "geometry": { "type": "Point", "coordinates": [ -85.074634766321907, 42.945116558870673 ] } },
{ "type": "Feature", "properties": { "DECADE": "1860", "NHGISNAM": "Huron", "GISJOIN": "G2600630", "JOIN": "G2600630_1860", "NATIVE_POP": 0 }, "geometry": { "type": "Point", "coordinates": [ -83.019569062839096, 43.833448490991444 ] } },
{ "type": "Feature", "properties": { "DECADE": "1860", "NHGISNAM": "Hennepin", "GISJOIN": "G2700530", "JOIN": "G2700530_1860", "NATIVE_POP": 1 }, "geometry": { "type": "Point", "coordinates": [ -93.476789851558536, 45.004518550021402 ] } },
{ "type": "Feature", "properties": { "DECADE": "1860", "NHGISNAM": "Meeker", "GISJOIN": "G2700930", "JOIN": "G2700930_1860", "NATIVE_POP": 0 }, "geometry": { "type": "Point", "coordinates": [ -94.508735414741537, 45.196195787770755 ] } },
{ "type": "Feature", "properties": { "DECADE": "1860", "NHGISNAM": "Monongalia", "GISJOIN": "G2700955", "JOIN": "G2700955_1860", "NATIVE_POP": null }, "geometry": { "type": "Point", "coordinates": [ -95.006878931465636, 45.283128254041117 ] } },
{ "type": "Feature", "properties": { "DECADE": "1860", "NHGISNAM": "Washington", "GISJOIN": "G2701630", "JOIN": "G2701630_1860", "NATIVE_POP": 73 }, "geometry": { "type": "Point", "coordinates": [ -92.883944646945793, 45.038289485197559 ] } },
{ "type": "Feature", "properties": { "DECADE": "1860", "NHGISNAM": "Buchanan", "GISJOIN": "G2700155", "JOIN": "G2700155_1860", "NATIVE_POP": null }, "geometry": { "type": "Point", "coordinates": [ -92.67390057289191, 46.244532915973387 ] } },
{ "type": "Feature", "properties": { "DECADE": "1860", "NHGISNAM": "Grant", "GISJOIN": "G5500430", "JOIN": "G5500430_1860", "NATIVE_POP": 0 }, "geometry": { "type": "Point", "coordinates": [ -90.706231727552805, 42.867462824246822 ] } },
{ "type": "Feature", "properties": { "DECADE": "1860", "NHGISNAM": "Oscoda", "GISJOIN": "G2601350", "JOIN": "G2601350_1860", "NATIVE_POP": null }, "geometry": { "type": "Point", "coordinates": [ -84.129664433536917, 44.681739015796154 ] } },
{ "type": "Feature", "properties": { "DECADE": "1860", "NHGISNAM": "Dunn", "GISJOIN": "G5500330", "JOIN": "G5500330_1860", "NATIVE_POP": 0 }, "geometry": { "type": "Point", "coordinates": [ -91.896444777086671, 44.946567068218961 ] } },
{ "type": "Feature", "properties": { "DECADE": "1860", "NHGISNAM": "Sauk", "GISJOIN": "G5501110", "JOIN": "G5501110_1860", "NATIVE_POP": 11 }, "geometry": { "type": "Point", "coordinates": [ -89.94836958531485, 43.426811562614759 ] } },
{ "type": "Feature", "properties": { "DECADE": "1860", "NHGISNAM": "Itasca", "GISJOIN": "G2700610", "JOIN": "G2700610_1860", "NATIVE_POP": 43 }, "geometry": { "type": "Point", "coordinates": [ -93.676467360909314, 47.821698996754677 ] } },
{ "type": "Feature", "properties": { "DECADE": "1860", "NHGISNAM": "Cottonwood", "GISJOIN": "G2700330", "JOIN": "G2700330_1860", "NATIVE_POP": 0 }, "geometry": { "type": "Point", "coordinates": [ -95.161036735681506, 44.021577339478284 ] } },
{ "type": "Feature", "properties": { "DECADE": "1860", "NHGISNAM": "Kent", "GISJOIN": "G2600810", "JOIN": "G2600810_1860", "NATIVE_POP": 1 }, "geometry": { "type": "Point", "coordinates": [ -85.549258414876491, 43.032211508263543 ] } },
{ "type": "Feature", "properties": { "DECADE": "1860", "NHGISNAM": "Le Sueur", "GISJOIN": "G2700790", "JOIN": "G2700790_1860", "NATIVE_POP": 20 }, "geometry": { "type": "Point", "coordinates": [ -93.730077535728398, 44.37137246004167 ] } },
{ "type": "Feature", "properties": { "DECADE": "1860", "NHGISNAM": "Gratiot", "GISJOIN": "G2600570", "JOIN": "G2600570_1860", "NATIVE_POP": 9 }, "geometry": { "type": "Point", "coordinates": [ -84.604767808741983, 43.292687075411763 ] } },
{ "type": "Feature", "properties": { "DECADE": "1860", "NHGISNAM": "Benton", "GISJOIN": "G2700090", "JOIN": "G2700090_1860", "NATIVE_POP": 1 }, "geometry": { "type": "Point", "coordinates": [ -93.918921486732756, 45.692751056767889 ] } },
{ "type": "Feature", "properties": { "DECADE": "1860", "NHGISNAM": "Faribault", "GISJOIN": "G2700430", "JOIN": "G2700430_1860", "NATIVE_POP": 0 }, "geometry": { "type": "Point", "coordinates": [ -93.947852153402138, 43.673900752309564 ] } },
{ "type": "Feature", "properties": { "DECADE": "1860", "NHGISNAM": "Muskegon", "GISJOIN": "G2601210", "JOIN": "G2601210_1860", "NATIVE_POP": 0 }, "geometry": { "type": "Point", "coordinates": [ -86.152110003923028, 43.291137944508783 ] } },
{ "type": "Feature", "properties": { "DECADE": "1860", "NHGISNAM": "Mason", "GISJOIN": "G2601050", "JOIN": "G2601050_1860", "NATIVE_POP": 411 }, "geometry": { "type": "Point", "coordinates": [ -86.250037973356598, 43.995288681565576 ] } },
{ "type": "Feature", "properties": { "DECADE": "1860", "NHGISNAM": "Adams", "GISJOIN": "G5500010", "JOIN": "G5500010_1860", "NATIVE_POP": 0 }, "geometry": { "type": "Point", "coordinates": [ -89.770654066060146, 43.969566074486238 ] } },
{ "type": "Feature", "properties": { "DECADE": "1860", "NHGISNAM": "Juneau", "GISJOIN": "G5500570", "JOIN": "G5500570_1860", "NATIVE_POP": 0 }, "geometry": { "type": "Point", "coordinates": [ -90.114033866448707, 43.924454502874433 ] } },
{ "type": "Feature", "properties": { "DECADE": "1860", "NHGISNAM": "Renville", "GISJOIN": "G2701290", "JOIN": "G2701290_1860", "NATIVE_POP": 5 }, "geometry": { "type": "Point", "coordinates": [ -95.011920876413171, 44.768141151646908 ] } },
{ "type": "Feature", "properties": { "DECADE": "1860", "NHGISNAM": "Isanti", "GISJOIN": "G2700590", "JOIN": "G2700590_1860", "NATIVE_POP": 0 }, "geometry": { "type": "Point", "coordinates": [ -93.295226070877291, 45.561517584757809 ] } },
{ "type": "Feature", "properties": { "DECADE": "1860", "NHGISNAM": "Nobles", "GISJOIN": "G2701050", "JOIN": "G2701050_1860", "NATIVE_POP": 0 }, "geometry": { "type": "Point", "coordinates": [ -95.753369983104363, 43.674188655129477 ] } },
{ "type": "Feature", "properties": { "DECADE": "1860", "NHGISNAM": "Kewaunee", "GISJOIN": "G5500610", "JOIN": "G5500610_1860", "NATIVE_POP": 0 }, "geometry": { "type": "Point", "coordinates": [ -87.615303790586154, 44.516096333220631 ] } },
{ "type": "Feature", "properties": { "DECADE": "1860", "NHGISNAM": "Clinton", "GISJOIN": "G2600370", "JOIN": "G2600370_1860", "NATIVE_POP": 0 }, "geometry": { "type": "Point", "coordinates": [ -84.601544155832059, 42.943612589834906 ] } },
{ "type": "Feature", "properties": { "DECADE": "1860", "NHGISNAM": "Kanabec", "GISJOIN": "G2700650", "JOIN": "G2700650_1860", "NATIVE_POP": 0 }, "geometry": { "type": "Point", "coordinates": [ -93.293464371452927, 45.945248092876597 ] } },
{ "type": "Feature", "properties": { "DECADE": "1860", "NHGISNAM": "Outagamie", "GISJOIN": "G5500870", "JOIN": "G5500870_1860", "NATIVE_POP": 30 }, "geometry": { "type": "Point", "coordinates": [ -88.464937171126238, 44.416120967272377 ] } },
{ "type": "Feature", "properties": { "DECADE": "1860", "NHGISNAM": "Isabella", "GISJOIN": "G2600730", "JOIN": "G2600730_1860", "NATIVE_POP": 848 }, "geometry": { "type": "Point", "coordinates": [ -84.847233539809693, 43.814358087071028 ] } },
{ "type": "Feature", "properties": { "DECADE": "1860", "NHGISNAM": "Sibley", "GISJOIN": "G2701430", "JOIN": "G2701430_1860", "NATIVE_POP": 0 }, "geometry": { "type": "Point", "coordinates": [ -94.232143339432085, 44.579532569397486 ] } },
{ "type": "Feature", "properties": { "DECADE": "1860", "NHGISNAM": "Blue Earth", "GISJOIN": "G2700130", "JOIN": "G2700130_1860", "NATIVE_POP": 0 }, "geometry": { "type": "Point", "coordinates": [ -94.067115372186905, 44.034589129001361 ] } },
{ "type": "Feature", "properties": { "DECADE": "1860", "NHGISNAM": "Steele", "GISJOIN": "G2701470", "JOIN": "G2701470_1860", "NATIVE_POP": 0 }, "geometry": { "type": "Point", "coordinates": [ -93.226046008197329, 44.022270130312947 ] } },
{ "type": "Feature", "properties": { "DECADE": "1860", "NHGISNAM": "Dakota", "GISJOIN": "G2700370", "JOIN": "G2700370_1860", "NATIVE_POP": 2 }, "geometry": { "type": "Point", "coordinates": [ -93.066033408964898, 44.673326094404793 ] } },
{ "type": "Feature", "properties": { "DECADE": "1860", "NHGISNAM": "Antrim", "GISJOIN": "G2600090", "JOIN": "G2600090_1860", "NATIVE_POP": 1 }, "geometry": { "type": "Point", "coordinates": [ -85.120454335758538, 45.028928097755959 ] } },
{ "type": "Feature", "properties": { "DECADE": "1860", "NHGISNAM": "Delta", "GISJOIN": "G2600410", "JOIN": "G2600410_1860", "NATIVE_POP": 120 }, "geometry": { "type": "Point", "coordinates": [ -87.340450389489803, 45.733200435461498 ] } },
{ "type": "Feature", "properties": { "DECADE": "1860", "NHGISNAM": "Houghton", "GISJOIN": "G2600610", "JOIN": "G2600610_1860", "NATIVE_POP": 279 }, "geometry": { "type": "Point", "coordinates": [ -88.365206258908714, 47.117107987449884 ] } },
{ "type": "Feature", "properties": { "DECADE": "1860", "NHGISNAM": "Cass", "GISJOIN": "G2700210", "JOIN": "G2700210_1860", "NATIVE_POP": 75 }, "geometry": { "type": "Point", "coordinates": [ -94.321939005887288, 46.945747167661779 ] } },
{ "type": "Feature", "properties": { "DECADE": "1860", "NHGISNAM": "Genesee", "GISJOIN": "G2600490", "JOIN": "G2600490_1860", "NATIVE_POP": 47 }, "geometry": { "type": "Point", "coordinates": [ -83.706752630928293, 43.021687029448607 ] } },
{ "type": "Feature", "properties": { "DECADE": "1860", "NHGISNAM": "Anoka", "GISJOIN": "G2700030", "JOIN": "G2700030_1860", "NATIVE_POP": 0 }, "geometry": { "type": "Point", "coordinates": [ -93.246008748258205, 45.280719102015439 ] } },
{ "type": "Feature", "properties": { "DECADE": "1860", "NHGISNAM": "Cheboygan", "GISJOIN": "G2600310", "JOIN": "G2600310_1860", "NATIVE_POP": 124 }, "geometry": { "type": "Point", "coordinates": [ -84.489862705120061, 45.450766259419716 ] } },
{ "type": "Feature", "properties": { "DECADE": "1860", "NHGISNAM": "Manitou", "GISJOIN": "G2601015", "JOIN": "G2601015_1860", "NATIVE_POP": 180 }, "geometry": { "type": "Point", "coordinates": [ -85.702859899886803, 45.502995406259501 ] } },
{ "type": "Feature", "properties": { "DECADE": "1860", "NHGISNAM": "Pine", "GISJOIN": "G2701150", "JOIN": "G2701150_1860", "NATIVE_POP": 1 }, "geometry": { "type": "Point", "coordinates": [ -92.847685683331619, 45.925690152698962 ] } },
{ "type": "Feature", "properties": { "DECADE": "1860", "NHGISNAM": "Schoolcraft", "GISJOIN": "G2601530", "JOIN": "G2601530_1860", "NATIVE_POP": 22 }, "geometry": { "type": "Point", "coordinates": [ -86.505484596101681, 46.276324086861408 ] } },
{ "type": "Feature", "properties": { "DECADE": "1860", "NHGISNAM": "Oceana", "GISJOIN": "G2601270", "JOIN": "G2601270_1860", "NATIVE_POP": 570 }, "geometry": { "type": "Point", "coordinates": [ -86.26753340528839, 43.640824790811102 ] } },
{ "type": "Feature", "properties": { "DECADE": "1860", "NHGISNAM": "Milwaukee", "GISJOIN": "G5500790", "JOIN": "G5500790_1860", "NATIVE_POP": 0 }, "geometry": { "type": "Point", "coordinates": [ -87.966728672688404, 43.007032191646587 ] } },
{ "type": "Feature", "properties": { "DECADE": "1860", "NHGISNAM": "Sheboygan", "GISJOIN": "G5501170", "JOIN": "G5501170_1860", "NATIVE_POP": 0 }, "geometry": { "type": "Point", "coordinates": [ -87.945344654948258, 43.72121071008543 ] } },
{ "type": "Feature", "properties": { "DECADE": "1860", "NHGISNAM": "Wabasha", "GISJOIN": "G2701570", "JOIN": "G2701570_1860", "NATIVE_POP": 0 }, "geometry": { "type": "Point", "coordinates": [ -92.230332315689012, 44.284173352765549 ] } },
{ "type": "Feature", "properties": { "DECADE": "1860", "NHGISNAM": "Barry", "GISJOIN": "G2600150", "JOIN": "G2600150_1860", "NATIVE_POP": 15 }, "geometry": { "type": "Point", "coordinates": [ -85.308997563662402, 42.594967710599192 ] } },
{ "type": "Feature", "properties": { "DECADE": "1860", "NHGISNAM": "Van Buren", "GISJOIN": "G2601590", "JOIN": "G2601590_1860", "NATIVE_POP": 172 }, "geometry": { "type": "Point", "coordinates": [ -86.018928422981816, 42.251264360296595 ] } },
{ "type": "Feature", "properties": { "DECADE": "1860", "NHGISNAM": "Lake", "GISJOIN": "G2700750", "JOIN": "G2700750_1860", "NATIVE_POP": 0 }, "geometry": { "type": "Point", "coordinates": [ -91.059777476795659, 47.751453925521808 ] } },
{ "type": "Feature", "properties": { "DECADE": "1860", "NHGISNAM": "Aitkin", "GISJOIN": "G2700010", "JOIN": "G2700010_1860", "NATIVE_POP": 0 }, "geometry": { "type": "Point", "coordinates": [ -93.472161975489172, 46.354607648230392 ] } },
{ "type": "Feature", "properties": { "DECADE": "1860", "NHGISNAM": "Osceola", "GISJOIN": "G2601330", "JOIN": "G2601330_1860", "NATIVE_POP": 0 }, "geometry": { "type": "Point", "coordinates": [ -85.325233658659087, 43.989874944840778 ] } },
{ "type": "Feature", "properties": { "DECADE": "1860", "NHGISNAM": "Cass", "GISJOIN": "G2600270", "JOIN": "G2600270_1860", "NATIVE_POP": 62 }, "geometry": { "type": "Point", "coordinates": [ -85.993606885186281, 41.915345847054944 ] } },
{ "type": "Feature", "properties": { "DECADE": "1860", "NHGISNAM": "Brown", "GISJOIN": "G2700150", "JOIN": "G2700150_1860", "NATIVE_POP": 81 }, "geometry": { "type": "Point", "coordinates": [ -95.592972013896102, 44.499893902862681 ] } },
{ "type": "Feature", "properties": { "DECADE": "1860", "NHGISNAM": "Allegan", "GISJOIN": "G2600050", "JOIN": "G2600050_1860", "NATIVE_POP": 106 }, "geometry": { "type": "Point", "coordinates": [ -85.888417123154966, 42.591280819876033 ] } },
{ "type": "Feature", "properties": { "DECADE": "1860", "NHGISNAM": "Shiawassee", "GISJOIN": "G2601550", "JOIN": "G2601550_1860", "NATIVE_POP": 1 }, "geometry": { "type": "Point", "coordinates": [ -84.146733621659124, 42.953721083129551 ] } },
{ "type": "Feature", "properties": { "DECADE": "1860", "NHGISNAM": "Branch", "GISJOIN": "G2600230", "JOIN": "G2600230_1860", "NATIVE_POP": 0 }, "geometry": { "type": "Point", "coordinates": [ -85.059007164074814, 41.916135324720585 ] } },
{ "type": "Feature", "properties": { "DECADE": "1860", "NHGISNAM": "Iosco", "GISJOIN": "G2600690", "JOIN": "G2600690_1860", "NATIVE_POP": 0 }, "geometry": { "type": "Point", "coordinates": [ -83.636084448363007, 44.355855224297791 ] } },
{ "type": "Feature", "properties": { "DECADE": "1860", "NHGISNAM": "Otter Tail", "GISJOIN": "G2701110", "JOIN": "G2701110_1860", "NATIVE_POP": 62 }, "geometry": { "type": "Point", "coordinates": [ -95.628792638510077, 46.404458503598903 ] } },
{ "type": "Feature", "properties": { "DECADE": "1860", "NHGISNAM": "Pierce", "GISJOIN": "G2701135", "JOIN": "G2701135_1860", "NATIVE_POP": null }, "geometry": { "type": "Point", "coordinates": [ -95.843671981563531, 45.357195974047286 ] } },
{ "type": "Feature", "properties": { "DECADE": "1860", "NHGISNAM": "Fillmore", "GISJOIN": "G2700450", "JOIN": "G2700450_1860", "NATIVE_POP": 0 }, "geometry": { "type": "Point", "coordinates": [ -92.090118798725712, 43.673956805839794 ] } },
{ "type": "Feature", "properties": { "DECADE": "1860", "NHGISNAM": "La Crosse", "GISJOIN": "G5500630", "JOIN": "G5500630_1860", "NATIVE_POP": 0 }, "geometry": { "type": "Point", "coordinates": [ -91.115230358590907, 43.906532226417802 ] } },
{ "type": "Feature", "properties": { "DECADE": "1860", "NHGISNAM": "Jefferson", "GISJOIN": "G5500550", "JOIN": "G5500550_1860", "NATIVE_POP": 0 }, "geometry": { "type": "Point", "coordinates": [ -88.775880461770356, 43.020864810793846 ] } },
{ "type": "Feature", "properties": { "DECADE": "1860", "NHGISNAM": "Gladwin", "GISJOIN": "G2600510", "JOIN": "G2600510_1860", "NATIVE_POP": 0 }, "geometry": { "type": "Point", "coordinates": [ -84.388231932652971, 43.990561807602688 ] } },
{ "type": "Feature", "properties": { "DECADE": "1860", "NHGISNAM": "Otsego", "GISJOIN": "G2601370", "JOIN": "G2601370_1860", "NATIVE_POP": null }, "geometry": { "type": "Point", "coordinates": [ -84.611235264744806, 45.030117801279495 ] } },
{ "type": "Feature", "properties": { "DECADE": "1860", "NHGISNAM": "Manomin", "GISJOIN": "G2700877", "JOIN": "G2700877_1860", "NATIVE_POP": null }, "geometry": { "type": "Point", "coordinates": [ -93.255628632011636, 45.080941444117521 ] } },
{ "type": "Feature", "properties": { "DECADE": "1860", "NHGISNAM": "La Point", "GISJOIN": "G5500675", "JOIN": "G5500675_1860", "NATIVE_POP": null }, "geometry": { "type": "Point", "coordinates": [ -91.233859833547029, 46.619138843254291 ] } },
{ "type": "Feature", "properties": { "DECADE": "1860", "NHGISNAM": "Jackson", "GISJOIN": "G2700630", "JOIN": "G2700630_1860", "NATIVE_POP": 0 }, "geometry": { "type": "Point", "coordinates": [ -95.15406747758918, 43.674065492092325 ] } },
{ "type": "Feature", "properties": { "DECADE": "1860", "NHGISNAM": "Leelanau", "GISJOIN": "G2600890", "JOIN": "G2600890_1860", "NATIVE_POP": 628 }, "geometry": { "type": "Point", "coordinates": [ -85.904133325514991, 44.775233666919647 ] } },
{ "type": "Feature", "properties": { "DECADE": "1860", "NHGISNAM": "Lenawee", "GISJOIN": "G2600910", "JOIN": "G2600910_1860", "NATIVE_POP": 8 }, "geometry": { "type": "Point", "coordinates": [ -84.066390086292628, 41.895129973530281 ] } },
{ "type": "Feature", "properties": { "DECADE": "1860", "NHGISNAM": "Bad Ax", "GISJOIN": "G5500035", "JOIN": "G5500035_1860", "NATIVE_POP": null }, "geometry": { "type": "Point", "coordinates": [ -90.834377141242953, 43.593866113258812 ] } },
{ "type": "Feature", "properties": { "DECADE": "1860", "NHGISNAM": "Murray", "GISJOIN": "G2701010", "JOIN": "G2701010_1860", "NATIVE_POP": 0 }, "geometry": { "type": "Point", "coordinates": [ -95.763206443771892, 44.022141741088475 ] } },
{ "type": "Feature", "properties": { "DECADE": "1860", "NHGISNAM": "Manistee", "GISJOIN": "G2601010", "JOIN": "G2601010_1860", "NATIVE_POP": 0 }, "geometry": { "type": "Point", "coordinates": [ -86.056808282740789, 44.332919406219112 ] } },
{ "type": "Feature", "properties": { "DECADE": "1860", "NHGISNAM": "Michilimackinac", "GISJOIN": "G2601095", "JOIN": "G2601095_1860", "NATIVE_POP": null }, "geometry": { "type": "Point", "coordinates": [ -85.161396853079594, 46.111756905627814 ] } },
{ "type": "Feature", "properties": { "DECADE": "1860", "NHGISNAM": "Jackson", "GISJOIN": "G5500530", "JOIN": "G5500530_1860", "NATIVE_POP": 0 }, "geometry": { "type": "Point", "coordinates": [ -90.807234394830829, 44.316052082709632 ] } },
{ "type": "Feature", "properties": { "DECADE": "1860", "NHGISNAM": "Alcona", "GISJOIN": "G2600010", "JOIN": "G2600010_1860", "NATIVE_POP": 0 }, "geometry": { "type": "Point", "coordinates": [ -83.593777551721786, 44.685428621107945 ] } },
{ "type": "Feature", "properties": { "DECADE": "1860", "NHGISNAM": "Jackson", "GISJOIN": "G2600750", "JOIN": "G2600750_1860", "NATIVE_POP": 0 }, "geometry": { "type": "Point", "coordinates": [ -84.423329808893712, 42.2484656885851 ] } },
{ "type": "Feature", "properties": { "DECADE": "1860", "NHGISNAM": "Brown", "GISJOIN": "G5500090", "JOIN": "G5500090_1860", "NATIVE_POP": 1 }, "geometry": { "type": "Point", "coordinates": [ -88.003344716113787, 44.452081411417893 ] } },
{ "type": "Feature", "properties": { "DECADE": "1860", "NHGISNAM": "Pierce", "GISJOIN": "G5500930", "JOIN": "G5500930_1860", "NATIVE_POP": 0 }, "geometry": { "type": "Point", "coordinates": [ -92.422445287569545, 44.719555742583921 ] } },
{ "type": "Feature", "properties": { "DECADE": "1860", "NHGISNAM": "Kandiyohi", "GISJOIN": "G2700670", "JOIN": "G2700670_1860", "NATIVE_POP": 0 }, "geometry": { "type": "Point", "coordinates": [ -95.002645074320284, 45.022481596211158 ] } },
{ "type": "Feature", "properties": { "DECADE": "1860", "NHGISNAM": "Douglas", "GISJOIN": "G2700410", "JOIN": "G2700410_1860", "NATIVE_POP": 0 }, "geometry": { "type": "Point", "coordinates": [ -95.45349197599019, 45.933728704758217 ] } },
{ "type": "Feature", "properties": { "DECADE": "1860", "NHGISNAM": "Pepin", "GISJOIN": "G5500910", "JOIN": "G5500910_1860", "NATIVE_POP": 0 }, "geometry": { "type": "Point", "coordinates": [ -92.001570458402597, 44.58290611873668 ] } },
{ "type": "Feature", "properties": { "DECADE": "1860", "NHGISNAM": "Breckinridge", "GISJOIN": "G2700135", "JOIN": "G2700135_1860", "NATIVE_POP": null }, "geometry": { "type": "Point", "coordinates": [ -96.427772386817296, 46.700936820438336 ] } },
{ "type": "Feature", "properties": { "DECADE": "1860", "NHGISNAM": "Wright", "GISJOIN": "G2701710", "JOIN": "G2701710_1860", "NATIVE_POP": 0 }, "geometry": { "type": "Point", "coordinates": [ -93.96296724618017, 45.173930353380463 ] } },
{ "type": "Feature", "properties": { "DECADE": "1860", "NHGISNAM": "Newaygo", "GISJOIN": "G2601230", "JOIN": "G2601230_1860", "NATIVE_POP": 49 }, "geometry": { "type": "Point", "coordinates": [ -85.801236365652898, 43.729343886615787 ] } },
{ "type": "Feature", "properties": { "DECADE": "1860", "NHGISNAM": "Monroe", "GISJOIN": "G2601150", "JOIN": "G2601150_1860", "NATIVE_POP": 0 }, "geometry": { "type": "Point", "coordinates": [ -83.539859029837828, 41.929441660531722 ] } },
{ "type": "Feature", "properties": { "DECADE": "1860", "NHGISNAM": "Walworth", "GISJOIN": "G5501270", "JOIN": "G5501270_1860", "NATIVE_POP": 0 }, "geometry": { "type": "Point", "coordinates": [ -88.541910634043006, 42.66848759477984 ] } },
{ "type": "Feature", "properties": { "DECADE": "1860", "NHGISNAM": "Waseca", "GISJOIN": "G2701610", "JOIN": "G2701610_1860", "NATIVE_POP": 2 }, "geometry": { "type": "Point", "coordinates": [ -93.587304625567441, 44.022055131624668 ] } },
{ "type": "Feature", "properties": { "DECADE": "1860", "NHGISNAM": "Bay", "GISJOIN": "G2600170", "JOIN": "G2600170_1860", "NATIVE_POP": 52 }, "geometry": { "type": "Point", "coordinates": [ -83.952025479815475, 43.887597080721179 ] } },
{ "type": "Feature", "properties": { "DECADE": "1860", "NHGISNAM": "Nicollet", "GISJOIN": "G2701030", "JOIN": "G2701030_1860", "NATIVE_POP": 60 }, "geometry": { "type": "Point", "coordinates": [ -94.247434269261461, 44.349961199305191 ] } },
{ "type": "Feature", "properties": { "DECADE": "1860", "NHGISNAM": "Columbia", "GISJOIN": "G5500210", "JOIN": "G5500210_1860", "NATIVE_POP": 0 }, "geometry": { "type": "Point", "coordinates": [ -89.333767093601082, 43.466528166889105 ] } },
{ "type": "Feature", "properties": { "DECADE": "1860", "NHGISNAM": "Crawford", "GISJOIN": "G2600390", "JOIN": "G2600390_1860", "NATIVE_POP": null }, "geometry": { "type": "Point", "coordinates": [ -84.610272275167702, 44.683628344579667 ] } },
{ "type": "Feature", "properties": { "DECADE": "1860", "NHGISNAM": "Mower", "GISJOIN": "G2700990", "JOIN": "G2700990_1860", "NATIVE_POP": 0 }, "geometry": { "type": "Point", "coordinates": [ -92.752538651194342, 43.671398125981355 ] } },
{ "type": "Feature", "properties": { "DECADE": "1860", "NHGISNAM": "Wood", "GISJOIN": "G5501410", "JOIN": "G5501410_1860", "NATIVE_POP": 0 }, "geometry": { "type": "Point", "coordinates": [ -90.041629295191981, 44.455314327651706 ] } },
{ "type": "Feature", "properties": { "DECADE": "1860", "NHGISNAM": "Missaukee", "GISJOIN": "G2601130", "JOIN": "G2601130_1860", "NATIVE_POP": null }, "geometry": { "type": "Point", "coordinates": [ -85.09466930870849, 44.337306278396248 ] } },
{ "type": "Feature", "properties": { "DECADE": "1860", "NHGISNAM": "Eaton", "GISJOIN": "G2600450", "JOIN": "G2600450_1860", "NATIVE_POP": 6 }, "geometry": { "type": "Point", "coordinates": [ -84.838419418095654, 42.596131142492894 ] } },
{ "type": "Feature", "properties": { "DECADE": "1860", "NHGISNAM": "Chippewa", "GISJOIN": "G5500170", "JOIN": "G5500170_1860", "NATIVE_POP": 11 }, "geometry": { "type": "Point", "coordinates": [ -91.036834630821843, 45.496506607072689 ] } },
{ "type": "Feature", "properties": { "DECADE": "1860", "NHGISNAM": "Sanilac", "GISJOIN": "G2601510", "JOIN": "G2601510_1860", "NATIVE_POP": 0 }, "geometry": { "type": "Point", "coordinates": [ -82.820153366549988, 43.423507723152639 ] } },
{ "type": "Feature", "properties": { "DECADE": "1860", "NHGISNAM": "Livingston", "GISJOIN": "G2600930", "JOIN": "G2600930_1860", "NATIVE_POP": 0 }, "geometry": { "type": "Point", "coordinates": [ -83.911533665722359, 42.602975479840325 ] } },
{ "type": "Feature", "properties": { "DECADE": "1860", "NHGISNAM": "Scott", "GISJOIN": "G2701390", "JOIN": "G2701390_1860", "NATIVE_POP": 1 }, "geometry": { "type": "Point", "coordinates": [ -93.536906750993495, 44.648933983752585 ] } },
{ "type": "Feature", "properties": { "DECADE": "1860", "NHGISNAM": "Marathon", "GISJOIN": "G5500730", "JOIN": "G5500730_1860", "NATIVE_POP": 39 }, "geometry": { "type": "Point", "coordinates": [ -89.766005905943373, 45.490389666498665 ] } },
{ "type": "Feature", "properties": { "DECADE": "1860", "NHGISNAM": "Pipestone (old)", "GISJOIN": "G2701175", "JOIN": "G2701175_1860", "NATIVE_POP": null }, "geometry": { "type": "Point", "coordinates": [ -96.253143807926634, 43.674712574791393 ] } },
{ "type": "Feature", "properties": { "DECADE": "1860", "NHGISNAM": "Pembina", "GISJOIN": "G2701115", "JOIN": "G2701115_1860", "NATIVE_POP": null }, "geometry": { "type": "Point", "coordinates": [ -95.784768855538459, 48.612433761471642 ] } },
{ "type": "Feature", "properties": { "DECADE": "1860", "NHGISNAM": "Washtenaw", "GISJOIN": "G2601610", "JOIN": "G2601610_1860", "NATIVE_POP": 3 }, "geometry": { "type": "Point", "coordinates": [ -83.838455174438607, 42.253362132104222 ] } },
{ "type": "Feature", "properties": { "DECADE": "1860", "NHGISNAM": "Polk", "GISJOIN": "G2701190", "JOIN": "G2701190_1860", "NATIVE_POP": 94 }, "geometry": { "type": "Point", "coordinates": [ -95.811088937997113, 47.66435323505705 ] } },
{ "type": "Feature", "properties": { "DECADE": "1860", "NHGISNAM": "Manitowoc", "GISJOIN": "G5500710", "JOIN": "G5500710_1860", "NATIVE_POP": 0 }, "geometry": { "type": "Point", "coordinates": [ -87.809616769073486, 44.119965264964748 ] } },
{ "type": "Feature", "properties": { "DECADE": "1860", "NHGISNAM": "Dodge", "GISJOIN": "G2700390", "JOIN": "G2700390_1860", "NATIVE_POP": 0 }, "geometry": { "type": "Point", "coordinates": [ -92.862039979052085, 44.022520556895216 ] } },
{ "type": "Feature", "properties": { "DECADE": "1860", "NHGISNAM": "Houston", "GISJOIN": "G2700550", "JOIN": "G2700550_1860", "NATIVE_POP": 0 }, "geometry": { "type": "Point", "coordinates": [ -91.492854502531756, 43.671423410250824 ] } },
{ "type": "Feature", "properties": { "DECADE": "1860", "NHGISNAM": "St Clair", "GISJOIN": "G2601470", "JOIN": "G2601470_1860", "NATIVE_POP": 0 }, "geometry": { "type": "Point", "coordinates": [ -82.683218327990147, 42.941752576770021 ] } },
{ "type": "Feature", "properties": { "DECADE": "1860", "NHGISNAM": "St Joseph", "GISJOIN": "G2601490", "JOIN": "G2601490_1860", "NATIVE_POP": 0 }, "geometry": { "type": "Point", "coordinates": [ -85.527779962099487, 41.914461596607268 ] } },
{ "type": "Feature", "properties": { "DECADE": "1860", "NHGISNAM": "Rice", "GISJOIN": "G2701310", "JOIN": "G2701310_1860", "NATIVE_POP": 0 }, "geometry": { "type": "Point", "coordinates": [ -93.296576034956118, 44.354099498316032 ] } },
{ "type": "Feature", "properties": { "DECADE": "1860", "NHGISNAM": "Ramsey", "GISJOIN": "G2701230", "JOIN": "G2701230_1860", "NATIVE_POP": 0 }, "geometry": { "type": "Point", "coordinates": [ -93.100014002662661, 45.019387386635238 ] } },
{ "type": "Feature", "properties": { "DECADE": "1860", "NHGISNAM": "Door", "GISJOIN": "G5500290", "JOIN": "G5500290_1860", "NATIVE_POP": 0 }, "geometry": { "type": "Point", "coordinates": [ -87.317242536305955, 44.943701607164691 ] } },
{ "type": "Feature", "properties": { "DECADE": "1860", "NHGISNAM": "Freeborn", "GISJOIN": "G2700470", "JOIN": "G2700470_1860", "NATIVE_POP": 0 }, "geometry": { "type": "Point", "coordinates": [ -93.348874213442699, 43.673821290028258 ] } },
{ "type": "Feature", "properties": { "DECADE": "1860", "NHGISNAM": "Shawano", "GISJOIN": "G5501150", "JOIN": "G5501150_1860", "NATIVE_POP": 3 }, "geometry": { "type": "Point", "coordinates": [ -88.716650017936544, 44.849247819720979 ] } },
{ "type": "Feature", "properties": { "DECADE": "1860", "NHGISNAM": "Winnebago", "GISJOIN": "G5501390", "JOIN": "G5501390_1860", "NATIVE_POP": 18 }, "geometry": { "type": "Point", "coordinates": [ -88.644579052876693, 44.068869811612338 ] } },
{ "type": "Feature", "properties": { "DECADE": "1860", "NHGISNAM": "Racine", "GISJOIN": "G5501010", "JOIN": "G5501010_1860", "NATIVE_POP": 0 }, "geometry": { "type": "Point", "coordinates": [ -88.061260458613631, 42.747466814303962 ] } },
{ "type": "Feature", "properties": { "DECADE": "1860", "NHGISNAM": "Kalkaska", "GISJOIN": "G2600790", "JOIN": "G2600790_1860", "NATIVE_POP": null }, "geometry": { "type": "Point", "coordinates": [ -85.091035263174845, 44.685221047967687 ] } },
{ "type": "Feature", "properties": { "DECADE": "1860", "NHGISNAM": "Lapeer", "GISJOIN": "G2600870", "JOIN": "G2600870_1860", "NATIVE_POP": 17 }, "geometry": { "type": "Point", "coordinates": [ -83.221815319525277, 43.090064504594409 ] } },
{ "type": "Feature", "properties": { "DECADE": "1860", "NHGISNAM": "Roscommon", "GISJOIN": "G2601430", "JOIN": "G2601430_1860", "NATIVE_POP": null }, "geometry": { "type": "Point", "coordinates": [ -84.611642328934053, 44.335607344169993 ] } },
{ "type": "Feature", "properties": { "DECADE": "1860", "NHGISNAM": "Morrison", "GISJOIN": "G2700970", "JOIN": "G2700970_1860", "NATIVE_POP": 30 }, "geometry": { "type": "Point", "coordinates": [ -94.075217935474456, 45.986114888715022 ] } },
{ "type": "Feature", "properties": { "DECADE": "1860", "NHGISNAM": "Emmet", "GISJOIN": "G2600470", "JOIN": "G2600470_1860", "NATIVE_POP": 1026 }, "geometry": { "type": "Point", "coordinates": [ -84.951708709328372, 45.436227306754937 ] } },
{ "type": "Feature", "properties": { "DECADE": "1860", "NHGISNAM": "St Croix", "GISJOIN": "G5501090", "JOIN": "G5501090_1860", "NATIVE_POP": 2 }, "geometry": { "type": "Point", "coordinates": [ -92.45279904278506, 45.034018267860183 ] } },
{ "type": "Feature", "properties": { "DECADE": "1860", "NHGISNAM": "Marquette", "GISJOIN": "G2601030", "JOIN": "G2601030_1860", "NATIVE_POP": 27 }, "geometry": { "type": "Point", "coordinates": [ -88.126087731363313, 46.331254340036516 ] } },
{ "type": "Feature", "properties": { "DECADE": "1860", "NHGISNAM": "Richland", "GISJOIN": "G5501030", "JOIN": "G5501030_1860", "NATIVE_POP": 0 }, "geometry": { "type": "Point", "coordinates": [ -90.429481412929491, 43.375614016386223 ] } },
{ "type": "Feature", "properties": { "DECADE": "1860", "NHGISNAM": "Ozaukee", "GISJOIN": "G5500890", "JOIN": "G5500890_1860", "NATIVE_POP": 0 }, "geometry": { "type": "Point", "coordinates": [ -87.951502296465236, 43.383830744471403 ] } },
{ "type": "Feature", "properties": { "DECADE": "1860", "NHGISNAM": "Montcalm", "GISJOIN": "G2601170", "JOIN": "G2601170_1860", "NATIVE_POP": 0 }, "geometry": { "type": "Point", "coordinates": [ -85.152423802872121, 43.31101966968221 ] } },
{ "type": "Feature", "properties": { "DECADE": "1860", "NHGISNAM": "Carlton", "GISJOIN": "G2700170", "JOIN": "G2700170_1860", "NATIVE_POP": 0 }, "geometry": { "type": "Point", "coordinates": [ -92.677070760004213, 46.592427352292837 ] } },
{ "type": "Feature", "properties": { "DECADE": "1860", "NHGISNAM": "Winona", "GISJOIN": "G2701690", "JOIN": "G2701690_1860", "NATIVE_POP": 0 }, "geometry": { "type": "Point", "coordinates": [ -91.779140199185818, 43.986857172687003 ] } },
{ "type": "Feature", "properties": { "DECADE": "1860", "NHGISNAM": "Portage", "GISJOIN": "G5500970", "JOIN": "G5500970_1860", "NATIVE_POP": 4 }, "geometry": { "type": "Point", "coordinates": [ -89.501471664039144, 44.476035731174669 ] } },
{ "type": "Feature", "properties": { "DECADE": "1860", "NHGISNAM": "Ingham", "GISJOIN": "G2600650", "JOIN": "G2600650_1860", "NATIVE_POP": 0 }, "geometry": { "type": "Point", "coordinates": [ -84.373593202676233, 42.597089597591626 ] } },
{ "type": "Feature", "properties": { "DECADE": "1860", "NHGISNAM": "Waushara", "GISJOIN": "G5501370", "JOIN": "G5501370_1860", "NATIVE_POP": 0 }, "geometry": { "type": "Point", "coordinates": [ -89.24294189153386, 44.113126962786282 ] } },
{ "type": "Feature", "properties": { "DECADE": "1860", "NHGISNAM": "Clark", "GISJOIN": "G5500190", "JOIN": "G5500190_1860", "NATIVE_POP": 0 }, "geometry": { "type": "Point", "coordinates": [ -90.6083359186526, 44.831347647293001 ] } },
{ "type": "Feature", "properties": { "DECADE": "1860", "NHGISNAM": "Waupaca", "GISJOIN": "G5501350", "JOIN": "G5501350_1860", "NATIVE_POP": 0 }, "geometry": { "type": "Point", "coordinates": [ -88.96481389079301, 44.470386852452293 ] } },
{ "type": "Feature", "properties": { "DECADE": "1860", "NHGISNAM": "Martin", "GISJOIN": "G2700910", "JOIN": "G2700910_1860", "NATIVE_POP": 0 }, "geometry": { "type": "Point", "coordinates": [ -94.551055879667047, 43.6742115665254 ] } },
{ "type": "Feature", "properties": { "DECADE": "1860", "NHGISNAM": "Carver", "GISJOIN": "G2700190", "JOIN": "G2700190_1860", "NATIVE_POP": 0 }, "geometry": { "type": "Point", "coordinates": [ -93.802548552745762, 44.820794707203277 ] } },
{ "type": "Feature", "properties": { "DECADE": "1860", "NHGISNAM": "Green Lake", "GISJOIN": "G5500470", "JOIN": "G5500470_1860", "NATIVE_POP": 0 }, "geometry": { "type": "Point", "coordinates": [ -89.044994814916407, 43.80026961762313 ] } },
{ "type": "Feature", "properties": { "DECADE": "1860", "NHGISNAM": "Grand Traverse", "GISJOIN": "G2600550", "JOIN": "G2600550_1860", "NATIVE_POP": 43 }, "geometry": { "type": "Point", "coordinates": [ -85.558212348664767, 44.67058449270224 ] } },
{ "type": "Feature", "properties": { "DECADE": "1860", "NHGISNAM": "Waukesha", "GISJOIN": "G5501330", "JOIN": "G5501330_1860", "NATIVE_POP": 0 }, "geometry": { "type": "Point", "coordinates": [ -88.304544490451974, 43.018123455079866 ] } },
{ "type": "Feature", "properties": { "DECADE": "1860", "NHGISNAM": "Wexford", "GISJOIN": "G2601650", "JOIN": "G2601650_1860", "NATIVE_POP": null }, "geometry": { "type": "Point", "coordinates": [ -85.578488033400603, 44.338369198030605 ] } },
{ "type": "Feature", "properties": { "DECADE": "1860", "NHGISNAM": "Olmsted", "GISJOIN": "G2701090", "JOIN": "G2701090_1860", "NATIVE_POP": 0 }, "geometry": { "type": "Point", "coordinates": [ -92.401771959245153, 44.003626106920194 ] } },
{ "type": "Feature", "properties": { "DECADE": "1860", "NHGISNAM": "Goodhue", "GISJOIN": "G2700490", "JOIN": "G2700490_1860", "NATIVE_POP": 0 }, "geometry": { "type": "Point", "coordinates": [ -92.722473101078975, 44.409855326924792 ] } },
{ "type": "Feature", "properties": { "DECADE": "1860", "NHGISNAM": "Douglas", "GISJOIN": "G5500310", "JOIN": "G5500310_1860", "NATIVE_POP": 0 }, "geometry": { "type": "Point", "coordinates": [ -91.88086487958283, 46.410970655608907 ] } },
{ "type": "Feature", "properties": { "DECADE": "1860", "NHGISNAM": "Oconto", "GISJOIN": "G5500830", "JOIN": "G5500830_1860", "NATIVE_POP": 28 }, "geometry": { "type": "Point", "coordinates": [ -88.468064884104507, 45.436788034073302 ] } },
{ "type": "Feature", "properties": { "DECADE": "1860", "NHGISNAM": "Saginaw", "GISJOIN": "G2601450", "JOIN": "G2601450_1860", "NATIVE_POP": 98 }, "geometry": { "type": "Point", "coordinates": [ -84.044764969674731, 43.344164888740416 ] } },
{ "type": "Feature", "properties": { "DECADE": "1860", "NHGISNAM": "Ontonagon", "GISJOIN": "G2601310", "JOIN": "G2601310_1860", "NATIVE_POP": 0 }, "geometry": { "type": "Point", "coordinates": [ -89.449420966236332, 46.569029837795057 ] } },
{ "type": "Feature", "properties": { "DECADE": "1860", "NHGISNAM": "Presque Isle", "GISJOIN": "G2601410", "JOIN": "G2601410_1860", "NATIVE_POP": 0 }, "geometry": { "type": "Point", "coordinates": [ -83.906110811804282, 45.330363818931438 ] } },
{ "type": "Feature", "properties": { "DECADE": "1860", "NHGISNAM": "Monroe", "GISJOIN": "G5500810", "JOIN": "G5500810_1860", "NATIVE_POP": 0 }, "geometry": { "type": "Point", "coordinates": [ -90.612478871076419, 43.943049095648725 ] } },
{ "type": "Feature", "properties": { "DECADE": "1860", "NHGISNAM": "Wayne", "GISJOIN": "G2601630", "JOIN": "G2601630_1860", "NATIVE_POP": 2 }, "geometry": { "type": "Point", "coordinates": [ -83.286588709431172, 42.284005259180475 ] } },
{ "type": "Feature", "properties": { "DECADE": "1860", "NHGISNAM": "Mille Lacs", "GISJOIN": "G2700950", "JOIN": "G2700950_1860", "NATIVE_POP": 1 }, "geometry": { "type": "Point", "coordinates": [ -93.617813214350448, 46.002057113547181 ] } },
{ "type": "Feature", "properties": { "DECADE": "1860", "NHGISNAM": "Ottawa", "GISJOIN": "G2601390", "JOIN": "G2601390_1860", "NATIVE_POP": 5 }, "geometry": { "type": "Point", "coordinates": [ -85.996038849730851, 42.959904189129759 ] } },
{ "type": "Feature", "properties": { "DECADE": "1860", "NHGISNAM": "Lafayette", "GISJOIN": "G5500650", "JOIN": "G5500650_1860", "NATIVE_POP": 0 }, "geometry": { "type": "Point", "coordinates": [ -90.13172375771866, 42.660484536760542 ] } },
{ "type": "Feature", "properties": { "DECADE": "1860", "NHGISNAM": "Mcleod", "GISJOIN": "G2700850", "JOIN": "G2700850_1860", "NATIVE_POP": 0 }, "geometry": { "type": "Point", "coordinates": [ -94.272407073377863, 44.823531444116554 ] } },
{ "type": "Feature", "properties": { "DECADE": "1860", "NHGISNAM": "Polk", "GISJOIN": "G5500950", "JOIN": "G5500950_1860", "NATIVE_POP": 11 }, "geometry": { "type": "Point", "coordinates": [ -92.531760830012459, 45.486655524562096 ] } },
{ "type": "Feature", "properties": { "DECADE": "1860", "NHGISNAM": "Burnett", "GISJOIN": "G5500130", "JOIN": "G5500130_1860", "NATIVE_POP": 0 }, "geometry": { "type": "Point", "coordinates": [ -92.187074432829078, 45.932753505198818 ] } },
{ "type": "Feature", "properties": { "DECADE": "1860", "NHGISNAM": "Crow Wing", "GISJOIN": "G2700350", "JOIN": "G2700350_1860", "NATIVE_POP": 80 }, "geometry": { "type": "Point", "coordinates": [ -94.033796857901848, 46.324741681864488 ] } },
{ "type": "Feature", "properties": { "DECADE": "1860", "NHGISNAM": "Hillsdale", "GISJOIN": "G2600590", "JOIN": "G2600590_1860", "NATIVE_POP": 0 }, "geometry": { "type": "Point", "coordinates": [ -84.592966644161166, 41.887784992705882 ] } },
{ "type": "Feature", "properties": { "DECADE": "1860", "NHGISNAM": "Chippewa", "GISJOIN": "G2600330", "JOIN": "G2600330_1860", "NATIVE_POP": 244 }, "geometry": { "type": "Point", "coordinates": [ -84.898323734941826, 46.37129755783927 ] } },
{ "type": "Feature", "properties": { "DECADE": "1860", "NHGISNAM": "Midland", "GISJOIN": "G2601110", "JOIN": "G2601110_1860", "NATIVE_POP": 0 }, "geometry": { "type": "Point", "coordinates": [ -84.387928148889017, 43.646763492647104 ] } },
{ "type": "Feature", "properties": { "DECADE": "1870", "NHGISNAM": "Adams", "GISJOIN": "G5500010", "JOIN": "G5500010_1870", "NATIVE_POP": 1 }, "geometry": { "type": "Point", "coordinates": [ -89.77063651438749, 43.969625711543962 ] } },
{ "type": "Feature", "properties": { "DECADE": "1870", "NHGISNAM": "Aitkin", "GISJOIN": "G2700010", "JOIN": "G2700010_1870", "NATIVE_POP": 160 }, "geometry": { "type": "Point", "coordinates": [ -93.406067979861945, 46.392316506527706 ] } },
{ "type": "Feature", "properties": { "DECADE": "1870", "NHGISNAM": "Alcona", "GISJOIN": "G2600010", "JOIN": "G2600010_1870", "NATIVE_POP": 0 }, "geometry": { "type": "Point", "coordinates": [ -83.593755383651583, 44.685414496148688 ] } },
{ "type": "Feature", "properties": { "DECADE": "1870", "NHGISNAM": "Allegan", "GISJOIN": "G2600050", "JOIN": "G2600050_1870", "NATIVE_POP": 92 }, "geometry": { "type": "Point", "coordinates": [ -85.888413035318464, 42.591288541854304 ] } },
{ "type": "Feature", "properties": { "DECADE": "1870", "NHGISNAM": "Alpena", "GISJOIN": "G2600070", "JOIN": "G2600070_1870", "NATIVE_POP": 0 }, "geometry": { "type": "Point", "coordinates": [ -83.627672253803894, 45.034809219267331 ] } },
{ "type": "Feature", "properties": { "DECADE": "1870", "NHGISNAM": "Anoka", "GISJOIN": "G2700030", "JOIN": "G2700030_1870", "NATIVE_POP": 0 }, "geometry": { "type": "Point", "coordinates": [ -93.246452745039747, 45.27323408201174 ] } },
{ "type": "Feature", "properties": { "DECADE": "1870", "NHGISNAM": "Antrim", "GISJOIN": "G2600090", "JOIN": "G2600090_1870", "NATIVE_POP": 64 }, "geometry": { "type": "Point", "coordinates": [ -85.13954054895575, 44.999714718225299 ] } },
{ "type": "Feature", "properties": { "DECADE": "1870", "NHGISNAM": "Ashland", "GISJOIN": "G5500030", "JOIN": "G5500030_1870", "NATIVE_POP": 0 }, "geometry": { "type": "Point", "coordinates": [ -90.750983105786574, 46.273983331114742 ] } },
{ "type": "Feature", "properties": { "DECADE": "1870", "NHGISNAM": "Barron", "GISJOIN": "G5500050", "JOIN": "G5500050_1870", "NATIVE_POP": 4 }, "geometry": { "type": "Point", "coordinates": [ -91.848309433665435, 45.423723224602071 ] } },
{ "type": "Feature", "properties": { "DECADE": "1870", "NHGISNAM": "Barry", "GISJOIN": "G2600150", "JOIN": "G2600150_1870", "NATIVE_POP": 0 }, "geometry": { "type": "Point", "coordinates": [ -85.308968240337705, 42.595027583108596 ] } },
{ "type": "Feature", "properties": { "DECADE": "1870", "NHGISNAM": "Bay", "GISJOIN": "G2600170", "JOIN": "G2600170_1870", "NATIVE_POP": 83 }, "geometry": { "type": "Point", "coordinates": [ -83.951789059624943, 43.887456836643175 ] } },
{ "type": "Feature", "properties": { "DECADE": "1870", "NHGISNAM": "Bayfield", "GISJOIN": "G5500070", "JOIN": "G5500070_1870", "NATIVE_POP": 2 }, "geometry": { "type": "Point", "coordinates": [ -91.200878387349675, 46.523647103333715 ] } },
{ "type": "Feature", "properties": { "DECADE": "1870", "NHGISNAM": "Becker", "GISJOIN": "G2700050", "JOIN": "G2700050_1870", "NATIVE_POP": 0 }, "geometry": { "type": "Point", "coordinates": [ -95.673925588143987, 46.934649065428552 ] } },
{ "type": "Feature", "properties": { "DECADE": "1870", "NHGISNAM": "Beltrami", "GISJOIN": "G2700070", "JOIN": "G2700070_1870", "NATIVE_POP": 0 }, "geometry": { "type": "Point", "coordinates": [ -95.039214327579685, 47.757932391027545 ] } },
{ "type": "Feature", "properties": { "DECADE": "1870", "NHGISNAM": "Benton", "GISJOIN": "G2700090", "JOIN": "G2700090_1870", "NATIVE_POP": 1 }, "geometry": { "type": "Point", "coordinates": [ -93.9988620763814, 45.699135387592058 ] } },
{ "type": "Feature", "properties": { "DECADE": "1870", "NHGISNAM": "Benzie", "GISJOIN": "G2600190", "JOIN": "G2600190_1870", "NATIVE_POP": 0 }, "geometry": { "type": "Point", "coordinates": [ -86.015521445711585, 44.63870072497636 ] } },
{ "type": "Feature", "properties": { "DECADE": "1870", "NHGISNAM": "Berrien", "GISJOIN": "G2600210", "JOIN": "G2600210_1870", "NATIVE_POP": 1 }, "geometry": { "type": "Point", "coordinates": [ -86.412279294567284, 41.954671724419796 ] } },
{ "type": "Feature", "properties": { "DECADE": "1870", "NHGISNAM": "Big Stone", "GISJOIN": "G2700110", "JOIN": "G2700110_1870", "NATIVE_POP": 0 }, "geometry": { "type": "Point", "coordinates": [ -96.410848338421388, 45.426569267140955 ] } },
{ "type": "Feature", "properties": { "DECADE": "1870", "NHGISNAM": "Blue Earth", "GISJOIN": "G2700130", "JOIN": "G2700130_1870", "NATIVE_POP": 0 }, "geometry": { "type": "Point", "coordinates": [ -94.067034366436687, 44.034588426433785 ] } },
{ "type": "Feature", "properties": { "DECADE": "1870", "NHGISNAM": "Branch", "GISJOIN": "G2600230", "JOIN": "G2600230_1870", "NATIVE_POP": 0 }, "geometry": { "type": "Point", "coordinates": [ -85.059041587716408, 41.916118332804814 ] } },
{ "type": "Feature", "properties": { "DECADE": "1870", "NHGISNAM": "Brown", "GISJOIN": "G2700150", "JOIN": "G2700150_1870", "NATIVE_POP": 0 }, "geometry": { "type": "Point", "coordinates": [ -94.727477762089009, 44.242172491538575 ] } },
{ "type": "Feature", "properties": { "DECADE": "1870", "NHGISNAM": "Brown", "GISJOIN": "G5500090", "JOIN": "G5500090_1870", "NATIVE_POP": 95 }, "geometry": { "type": "Point", "coordinates": [ -88.003317789993972, 44.452104404749036 ] } },
{ "type": "Feature", "properties": { "DECADE": "1870", "NHGISNAM": "Buffalo", "GISJOIN": "G5500110", "JOIN": "G5500110_1870", "NATIVE_POP": 3 }, "geometry": { "type": "Point", "coordinates": [ -91.754469654736496, 44.37983216688157 ] } },
{ "type": "Feature", "properties": { "DECADE": "1870", "NHGISNAM": "Burnett", "GISJOIN": "G5500130", "JOIN": "G5500130_1870", "NATIVE_POP": 11 }, "geometry": { "type": "Point", "coordinates": [ -92.083781577345036, 45.880670355014409 ] } },
{ "type": "Feature", "properties": { "DECADE": "1870", "NHGISNAM": "Calhoun", "GISJOIN": "G2600250", "JOIN": "G2600250_1870", "NATIVE_POP": 55 }, "geometry": { "type": "Point", "coordinates": [ -85.005583897896557, 42.24653934087312 ] } },
{ "type": "Feature", "properties": { "DECADE": "1870", "NHGISNAM": "Calumet", "GISJOIN": "G5500150", "JOIN": "G5500150_1870", "NATIVE_POP": 597 }, "geometry": { "type": "Point", "coordinates": [ -88.218058048068158, 44.081603583981604 ] } },
{ "type": "Feature", "properties": { "DECADE": "1870", "NHGISNAM": "Carlton", "GISJOIN": "G2700170", "JOIN": "G2700170_1870", "NATIVE_POP": 12 }, "geometry": { "type": "Point", "coordinates": [ -92.677051702057597, 46.592402502335794 ] } },
{ "type": "Feature", "properties": { "DECADE": "1870", "NHGISNAM": "Carver", "GISJOIN": "G2700190", "JOIN": "G2700190_1870", "NATIVE_POP": 0 }, "geometry": { "type": "Point", "coordinates": [ -93.802575816627424, 44.820764687547324 ] } },
{ "type": "Feature", "properties": { "DECADE": "1870", "NHGISNAM": "Cass", "GISJOIN": "G2600270", "JOIN": "G2600270_1870", "NATIVE_POP": 53 }, "geometry": { "type": "Point", "coordinates": [ -85.993457939957722, 41.915400188050363 ] } },
{ "type": "Feature", "properties": { "DECADE": "1870", "NHGISNAM": "Cass", "GISJOIN": "G2700210", "JOIN": "G2700210_1870", "NATIVE_POP": 196 }, "geometry": { "type": "Point", "coordinates": [ -94.313450442771, 46.950159632497943 ] } },
{ "type": "Feature", "properties": { "DECADE": "1870", "NHGISNAM": "Charlevoix", "GISJOIN": "G2600290", "JOIN": "G2600290_1870", "NATIVE_POP": 213 }, "geometry": { "type": "Point", "coordinates": [ -85.024170102165513, 45.233961027246281 ] } },
{ "type": "Feature", "properties": { "DECADE": "1870", "NHGISNAM": "Cheboygan", "GISJOIN": "G2600310", "JOIN": "G2600310_1870", "NATIVE_POP": 163 }, "geometry": { "type": "Point", "coordinates": [ -84.499870843218474, 45.446393249567855 ] } },
{ "type": "Feature", "properties": { "DECADE": "1870", "NHGISNAM": "Chippewa", "GISJOIN": "G2600330", "JOIN": "G2600330_1870", "NATIVE_POP": 734 }, "geometry": { "type": "Point", "coordinates": [ -84.898332590637565, 46.371271873003515 ] } },
{ "type": "Feature", "properties": { "DECADE": "1870", "NHGISNAM": "Chippewa", "GISJOIN": "G2700230", "JOIN": "G2700230_1870", "NATIVE_POP": 34 }, "geometry": { "type": "Point", "coordinates": [ -95.498508398650614, 45.139047652849271 ] } },
{ "type": "Feature", "properties": { "DECADE": "1870", "NHGISNAM": "Chippewa", "GISJOIN": "G5500170", "JOIN": "G5500170_1870", "NATIVE_POP": 29 }, "geometry": { "type": "Point", "coordinates": [ -91.004157907415888, 45.478042031305115 ] } },
{ "type": "Feature", "properties": { "DECADE": "1870", "NHGISNAM": "Chisago", "GISJOIN": "G2700250", "JOIN": "G2700250_1870", "NATIVE_POP": 48 }, "geometry": { "type": "Point", "coordinates": [ -92.908338581826243, 45.502465666330856 ] } },
{ "type": "Feature", "properties": { "DECADE": "1870", "NHGISNAM": "Clare", "GISJOIN": "G2600350", "JOIN": "G2600350_1870", "NATIVE_POP": 0 }, "geometry": { "type": "Point", "coordinates": [ -84.847832030671228, 43.987871678612002 ] } },
{ "type": "Feature", "properties": { "DECADE": "1870", "NHGISNAM": "Clark", "GISJOIN": "G5500190", "JOIN": "G5500190_1870", "NATIVE_POP": 4 }, "geometry": { "type": "Point", "coordinates": [ -90.608614078834023, 44.832141728387199 ] } },
{ "type": "Feature", "properties": { "DECADE": "1870", "NHGISNAM": "Clay", "GISJOIN": "G2700270", "JOIN": "G2700270_1870", "NATIVE_POP": null }, "geometry": { "type": "Point", "coordinates": [ -96.490646987324197, 46.892341928023832 ] } },
{ "type": "Feature", "properties": { "DECADE": "1870", "NHGISNAM": "Clinton", "GISJOIN": "G2600370", "JOIN": "G2600370_1870", "NATIVE_POP": 1 }, "geometry": { "type": "Point", "coordinates": [ -84.601516200545603, 42.943651118796481 ] } },
{ "type": "Feature", "properties": { "DECADE": "1870", "NHGISNAM": "Columbia", "GISJOIN": "G5500210", "JOIN": "G5500210_1870", "NATIVE_POP": 3 }, "geometry": { "type": "Point", "coordinates": [ -89.333734371542747, 43.466599922797819 ] } },
{ "type": "Feature", "properties": { "DECADE": "1870", "NHGISNAM": "Cottonwood", "GISJOIN": "G2700330", "JOIN": "G2700330_1870", "NATIVE_POP": 0 }, "geometry": { "type": "Point", "coordinates": [ -95.181152900154842, 44.00710630175459 ] } },
{ "type": "Feature", "properties": { "DECADE": "1870", "NHGISNAM": "Crawford", "GISJOIN": "G2600390", "JOIN": "G2600390_1870", "NATIVE_POP": 0 }, "geometry": { "type": "Point", "coordinates": [ -84.610335654718838, 44.683609842718553 ] } },
{ "type": "Feature", "properties": { "DECADE": "1870", "NHGISNAM": "Crawford", "GISJOIN": "G5500230", "JOIN": "G5500230_1870", "NATIVE_POP": 6 }, "geometry": { "type": "Point", "coordinates": [ -90.93104836696196, 43.239461118998278 ] } },
{ "type": "Feature", "properties": { "DECADE": "1870", "NHGISNAM": "Crow Wing", "GISJOIN": "G2700350", "JOIN": "G2700350_1870", "NATIVE_POP": 1 }, "geometry": { "type": "Point", "coordinates": [ -94.033652674535247, 46.324670459562228 ] } },
{ "type": "Feature", "properties": { "DECADE": "1870", "NHGISNAM": "Dakota", "GISJOIN": "G2700370", "JOIN": "G2700370_1870", "NATIVE_POP": 2 }, "geometry": { "type": "Point", "coordinates": [ -93.065877209049148, 44.673466328233175 ] } },
{ "type": "Feature", "properties": { "DECADE": "1870", "NHGISNAM": "Dane", "GISJOIN": "G5500250", "JOIN": "G5500250_1870", "NATIVE_POP": 0 }, "geometry": { "type": "Point", "coordinates": [ -89.418324010998077, 43.067349644004103 ] } },
{ "type": "Feature", "properties": { "DECADE": "1870", "NHGISNAM": "Delta", "GISJOIN": "G2600410", "JOIN": "G2600410_1870", "NATIVE_POP": 15 }, "geometry": { "type": "Point", "coordinates": [ -86.9245676280335, 45.919654967610228 ] } },
{ "type": "Feature", "properties": { "DECADE": "1870", "NHGISNAM": "Dodge", "GISJOIN": "G2700390", "JOIN": "G2700390_1870", "NATIVE_POP": 0 }, "geometry": { "type": "Point", "coordinates": [ -92.862053289396769, 44.022588553808674 ] } },
{ "type": "Feature", "properties": { "DECADE": "1870", "NHGISNAM": "Dodge", "GISJOIN": "G5500270", "JOIN": "G5500270_1870", "NATIVE_POP": 17 }, "geometry": { "type": "Point", "coordinates": [ -88.70752418388804, 43.416301988058493 ] } },
{ "type": "Feature", "properties": { "DECADE": "1870", "NHGISNAM": "Door", "GISJOIN": "G5500290", "JOIN": "G5500290_1870", "NATIVE_POP": 0 }, "geometry": { "type": "Point", "coordinates": [ -87.316998528133126, 44.943784297471886 ] } },
{ "type": "Feature", "properties": { "DECADE": "1870", "NHGISNAM": "Douglas", "GISJOIN": "G2700410", "JOIN": "G2700410_1870", "NATIVE_POP": 9 }, "geometry": { "type": "Point", "coordinates": [ -95.453518303478532, 45.933723103704395 ] } },
{ "type": "Feature", "properties": { "DECADE": "1870", "NHGISNAM": "Douglas", "GISJOIN": "G5500310", "JOIN": "G5500310_1870", "NATIVE_POP": 4 }, "geometry": { "type": "Point", "coordinates": [ -91.914826046298586, 46.431034539692561 ] } },
{ "type": "Feature", "properties": { "DECADE": "1870", "NHGISNAM": "Dunn", "GISJOIN": "G5500330", "JOIN": "G5500330_1870", "NATIVE_POP": 1 }, "geometry": { "type": "Point", "coordinates": [ -91.896414047885742, 44.946588171771474 ] } },
{ "type": "Feature", "properties": { "DECADE": "1870", "NHGISNAM": "Eaton", "GISJOIN": "G2600450", "JOIN": "G2600450_1870", "NATIVE_POP": 0 }, "geometry": { "type": "Point", "coordinates": [ -84.838314733144202, 42.596070000972681 ] } },
{ "type": "Feature", "properties": { "DECADE": "1870", "NHGISNAM": "Eau Claire", "GISJOIN": "G5500350", "JOIN": "G5500350_1870", "NATIVE_POP": 0 }, "geometry": { "type": "Point", "coordinates": [ -91.285997728642343, 44.726769879767048 ] } },
{ "type": "Feature", "properties": { "DECADE": "1870", "NHGISNAM": "Emmet", "GISJOIN": "G2600470", "JOIN": "G2600470_1870", "NATIVE_POP": 1100 }, "geometry": { "type": "Point", "coordinates": [ -84.890866240579783, 45.542259801597432 ] } },
{ "type": "Feature", "properties": { "DECADE": "1870", "NHGISNAM": "Faribault", "GISJOIN": "G2700430", "JOIN": "G2700430_1870", "NATIVE_POP": 0 }, "geometry": { "type": "Point", "coordinates": [ -93.94799814233032, 43.673929010021688 ] } },
{ "type": "Feature", "properties": { "DECADE": "1870", "NHGISNAM": "Fillmore", "GISJOIN": "G2700450", "JOIN": "G2700450_1870", "NATIVE_POP": 0 }, "geometry": { "type": "Point", "coordinates": [ -92.090167308549269, 43.673997210397744 ] } },
{ "type": "Feature", "properties": { "DECADE": "1870", "NHGISNAM": "Fond Du Lac", "GISJOIN": "G5500390", "JOIN": "G5500390_1870", "NATIVE_POP": 17 }, "geometry": { "type": "Point", "coordinates": [ -88.488259553277658, 43.753590247599334 ] } },
{ "type": "Feature", "properties": { "DECADE": "1870", "NHGISNAM": "Freeborn", "GISJOIN": "G2700470", "JOIN": "G2700470_1870", "NATIVE_POP": 0 }, "geometry": { "type": "Point", "coordinates": [ -93.348815685966485, 43.673844097339909 ] } },
{ "type": "Feature", "properties": { "DECADE": "1870", "NHGISNAM": "Genesee", "GISJOIN": "G2600490", "JOIN": "G2600490_1870", "NATIVE_POP": 17 }, "geometry": { "type": "Point", "coordinates": [ -83.706711027968851, 43.021723562934042 ] } },
{ "type": "Feature", "properties": { "DECADE": "1870", "NHGISNAM": "Gladwin", "GISJOIN": "G2600510", "JOIN": "G2600510_1870", "NATIVE_POP": 0 }, "geometry": { "type": "Point", "coordinates": [ -84.388245789074546, 43.990673080436977 ] } },
{ "type": "Feature", "properties": { "DECADE": "1870", "NHGISNAM": "Goodhue", "GISJOIN": "G2700490", "JOIN": "G2700490_1870", "NATIVE_POP": 0 }, "geometry": { "type": "Point", "coordinates": [ -92.722589996139064, 44.409850230246477 ] } },
{ "type": "Feature", "properties": { "DECADE": "1870", "NHGISNAM": "Grand Traverse", "GISJOIN": "G2600550", "JOIN": "G2600550_1870", "NATIVE_POP": 5 }, "geometry": { "type": "Point", "coordinates": [ -85.56049838940578, 44.668666887645358 ] } },
{ "type": "Feature", "properties": { "DECADE": "1870", "NHGISNAM": "Grant", "GISJOIN": "G2700510", "JOIN": "G2700510_1870", "NATIVE_POP": 19 }, "geometry": { "type": "Point", "coordinates": [ -96.012181437184779, 45.934046542171636 ] } },
{ "type": "Feature", "properties": { "DECADE": "1870", "NHGISNAM": "Grant", "GISJOIN": "G5500430", "JOIN": "G5500430_1870", "NATIVE_POP": 0 }, "geometry": { "type": "Point", "coordinates": [ -90.706227635314008, 42.8674742159521 ] } },
{ "type": "Feature", "properties": { "DECADE": "1870", "NHGISNAM": "Gratiot", "GISJOIN": "G2600570", "JOIN": "G2600570_1870", "NATIVE_POP": 6 }, "geometry": { "type": "Point", "coordinates": [ -84.604911617265273, 43.292733086978259 ] } },
{ "type": "Feature", "properties": { "DECADE": "1870", "NHGISNAM": "Green", "GISJOIN": "G5500450", "JOIN": "G5500450_1870", "NATIVE_POP": 0 }, "geometry": { "type": "Point", "coordinates": [ -89.602214510935923, 42.679988344534301 ] } },
{ "type": "Feature", "properties": { "DECADE": "1870", "NHGISNAM": "Green Lake", "GISJOIN": "G5500470", "JOIN": "G5500470_1870", "NATIVE_POP": 3 }, "geometry": { "type": "Point", "coordinates": [ -89.044946919283888, 43.800358639174576 ] } },
{ "type": "Feature", "properties": { "DECADE": "1870", "NHGISNAM": "Hennepin", "GISJOIN": "G2700530", "JOIN": "G2700530_1870", "NATIVE_POP": 47 }, "geometry": { "type": "Point", "coordinates": [ -93.476864272497238, 45.004540015464066 ] } },
{ "type": "Feature", "properties": { "DECADE": "1870", "NHGISNAM": "Hillsdale", "GISJOIN": "G2600590", "JOIN": "G2600590_1870", "NATIVE_POP": 0 }, "geometry": { "type": "Point", "coordinates": [ -84.592928022714332, 41.887767279671756 ] } },
{ "type": "Feature", "properties": { "DECADE": "1870", "NHGISNAM": "Houghton", "GISJOIN": "G2600610", "JOIN": "G2600610_1870", "NATIVE_POP": 73 }, "geometry": { "type": "Point", "coordinates": [ -88.53699764932027, 46.787811602121771 ] } },
{ "type": "Feature", "properties": { "DECADE": "1870", "NHGISNAM": "Houston", "GISJOIN": "G2700550", "JOIN": "G2700550_1870", "NATIVE_POP": 0 }, "geometry": { "type": "Point", "coordinates": [ -91.492832629465127, 43.671444196142424 ] } },
{ "type": "Feature", "properties": { "DECADE": "1870", "NHGISNAM": "Huron", "GISJOIN": "G2600630", "JOIN": "G2600630_1870", "NATIVE_POP": 57 }, "geometry": { "type": "Point", "coordinates": [ -83.019480864735783, 43.833294892896703 ] } },
{ "type": "Feature", "properties": { "DECADE": "1870", "NHGISNAM": "Ingham", "GISJOIN": "G2600650", "JOIN": "G2600650_1870", "NATIVE_POP": 0 }, "geometry": { "type": "Point", "coordinates": [ -84.373537294348935, 42.597098805667194 ] } },
{ "type": "Feature", "properties": { "DECADE": "1870", "NHGISNAM": "Ionia", "GISJOIN": "G2600670", "JOIN": "G2600670_1870", "NATIVE_POP": 0 }, "geometry": { "type": "Point", "coordinates": [ -85.074601615701084, 42.945094187469458 ] } },
{ "type": "Feature", "properties": { "DECADE": "1870", "NHGISNAM": "Iosco", "GISJOIN": "G2600690", "JOIN": "G2600690_1870", "NATIVE_POP": 5 }, "geometry": { "type": "Point", "coordinates": [ -83.635937196341033, 44.355801853265518 ] } },
{ "type": "Feature", "properties": { "DECADE": "1870", "NHGISNAM": "Iowa", "GISJOIN": "G5500490", "JOIN": "G5500490_1870", "NATIVE_POP": 0 }, "geometry": { "type": "Point", "coordinates": [ -90.135433164196215, 43.000476971496887 ] } },
{ "type": "Feature", "properties": { "DECADE": "1870", "NHGISNAM": "Isabella", "GISJOIN": "G2600730", "JOIN": "G2600730_1870", "NATIVE_POP": 0 }, "geometry": { "type": "Point", "coordinates": [ -84.846802217106159, 43.640596722687498 ] } },
{ "type": "Feature", "properties": { "DECADE": "1870", "NHGISNAM": "Isanti", "GISJOIN": "G2700590", "JOIN": "G2700590_1870", "NATIVE_POP": 0 }, "geometry": { "type": "Point", "coordinates": [ -93.295178806019038, 45.561485726273418 ] } },
{ "type": "Feature", "properties": { "DECADE": "1870", "NHGISNAM": "Itasca", "GISJOIN": "G2700610", "JOIN": "G2700610_1870", "NATIVE_POP": 18 }, "geometry": { "type": "Point", "coordinates": [ -93.680937238468516, 47.837552394586332 ] } },
{ "type": "Feature", "properties": { "DECADE": "1870", "NHGISNAM": "Jackson", "GISJOIN": "G2600750", "JOIN": "G2600750_1870", "NATIVE_POP": 4 }, "geometry": { "type": "Point", "coordinates": [ -84.423437332694093, 42.248487316822008 ] } },
{ "type": "Feature", "properties": { "DECADE": "1870", "NHGISNAM": "Jackson", "GISJOIN": "G2700630", "JOIN": "G2700630_1870", "NATIVE_POP": 0 }, "geometry": { "type": "Point", "coordinates": [ -95.154112867149578, 43.674171807790145 ] } },
{ "type": "Feature", "properties": { "DECADE": "1870", "NHGISNAM": "Jackson", "GISJOIN": "G5500530", "JOIN": "G5500530_1870", "NATIVE_POP": 0 }, "geometry": { "type": "Point", "coordinates": [ -90.743683211038871, 44.316661786239109 ] } },
{ "type": "Feature", "properties": { "DECADE": "1870", "NHGISNAM": "Jefferson", "GISJOIN": "G5500550", "JOIN": "G5500550_1870", "NATIVE_POP": 4 }, "geometry": { "type": "Point", "coordinates": [ -88.775873161485961, 43.020822009432884 ] } },
{ "type": "Feature", "properties": { "DECADE": "1870", "NHGISNAM": "Juneau", "GISJOIN": "G5500570", "JOIN": "G5500570_1870", "NATIVE_POP": 9 }, "geometry": { "type": "Point", "coordinates": [ -90.114017928101887, 43.924441111632781 ] } },
{ "type": "Feature", "properties": { "DECADE": "1870", "NHGISNAM": "Kalamazoo", "GISJOIN": "G2600770", "JOIN": "G2600770_1870", "NATIVE_POP": 1 }, "geometry": { "type": "Point", "coordinates": [ -85.531183515696355, 42.245453291892311 ] } },
{ "type": "Feature", "properties": { "DECADE": "1870", "NHGISNAM": "Kalkaska", "GISJOIN": "G2600790", "JOIN": "G2600790_1870", "NATIVE_POP": 1 }, "geometry": { "type": "Point", "coordinates": [ -85.091118588757851, 44.685254902361464 ] } },
{ "type": "Feature", "properties": { "DECADE": "1870", "NHGISNAM": "Kanabec", "GISJOIN": "G2700650", "JOIN": "G2700650_1870", "NATIVE_POP": 0 }, "geometry": { "type": "Point", "coordinates": [ -93.293423587908151, 45.945218455365698 ] } },
{ "type": "Feature", "properties": { "DECADE": "1870", "NHGISNAM": "Kandiyohi", "GISJOIN": "G2700670", "JOIN": "G2700670_1870", "NATIVE_POP": 0 }, "geometry": { "type": "Point", "coordinates": [ -95.002661889068619, 45.022497905637472 ] } },
{ "type": "Feature", "properties": { "DECADE": "1870", "NHGISNAM": "Kenosha", "GISJOIN": "G5500590", "JOIN": "G5500590_1870", "NATIVE_POP": 0 }, "geometry": { "type": "Point", "coordinates": [ -88.042711476798559, 42.576798853408931 ] } },
{ "type": "Feature", "properties": { "DECADE": "1870", "NHGISNAM": "Kent", "GISJOIN": "G2600810", "JOIN": "G2600810_1870", "NATIVE_POP": 9 }, "geometry": { "type": "Point", "coordinates": [ -85.549295929343486, 43.032155644630372 ] } },
{ "type": "Feature", "properties": { "DECADE": "1870", "NHGISNAM": "Kewaunee", "GISJOIN": "G5500610", "JOIN": "G5500610_1870", "NATIVE_POP": 1 }, "geometry": { "type": "Point", "coordinates": [ -87.615291567750774, 44.516112043380943 ] } },
{ "type": "Feature", "properties": { "DECADE": "1870", "NHGISNAM": "Keweenaw", "GISJOIN": "G2600830", "JOIN": "G2600830_1870", "NATIVE_POP": 3 }, "geometry": { "type": "Point", "coordinates": [ -88.426582579584093, 47.608386449827805 ] } },
{ "type": "Feature", "properties": { "DECADE": "1870", "NHGISNAM": "La Crosse", "GISJOIN": "G5500630", "JOIN": "G5500630_1870", "NATIVE_POP": 0 }, "geometry": { "type": "Point", "coordinates": [ -91.115201544550601, 43.906532178637114 ] } },
{ "type": "Feature", "properties": { "DECADE": "1870", "NHGISNAM": "Lac Qui Parle (old)", "GISJOIN": "G2700735", "JOIN": "G2700735_1870", "NATIVE_POP": null }, "geometry": { "type": "Point", "coordinates": [ -95.905503728659326, 45.230316268009638 ] } },
{ "type": "Feature", "properties": { "DECADE": "1870", "NHGISNAM": "Lafayette", "GISJOIN": "G5500650", "JOIN": "G5500650_1870", "NATIVE_POP": 0 }, "geometry": { "type": "Point", "coordinates": [ -90.131721976474836, 42.660499382908796 ] } },
{ "type": "Feature", "properties": { "DECADE": "1870", "NHGISNAM": "Lake", "GISJOIN": "G2600850", "JOIN": "G2600850_1870", "NATIVE_POP": 0 }, "geometry": { "type": "Point", "coordinates": [ -85.801692461559014, 43.990011929047029 ] } },
{ "type": "Feature", "properties": { "DECADE": "1870", "NHGISNAM": "Lake", "GISJOIN": "G2700750", "JOIN": "G2700750_1870", "NATIVE_POP": 1 }, "geometry": { "type": "Point", "coordinates": [ -91.059823252174255, 47.75139726550983 ] } },
{ "type": "Feature", "properties": { "DECADE": "1870", "NHGISNAM": "Lapeer", "GISJOIN": "G2600870", "JOIN": "G2600870_1870", "NATIVE_POP": 0 }, "geometry": { "type": "Point", "coordinates": [ -83.221783901719746, 43.090147290745001 ] } },
{ "type": "Feature", "properties": { "DECADE": "1870", "NHGISNAM": "Le Sueur", "GISJOIN": "G2700790", "JOIN": "G2700790_1870", "NATIVE_POP": 12 }, "geometry": { "type": "Point", "coordinates": [ -93.73008373170029, 44.371435448234074 ] } },
{ "type": "Feature", "properties": { "DECADE": "1870", "NHGISNAM": "Leelanau", "GISJOIN": "G2600890", "JOIN": "G2600890_1870", "NATIVE_POP": 512 }, "geometry": { "type": "Point", "coordinates": [ -85.811973257656049, 44.938367327804947 ] } },
{ "type": "Feature", "properties": { "DECADE": "1870", "NHGISNAM": "Lenawee", "GISJOIN": "G2600910", "JOIN": "G2600910_1870", "NATIVE_POP": 2 }, "geometry": { "type": "Point", "coordinates": [ -84.066364810628997, 41.895082455562466 ] } },
{ "type": "Feature", "properties": { "DECADE": "1870", "NHGISNAM": "Livingston", "GISJOIN": "G2600930", "JOIN": "G2600930_1870", "NATIVE_POP": 0 }, "geometry": { "type": "Point", "coordinates": [ -83.911528216594277, 42.602915863117829 ] } },
{ "type": "Feature", "properties": { "DECADE": "1870", "NHGISNAM": "Mackinac", "GISJOIN": "G2600970", "JOIN": "G2600970_1870", "NATIVE_POP": 285 }, "geometry": { "type": "Point", "coordinates": [ -85.161023178610165, 46.111549088517528 ] } },
{ "type": "Feature", "properties": { "DECADE": "1870", "NHGISNAM": "Macomb", "GISJOIN": "G2600990", "JOIN": "G2600990_1870", "NATIVE_POP": 0 }, "geometry": { "type": "Point", "coordinates": [ -82.9323170650338, 42.695765557454543 ] } },
{ "type": "Feature", "properties": { "DECADE": "1870", "NHGISNAM": "Manistee", "GISJOIN": "G2601010", "JOIN": "G2601010_1870", "NATIVE_POP": 0 }, "geometry": { "type": "Point", "coordinates": [ -86.056633518748228, 44.332940083830294 ] } },
{ "type": "Feature", "properties": { "DECADE": "1870", "NHGISNAM": "Manitou", "GISJOIN": "G2601015", "JOIN": "G2601015_1870", "NATIVE_POP": 0 }, "geometry": { "type": "Point", "coordinates": [ -85.548083370408904, 45.682655417819781 ] } },
{ "type": "Feature", "properties": { "DECADE": "1870", "NHGISNAM": "Manitowoc", "GISJOIN": "G5500710", "JOIN": "G5500710_1870", "NATIVE_POP": 7 }, "geometry": { "type": "Point", "coordinates": [ -87.809648012808708, 44.119941856155044 ] } },
{ "type": "Feature", "properties": { "DECADE": "1870", "NHGISNAM": "Marathon", "GISJOIN": "G5500730", "JOIN": "G5500730_1870", "NATIVE_POP": 15 }, "geometry": { "type": "Point", "coordinates": [ -89.766059091541592, 45.490320323321846 ] } },
{ "type": "Feature", "properties": { "DECADE": "1870", "NHGISNAM": "Marquette", "GISJOIN": "G2601030", "JOIN": "G2601030_1870", "NATIVE_POP": 72 }, "geometry": { "type": "Point", "coordinates": [ -88.006427079761536, 46.318347339964056 ] } },
{ "type": "Feature", "properties": { "DECADE": "1870", "NHGISNAM": "Marquette", "GISJOIN": "G5500770", "JOIN": "G5500770_1870", "NATIVE_POP": 1 }, "geometry": { "type": "Point", "coordinates": [ -89.398811928377469, 43.819605856794666 ] } },
{ "type": "Feature", "properties": { "DECADE": "1870", "NHGISNAM": "Martin", "GISJOIN": "G2700910", "JOIN": "G2700910_1870", "NATIVE_POP": 0 }, "geometry": { "type": "Point", "coordinates": [ -94.551069636657857, 43.674362583372002 ] } },
{ "type": "Feature", "properties": { "DECADE": "1870", "NHGISNAM": "Mason", "GISJOIN": "G2601050", "JOIN": "G2601050_1870", "NATIVE_POP": 230 }, "geometry": { "type": "Point", "coordinates": [ -86.249974951263525, 43.995264790430511 ] } },
{ "type": "Feature", "properties": { "DECADE": "1870", "NHGISNAM": "Mcleod", "GISJOIN": "G2700850", "JOIN": "G2700850_1870", "NATIVE_POP": 0 }, "geometry": { "type": "Point", "coordinates": [ -94.272420251126832, 44.823543945357542 ] } },
{ "type": "Feature", "properties": { "DECADE": "1870", "NHGISNAM": "Mecosta", "GISJOIN": "G2601070", "JOIN": "G2601070_1870", "NATIVE_POP": 9 }, "geometry": { "type": "Point", "coordinates": [ -85.324631377005957, 43.640796880009326 ] } },
{ "type": "Feature", "properties": { "DECADE": "1870", "NHGISNAM": "Meeker", "GISJOIN": "G2700930", "JOIN": "G2700930_1870", "NATIVE_POP": 0 }, "geometry": { "type": "Point", "coordinates": [ -94.513719923955506, 45.1479276596909 ] } },
{ "type": "Feature", "properties": { "DECADE": "1870", "NHGISNAM": "Menominee", "GISJOIN": "G2601090", "JOIN": "G2601090_1870", "NATIVE_POP": 5 }, "geometry": { "type": "Point", "coordinates": [ -87.644215323850361, 45.658299081137116 ] } },
{ "type": "Feature", "properties": { "DECADE": "1870", "NHGISNAM": "Midland", "GISJOIN": "G2601110", "JOIN": "G2601110_1870", "NATIVE_POP": 2 }, "geometry": { "type": "Point", "coordinates": [ -84.388109196434087, 43.646856437236231 ] } },
{ "type": "Feature", "properties": { "DECADE": "1870", "NHGISNAM": "Mille Lacs", "GISJOIN": "G2700950", "JOIN": "G2700950_1870", "NATIVE_POP": 0 }, "geometry": { "type": "Point", "coordinates": [ -93.63008723896445, 45.93804797058484 ] } },
{ "type": "Feature", "properties": { "DECADE": "1870", "NHGISNAM": "Milwaukee", "GISJOIN": "G5500790", "JOIN": "G5500790_1870", "NATIVE_POP": 6 }, "geometry": { "type": "Point", "coordinates": [ -87.966756028269529, 43.007143909425707 ] } },
{ "type": "Feature", "properties": { "DECADE": "1870", "NHGISNAM": "Missaukee", "GISJOIN": "G2601130", "JOIN": "G2601130_1870", "NATIVE_POP": 0 }, "geometry": { "type": "Point", "coordinates": [ -85.094676209639815, 44.33731710844161 ] } },
{ "type": "Feature", "properties": { "DECADE": "1870", "NHGISNAM": "Monongalia", "GISJOIN": "G2700955", "JOIN": "G2700955_1870", "NATIVE_POP": null }, "geometry": { "type": "Point", "coordinates": [ -95.006833648996576, 45.283147767110528 ] } },
{ "type": "Feature", "properties": { "DECADE": "1870", "NHGISNAM": "Monroe", "GISJOIN": "G2601150", "JOIN": "G2601150_1870", "NATIVE_POP": 0 }, "geometry": { "type": "Point", "coordinates": [ -83.540059892284475, 41.92963697841865 ] } },
{ "type": "Feature", "properties": { "DECADE": "1870", "NHGISNAM": "Monroe", "GISJOIN": "G5500810", "JOIN": "G5500810_1870", "NATIVE_POP": 2 }, "geometry": { "type": "Point", "coordinates": [ -90.612488894667706, 43.94307377031712 ] } },
{ "type": "Feature", "properties": { "DECADE": "1870", "NHGISNAM": "Montcalm", "GISJOIN": "G2601170", "JOIN": "G2601170_1870", "NATIVE_POP": 0 }, "geometry": { "type": "Point", "coordinates": [ -85.152516170753643, 43.310955178348756 ] } },
{ "type": "Feature", "properties": { "DECADE": "1870", "NHGISNAM": "Montmorency", "GISJOIN": "G2601190", "JOIN": "G2601190_1870", "NATIVE_POP": 0 }, "geometry": { "type": "Point", "coordinates": [ -84.127207206821524, 45.02754731951245 ] } },
{ "type": "Feature", "properties": { "DECADE": "1870", "NHGISNAM": "Morrison", "GISJOIN": "G2700970", "JOIN": "G2700970_1870", "NATIVE_POP": 0 }, "geometry": { "type": "Point", "coordinates": [ -94.268440312535631, 46.012632648004093 ] } },
{ "type": "Feature", "properties": { "DECADE": "1870", "NHGISNAM": "Mower", "GISJOIN": "G2700990", "JOIN": "G2700990_1870", "NATIVE_POP": 0 }, "geometry": { "type": "Point", "coordinates": [ -92.752512948363432, 43.671469805701769 ] } },
{ "type": "Feature", "properties": { "DECADE": "1870", "NHGISNAM": "Murray", "GISJOIN": "G2701010", "JOIN": "G2701010_1870", "NATIVE_POP": 0 }, "geometry": { "type": "Point", "coordinates": [ -95.763274981832637, 44.022121976991428 ] } },
{ "type": "Feature", "properties": { "DECADE": "1870", "NHGISNAM": "Muskegon", "GISJOIN": "G2601210", "JOIN": "G2601210_1870", "NATIVE_POP": 0 }, "geometry": { "type": "Point", "coordinates": [ -86.152056382707045, 43.291223904083289 ] } },
{ "type": "Feature", "properties": { "DECADE": "1870", "NHGISNAM": "Newaygo", "GISJOIN": "G2601230", "JOIN": "G2601230_1870", "NATIVE_POP": 130 }, "geometry": { "type": "Point", "coordinates": [ -85.800923436216237, 43.554165911152332 ] } },
{ "type": "Feature", "properties": { "DECADE": "1870", "NHGISNAM": "Nicollet", "GISJOIN": "G2701030", "JOIN": "G2701030_1870", "NATIVE_POP": 31 }, "geometry": { "type": "Point", "coordinates": [ -94.247276872442896, 44.349880602087879 ] } },
{ "type": "Feature", "properties": { "DECADE": "1870", "NHGISNAM": "Nobles", "GISJOIN": "G2701050", "JOIN": "G2701050_1870", "NATIVE_POP": 0 }, "geometry": { "type": "Point", "coordinates": [ -95.753388456832226, 43.674238751492247 ] } },
{ "type": "Feature", "properties": { "DECADE": "1870", "NHGISNAM": "Oakland", "GISJOIN": "G2601250", "JOIN": "G2601250_1870", "NATIVE_POP": 0 }, "geometry": { "type": "Point", "coordinates": [ -83.385817914689753, 42.66040092272813 ] } },
{ "type": "Feature", "properties": { "DECADE": "1870", "NHGISNAM": "Oceana", "GISJOIN": "G2601270", "JOIN": "G2601270_1870", "NATIVE_POP": 593 }, "geometry": { "type": "Point", "coordinates": [ -86.267602731857451, 43.640917137424864 ] } },
{ "type": "Feature", "properties": { "DECADE": "1870", "NHGISNAM": "Oconto", "GISJOIN": "G5500830", "JOIN": "G5500830_1870", "NATIVE_POP": 60 }, "geometry": { "type": "Point", "coordinates": [ -88.468122507581455, 45.43689190259613 ] } },
{ "type": "Feature", "properties": { "DECADE": "1870", "NHGISNAM": "Ogemaw", "GISJOIN": "G2601290", "JOIN": "G2601290_1870", "NATIVE_POP": 0 }, "geometry": { "type": "Point", "coordinates": [ -84.126414304694009, 44.33493803657997 ] } },
{ "type": "Feature", "properties": { "DECADE": "1870", "NHGISNAM": "Olmsted", "GISJOIN": "G2701090", "JOIN": "G2701090_1870", "NATIVE_POP": 0 }, "geometry": { "type": "Point", "coordinates": [ -92.401760817559051, 44.003732709694482 ] } },
{ "type": "Feature", "properties": { "DECADE": "1870", "NHGISNAM": "Ontonagon", "GISJOIN": "G2601310", "JOIN": "G2601310_1870", "NATIVE_POP": 19 }, "geometry": { "type": "Point", "coordinates": [ -89.490091334954641, 46.546390934538863 ] } },
{ "type": "Feature", "properties": { "DECADE": "1870", "NHGISNAM": "Osceola", "GISJOIN": "G2601330", "JOIN": "G2601330_1870", "NATIVE_POP": 16 }, "geometry": { "type": "Point", "coordinates": [ -85.325274987508053, 43.989868768405394 ] } },
{ "type": "Feature", "properties": { "DECADE": "1870", "NHGISNAM": "Oscoda", "GISJOIN": "G2601350", "JOIN": "G2601350_1870", "NATIVE_POP": 0 }, "geometry": { "type": "Point", "coordinates": [ -84.129735082028688, 44.681745389742332 ] } },
{ "type": "Feature", "properties": { "DECADE": "1870", "NHGISNAM": "Otsego", "GISJOIN": "G2601370", "JOIN": "G2601370_1870", "NATIVE_POP": 0 }, "geometry": { "type": "Point", "coordinates": [ -84.599001846496137, 45.021433866743102 ] } },
{ "type": "Feature", "properties": { "DECADE": "1870", "NHGISNAM": "Ottawa", "GISJOIN": "G2601390", "JOIN": "G2601390_1870", "NATIVE_POP": 14 }, "geometry": { "type": "Point", "coordinates": [ -85.996116597943981, 42.959847307964658 ] } },
{ "type": "Feature", "properties": { "DECADE": "1870", "NHGISNAM": "Otter Tail", "GISJOIN": "G2701110", "JOIN": "G2701110_1870", "NATIVE_POP": 2 }, "geometry": { "type": "Point", "coordinates": [ -95.652854840590365, 46.413425741157013 ] } },
{ "type": "Feature", "properties": { "DECADE": "1870", "NHGISNAM": "Outagamie", "GISJOIN": "G5500870", "JOIN": "G5500870_1870", "NATIVE_POP": 29 }, "geometry": { "type": "Point", "coordinates": [ -88.464941862481766, 44.416095308143191 ] } },
{ "type": "Feature", "properties": { "DECADE": "1870", "NHGISNAM": "Ozaukee", "GISJOIN": "G5500890", "JOIN": "G5500890_1870", "NATIVE_POP": 0 }, "geometry": { "type": "Point", "coordinates": [ -87.950820495422718, 43.384069033071036 ] } },
{ "type": "Feature", "properties": { "DECADE": "1870", "NHGISNAM": "Pembina", "GISJOIN": "G2701115", "JOIN": "G2701115_1870", "NATIVE_POP": null }, "geometry": { "type": "Point", "coordinates": [ -95.784863772573843, 48.61239188038298 ] } },
{ "type": "Feature", "properties": { "DECADE": "1870", "NHGISNAM": "Pepin", "GISJOIN": "G5500910", "JOIN": "G5500910_1870", "NATIVE_POP": 0 }, "geometry": { "type": "Point", "coordinates": [ -92.001561440373536, 44.582914105789783 ] } },
{ "type": "Feature", "properties": { "DECADE": "1870", "NHGISNAM": "Pierce", "GISJOIN": "G5500930", "JOIN": "G5500930_1870", "NATIVE_POP": 0 }, "geometry": { "type": "Point", "coordinates": [ -92.42248511376313, 44.719630658020776 ] } },
{ "type": "Feature", "properties": { "DECADE": "1870", "NHGISNAM": "Pine", "GISJOIN": "G2701150", "JOIN": "G2701150_1870", "NATIVE_POP": 1 }, "geometry": { "type": "Point", "coordinates": [ -92.741270017689686, 46.120767625988478 ] } },
{ "type": "Feature", "properties": { "DECADE": "1870", "NHGISNAM": "Pipestone", "GISJOIN": "G2701170", "JOIN": "G2701170_1870", "NATIVE_POP": 0 }, "geometry": { "type": "Point", "coordinates": [ -96.258644562371529, 44.022995170210052 ] } },
{ "type": "Feature", "properties": { "DECADE": "1870", "NHGISNAM": "Polk", "GISJOIN": "G2701190", "JOIN": "G2701190_1870", "NATIVE_POP": 0 }, "geometry": { "type": "Point", "coordinates": [ -96.256046398788797, 47.679620255295454 ] } },
{ "type": "Feature", "properties": { "DECADE": "1870", "NHGISNAM": "Polk", "GISJOIN": "G5500950", "JOIN": "G5500950_1870", "NATIVE_POP": 59 }, "geometry": { "type": "Point", "coordinates": [ -92.44139461855633, 45.461418858569786 ] } },
{ "type": "Feature", "properties": { "DECADE": "1870", "NHGISNAM": "Pope", "GISJOIN": "G2701210", "JOIN": "G2701210_1870", "NATIVE_POP": 0 }, "geometry": { "type": "Point", "coordinates": [ -95.444484060759564, 45.58603028577491 ] } },
{ "type": "Feature", "properties": { "DECADE": "1870", "NHGISNAM": "Portage", "GISJOIN": "G5500970", "JOIN": "G5500970_1870", "NATIVE_POP": 16 }, "geometry": { "type": "Point", "coordinates": [ -89.501410317651519, 44.476046708609253 ] } },
{ "type": "Feature", "properties": { "DECADE": "1870", "NHGISNAM": "Presque Isle", "GISJOIN": "G2601410", "JOIN": "G2601410_1870", "NATIVE_POP": 1 }, "geometry": { "type": "Point", "coordinates": [ -83.917831737285454, 45.34016392115327 ] } },
{ "type": "Feature", "properties": { "DECADE": "1870", "NHGISNAM": "Racine", "GISJOIN": "G5501010", "JOIN": "G5501010_1870", "NATIVE_POP": 3 }, "geometry": { "type": "Point", "coordinates": [ -88.061131974507248, 42.747481173420105 ] } },
{ "type": "Feature", "properties": { "DECADE": "1870", "NHGISNAM": "Ramsey", "GISJOIN": "G2701230", "JOIN": "G2701230_1870", "NATIVE_POP": 1 }, "geometry": { "type": "Point", "coordinates": [ -93.100138675929969, 45.019402419700285 ] } },
{ "type": "Feature", "properties": { "DECADE": "1870", "NHGISNAM": "Redwood", "GISJOIN": "G2701270", "JOIN": "G2701270_1870", "NATIVE_POP": 2 }, "geometry": { "type": "Point", "coordinates": [ -95.840407897051534, 44.597476467010686 ] } },
{ "type": "Feature", "properties": { "DECADE": "1870", "NHGISNAM": "Renville", "GISJOIN": "G2701290", "JOIN": "G2701290_1870", "NATIVE_POP": 0 }, "geometry": { "type": "Point", "coordinates": [ -94.92452723285291, 44.741724577783529 ] } },
{ "type": "Feature", "properties": { "DECADE": "1870", "NHGISNAM": "Rice", "GISJOIN": "G2701310", "JOIN": "G2701310_1870", "NATIVE_POP": 39 }, "geometry": { "type": "Point", "coordinates": [ -93.296677480617433, 44.35426145210225 ] } },
{ "type": "Feature", "properties": { "DECADE": "1870", "NHGISNAM": "Richland", "GISJOIN": "G5501030", "JOIN": "G5501030_1870", "NATIVE_POP": 1 }, "geometry": { "type": "Point", "coordinates": [ -90.429489903296258, 43.375626845066236 ] } },
{ "type": "Feature", "properties": { "DECADE": "1870", "NHGISNAM": "Rock", "GISJOIN": "G2701330", "JOIN": "G2701330_1870", "NATIVE_POP": 0 }, "geometry": { "type": "Point", "coordinates": [ -96.253209002569619, 43.674631542443784 ] } },
{ "type": "Feature", "properties": { "DECADE": "1870", "NHGISNAM": "Rock", "GISJOIN": "G5501050", "JOIN": "G5501050_1870", "NATIVE_POP": 7 }, "geometry": { "type": "Point", "coordinates": [ -89.071578501797717, 42.671223766313766 ] } },
{ "type": "Feature", "properties": { "DECADE": "1870", "NHGISNAM": "Roscommon", "GISJOIN": "G2601430", "JOIN": "G2601430_1870", "NATIVE_POP": 0 }, "geometry": { "type": "Point", "coordinates": [ -84.611599836047262, 44.33560774617019 ] } },
{ "type": "Feature", "properties": { "DECADE": "1870", "NHGISNAM": "Saginaw", "GISJOIN": "G2601450", "JOIN": "G2601450_1870", "NATIVE_POP": 126 }, "geometry": { "type": "Point", "coordinates": [ -84.044777000045045, 43.344257093760064 ] } },
{ "type": "Feature", "properties": { "DECADE": "1870", "NHGISNAM": "Sanilac", "GISJOIN": "G2601510", "JOIN": "G2601510_1870", "NATIVE_POP": 7 }, "geometry": { "type": "Point", "coordinates": [ -82.820131619135609, 43.423563219781983 ] } },
{ "type": "Feature", "properties": { "DECADE": "1870", "NHGISNAM": "Sauk", "GISJOIN": "G5501110", "JOIN": "G5501110_1870", "NATIVE_POP": 1 }, "geometry": { "type": "Point", "coordinates": [ -89.948371749009624, 43.42677001778533 ] } },
{ "type": "Feature", "properties": { "DECADE": "1870", "NHGISNAM": "Schoolcraft", "GISJOIN": "G2601530", "JOIN": "G2601530_1870", "NATIVE_POP": 0 }, "geometry": { "type": "Point", "coordinates": [ -86.423509101082018, 46.290975094071094 ] } },
{ "type": "Feature", "properties": { "DECADE": "1870", "NHGISNAM": "Scott", "GISJOIN": "G2701390", "JOIN": "G2701390_1870", "NATIVE_POP": 10 }, "geometry": { "type": "Point", "coordinates": [ -93.536935860560376, 44.64898944836343 ] } },
{ "type": "Feature", "properties": { "DECADE": "1870", "NHGISNAM": "Shawano", "GISJOIN": "G5501150", "JOIN": "G5501150_1870", "NATIVE_POP": 83 }, "geometry": { "type": "Point", "coordinates": [ -88.716512351184377, 44.849235216279858 ] } },
{ "type": "Feature", "properties": { "DECADE": "1870", "NHGISNAM": "Sheboygan", "GISJOIN": "G5501170", "JOIN": "G5501170_1870", "NATIVE_POP": 0 }, "geometry": { "type": "Point", "coordinates": [ -87.945422112298289, 43.721165816029277 ] } },
{ "type": "Feature", "properties": { "DECADE": "1870", "NHGISNAM": "Sherburne", "GISJOIN": "G2701410", "JOIN": "G2701410_1870", "NATIVE_POP": 0 }, "geometry": { "type": "Point", "coordinates": [ -93.774581062011492, 45.443956293986012 ] } },
{ "type": "Feature", "properties": { "DECADE": "1870", "NHGISNAM": "Shiawassee", "GISJOIN": "G2601550", "JOIN": "G2601550_1870", "NATIVE_POP": 0 }, "geometry": { "type": "Point", "coordinates": [ -84.146733126857825, 42.953734757756074 ] } },
{ "type": "Feature", "properties": { "DECADE": "1870", "NHGISNAM": "Sibley", "GISJOIN": "G2701430", "JOIN": "G2701430_1870", "NATIVE_POP": 0 }, "geometry": { "type": "Point", "coordinates": [ -94.232137721079255, 44.579488466106241 ] } },
{ "type": "Feature", "properties": { "DECADE": "1870", "NHGISNAM": "St Clair", "GISJOIN": "G2601470", "JOIN": "G2601470_1870", "NATIVE_POP": 2 }, "geometry": { "type": "Point", "coordinates": [ -82.683233559526855, 42.94184560369137 ] } },
{ "type": "Feature", "properties": { "DECADE": "1870", "NHGISNAM": "St Croix", "GISJOIN": "G5501090", "JOIN": "G5501090_1870", "NATIVE_POP": 3 }, "geometry": { "type": "Point", "coordinates": [ -92.452782989231522, 45.034067205000945 ] } },
{ "type": "Feature", "properties": { "DECADE": "1870", "NHGISNAM": "St Joseph", "GISJOIN": "G2601490", "JOIN": "G2601490_1870", "NATIVE_POP": 0 }, "geometry": { "type": "Point", "coordinates": [ -85.527742367786587, 41.914414243025789 ] } },
{ "type": "Feature", "properties": { "DECADE": "1870", "NHGISNAM": "St. Louis", "GISJOIN": "G2701370", "JOIN": "G2701370_1870", "NATIVE_POP": 10 }, "geometry": { "type": "Point", "coordinates": [ -92.465953950925098, 47.60399377463682 ] } },
{ "type": "Feature", "properties": { "DECADE": "1870", "NHGISNAM": "Stearns", "GISJOIN": "G2701450", "JOIN": "G2701450_1870", "NATIVE_POP": 0 }, "geometry": { "type": "Point", "coordinates": [ -94.613023295422892, 45.552151049702601 ] } },
{ "type": "Feature", "properties": { "DECADE": "1870", "NHGISNAM": "Steele", "GISJOIN": "G2701470", "JOIN": "G2701470_1870", "NATIVE_POP": 0 }, "geometry": { "type": "Point", "coordinates": [ -93.22604110276832, 44.02234375989056 ] } },
{ "type": "Feature", "properties": { "DECADE": "1870", "NHGISNAM": "Stevens", "GISJOIN": "G2701490", "JOIN": "G2701490_1870", "NATIVE_POP": 13 }, "geometry": { "type": "Point", "coordinates": [ -96.000302726066806, 45.586125681449317 ] } },
{ "type": "Feature", "properties": { "DECADE": "1870", "NHGISNAM": "Todd", "GISJOIN": "G2701530", "JOIN": "G2701530_1870", "NATIVE_POP": 0 }, "geometry": { "type": "Point", "coordinates": [ -94.897615195602128, 46.070605846052082 ] } },
{ "type": "Feature", "properties": { "DECADE": "1870", "NHGISNAM": "Traverse", "GISJOIN": "G2701550", "JOIN": "G2701550_1870", "NATIVE_POP": 8 }, "geometry": { "type": "Point", "coordinates": [ -96.471641155395446, 45.772185854440792 ] } },
{ "type": "Feature", "properties": { "DECADE": "1870", "NHGISNAM": "Trempealeau", "GISJOIN": "G5501210", "JOIN": "G5501210_1870", "NATIVE_POP": 0 }, "geometry": { "type": "Point", "coordinates": [ -91.358463799917416, 44.303947269870463 ] } },
{ "type": "Feature", "properties": { "DECADE": "1870", "NHGISNAM": "Tuscola", "GISJOIN": "G2601570", "JOIN": "G2601570_1870", "NATIVE_POP": 1 }, "geometry": { "type": "Point", "coordinates": [ -83.416777744616354, 43.464116369489673 ] } },
{ "type": "Feature", "properties": { "DECADE": "1870", "NHGISNAM": "Van Buren", "GISJOIN": "G2601590", "JOIN": "G2601590_1870", "NATIVE_POP": 139 }, "geometry": { "type": "Point", "coordinates": [ -86.018906986229311, 42.251299380164362 ] } },
{ "type": "Feature", "properties": { "DECADE": "1870", "NHGISNAM": "Vernon", "GISJOIN": "G5501230", "JOIN": "G5501230_1870", "NATIVE_POP": 0 }, "geometry": { "type": "Point", "coordinates": [ -90.834383988787081, 43.593865496624744 ] } },
{ "type": "Feature", "properties": { "DECADE": "1870", "NHGISNAM": "Wabasha", "GISJOIN": "G2701570", "JOIN": "G2701570_1870", "NATIVE_POP": 0 }, "geometry": { "type": "Point", "coordinates": [ -92.230296672822362, 44.284270587440517 ] } },
{ "type": "Feature", "properties": { "DECADE": "1870", "NHGISNAM": "Wadena", "GISJOIN": "G2701590", "JOIN": "G2701590_1870", "NATIVE_POP": 0 }, "geometry": { "type": "Point", "coordinates": [ -94.970568832229645, 46.586879079128011 ] } },
{ "type": "Feature", "properties": { "DECADE": "1870", "NHGISNAM": "Walworth", "GISJOIN": "G5501270", "JOIN": "G5501270_1870", "NATIVE_POP": 0 }, "geometry": { "type": "Point", "coordinates": [ -88.541922050348504, 42.668477331201302 ] } },
{ "type": "Feature", "properties": { "DECADE": "1870", "NHGISNAM": "Waseca", "GISJOIN": "G2701610", "JOIN": "G2701610_1870", "NATIVE_POP": 0 }, "geometry": { "type": "Point", "coordinates": [ -93.587283402560928, 44.02212317724716 ] } },
{ "type": "Feature", "properties": { "DECADE": "1870", "NHGISNAM": "Washington", "GISJOIN": "G2701630", "JOIN": "G2701630_1870", "NATIVE_POP": 13 }, "geometry": { "type": "Point", "coordinates": [ -92.883956062216711, 45.038732820408264 ] } },
{ "type": "Feature", "properties": { "DECADE": "1870", "NHGISNAM": "Washington", "GISJOIN": "G5501310", "JOIN": "G5501310_1870", "NATIVE_POP": 0 }, "geometry": { "type": "Point", "coordinates": [ -88.230781325055773, 43.368471158424725 ] } },
{ "type": "Feature", "properties": { "DECADE": "1870", "NHGISNAM": "Washtenaw", "GISJOIN": "G2601610", "JOIN": "G2601610_1870", "NATIVE_POP": 2 }, "geometry": { "type": "Point", "coordinates": [ -83.838770695724946, 42.253225589733439 ] } },
{ "type": "Feature", "properties": { "DECADE": "1870", "NHGISNAM": "Watonwan", "GISJOIN": "G2701650", "JOIN": "G2701650_1870", "NATIVE_POP": 0 }, "geometry": { "type": "Point", "coordinates": [ -94.614061023558762, 43.978427705286435 ] } },
{ "type": "Feature", "properties": { "DECADE": "1870", "NHGISNAM": "Waukesha", "GISJOIN": "G5501330", "JOIN": "G5501330_1870", "NATIVE_POP": 3 }, "geometry": { "type": "Point", "coordinates": [ -88.304537215816907, 43.01818281119175 ] } },
{ "type": "Feature", "properties": { "DECADE": "1870", "NHGISNAM": "Waupaca", "GISJOIN": "G5501350", "JOIN": "G5501350_1870", "NATIVE_POP": 29 }, "geometry": { "type": "Point", "coordinates": [ -88.964819829815141, 44.470424831800948 ] } },
{ "type": "Feature", "properties": { "DECADE": "1870", "NHGISNAM": "Waushara", "GISJOIN": "G5501370", "JOIN": "G5501370_1870", "NATIVE_POP": 18 }, "geometry": { "type": "Point", "coordinates": [ -89.242877745065528, 44.11312635714367 ] } },
{ "type": "Feature", "properties": { "DECADE": "1870", "NHGISNAM": "Wayne", "GISJOIN": "G2601630", "JOIN": "G2601630_1870", "NATIVE_POP": 4 }, "geometry": { "type": "Point", "coordinates": [ -83.286677258457985, 42.284188118537074 ] } },
{ "type": "Feature", "properties": { "DECADE": "1870", "NHGISNAM": "Wexford", "GISJOIN": "G2601650", "JOIN": "G2601650_1870", "NATIVE_POP": 0 }, "geometry": { "type": "Point", "coordinates": [ -85.578418023715003, 44.338355485282925 ] } },
{ "type": "Feature", "properties": { "DECADE": "1870", "NHGISNAM": "Wilkin", "GISJOIN": "G2701670", "JOIN": "G2701670_1870", "NATIVE_POP": 0 }, "geometry": { "type": "Point", "coordinates": [ -96.4102455504906, 46.359214807991819 ] } },
{ "type": "Feature", "properties": { "DECADE": "1870", "NHGISNAM": "Winnebago", "GISJOIN": "G5501390", "JOIN": "G5501390_1870", "NATIVE_POP": 35 }, "geometry": { "type": "Point", "coordinates": [ -88.644656572894604, 44.068879200321646 ] } },
{ "type": "Feature", "properties": { "DECADE": "1870", "NHGISNAM": "Winona", "GISJOIN": "G2701690", "JOIN": "G2701690_1870", "NATIVE_POP": 0 }, "geometry": { "type": "Point", "coordinates": [ -91.779128632432716, 43.986848154087269 ] } },
{ "type": "Feature", "properties": { "DECADE": "1870", "NHGISNAM": "Wood", "GISJOIN": "G5501410", "JOIN": "G5501410_1870", "NATIVE_POP": 17 }, "geometry": { "type": "Point", "coordinates": [ -90.014672899434686, 44.478108177977809 ] } },
{ "type": "Feature", "properties": { "DECADE": "1870", "NHGISNAM": "Wright", "GISJOIN": "G2701710", "JOIN": "G2701710_1870", "NATIVE_POP": 0 }, "geometry": { "type": "Point", "coordinates": [ -93.963030908105097, 45.173923906077455 ] } },
{ "type": "Feature", "properties": { "DECADE": "1880", "NHGISNAM": "Adams", "GISJOIN": "G5500010", "JOIN": "G5500010_1880", "NATIVE_POP": 26 }, "geometry": { "type": "Point", "coordinates": [ -89.77063651438749, 43.969625711543962 ] } },
{ "type": "Feature", "properties": { "DECADE": "1880", "NHGISNAM": "Aitkin", "GISJOIN": "G2700010", "JOIN": "G2700010_1880", "NATIVE_POP": 57 }, "geometry": { "type": "Point", "coordinates": [ -93.415433070159565, 46.608254689238443 ] } },
{ "type": "Feature", "properties": { "DECADE": "1880", "NHGISNAM": "Alcona", "GISJOIN": "G2600010", "JOIN": "G2600010_1880", "NATIVE_POP": 28 }, "geometry": { "type": "Point", "coordinates": [ -83.593755383651583, 44.685414496148688 ] } },
{ "type": "Feature", "properties": { "DECADE": "1880", "NHGISNAM": "Allegan", "GISJOIN": "G2600050", "JOIN": "G2600050_1880", "NATIVE_POP": 120 }, "geometry": { "type": "Point", "coordinates": [ -85.888413035318464, 42.591288541854304 ] } },
{ "type": "Feature", "properties": { "DECADE": "1880", "NHGISNAM": "Alpena", "GISJOIN": "G2600070", "JOIN": "G2600070_1880", "NATIVE_POP": 12 }, "geometry": { "type": "Point", "coordinates": [ -83.870551087925236, 45.031278411792634 ] } },
{ "type": "Feature", "properties": { "DECADE": "1880", "NHGISNAM": "Anoka", "GISJOIN": "G2700030", "JOIN": "G2700030_1880", "NATIVE_POP": 4 }, "geometry": { "type": "Point", "coordinates": [ -93.246452745039747, 45.27323408201174 ] } },
{ "type": "Feature", "properties": { "DECADE": "1880", "NHGISNAM": "Antrim", "GISJOIN": "G2600090", "JOIN": "G2600090_1880", "NATIVE_POP": 119 }, "geometry": { "type": "Point", "coordinates": [ -85.13954054895575, 44.999714718225299 ] } },
{ "type": "Feature", "properties": { "DECADE": "1880", "NHGISNAM": "Ashland", "GISJOIN": "G5500030", "JOIN": "G5500030_1880", "NATIVE_POP": 178 }, "geometry": { "type": "Point", "coordinates": [ -90.750983105786574, 46.273983331114742 ] } },
{ "type": "Feature", "properties": { "DECADE": "1880", "NHGISNAM": "Baraga", "GISJOIN": "G2600130", "JOIN": "G2600130_1880", "NATIVE_POP": 528 }, "geometry": { "type": "Point", "coordinates": [ -88.351157164717122, 46.66206466640805 ] } },
{ "type": "Feature", "properties": { "DECADE": "1880", "NHGISNAM": "Barron", "GISJOIN": "G5500050", "JOIN": "G5500050_1880", "NATIVE_POP": 76 }, "geometry": { "type": "Point", "coordinates": [ -91.848309433665435, 45.423723224602071 ] } },
{ "type": "Feature", "properties": { "DECADE": "1880", "NHGISNAM": "Barry", "GISJOIN": "G2600150", "JOIN": "G2600150_1880", "NATIVE_POP": 0 }, "geometry": { "type": "Point", "coordinates": [ -85.308968240337705, 42.595027583108596 ] } },
{ "type": "Feature", "properties": { "DECADE": "1880", "NHGISNAM": "Bay", "GISJOIN": "G2600170", "JOIN": "G2600170_1880", "NATIVE_POP": 279 }, "geometry": { "type": "Point", "coordinates": [ -83.947469026638657, 43.878820916496856 ] } },
{ "type": "Feature", "properties": { "DECADE": "1880", "NHGISNAM": "Bayfield", "GISJOIN": "G5500070", "JOIN": "G5500070_1880", "NATIVE_POP": 252 }, "geometry": { "type": "Point", "coordinates": [ -91.200878387349675, 46.523647103333715 ] } },
{ "type": "Feature", "properties": { "DECADE": "1880", "NHGISNAM": "Becker", "GISJOIN": "G2700050", "JOIN": "G2700050_1880", "NATIVE_POP": 749 }, "geometry": { "type": "Point", "coordinates": [ -95.673925588143987, 46.934649065428552 ] } },
{ "type": "Feature", "properties": { "DECADE": "1880", "NHGISNAM": "Beltrami", "GISJOIN": "G2700070", "JOIN": "G2700070_1880", "NATIVE_POP": 0 }, "geometry": { "type": "Point", "coordinates": [ -95.041864864047412, 48.219201192056303 ] } },
{ "type": "Feature", "properties": { "DECADE": "1880", "NHGISNAM": "Benton", "GISJOIN": "G2700090", "JOIN": "G2700090_1880", "NATIVE_POP": 35 }, "geometry": { "type": "Point", "coordinates": [ -93.9988620763814, 45.699135387592058 ] } },
{ "type": "Feature", "properties": { "DECADE": "1880", "NHGISNAM": "Benzie", "GISJOIN": "G2600190", "JOIN": "G2600190_1880", "NATIVE_POP": 4 }, "geometry": { "type": "Point", "coordinates": [ -86.015521445711585, 44.63870072497636 ] } },
{ "type": "Feature", "properties": { "DECADE": "1880", "NHGISNAM": "Berrien", "GISJOIN": "G2600210", "JOIN": "G2600210_1880", "NATIVE_POP": 8 }, "geometry": { "type": "Point", "coordinates": [ -86.412279294567284, 41.954671724419796 ] } },
{ "type": "Feature", "properties": { "DECADE": "1880", "NHGISNAM": "Big Stone", "GISJOIN": "G2700110", "JOIN": "G2700110_1880", "NATIVE_POP": 0 }, "geometry": { "type": "Point", "coordinates": [ -96.410848338421388, 45.426569267140955 ] } },
{ "type": "Feature", "properties": { "DECADE": "1880", "NHGISNAM": "Blue Earth", "GISJOIN": "G2700130", "JOIN": "G2700130_1880", "NATIVE_POP": 12 }, "geometry": { "type": "Point", "coordinates": [ -94.067034366436687, 44.034588426433785 ] } },
{ "type": "Feature", "properties": { "DECADE": "1880", "NHGISNAM": "Branch", "GISJOIN": "G2600230", "JOIN": "G2600230_1880", "NATIVE_POP": 0 }, "geometry": { "type": "Point", "coordinates": [ -85.059041587716408, 41.916118332804814 ] } },
{ "type": "Feature", "properties": { "DECADE": "1880", "NHGISNAM": "Brown", "GISJOIN": "G2700150", "JOIN": "G2700150_1880", "NATIVE_POP": 5 }, "geometry": { "type": "Point", "coordinates": [ -94.727477762089009, 44.242172491538575 ] } },
{ "type": "Feature", "properties": { "DECADE": "1880", "NHGISNAM": "Brown", "GISJOIN": "G5500090", "JOIN": "G5500090_1880", "NATIVE_POP": 63 }, "geometry": { "type": "Point", "coordinates": [ -88.003317789993972, 44.452104404749036 ] } },
{ "type": "Feature", "properties": { "DECADE": "1880", "NHGISNAM": "Buffalo", "GISJOIN": "G5500110", "JOIN": "G5500110_1880", "NATIVE_POP": 9 }, "geometry": { "type": "Point", "coordinates": [ -91.754469654736496, 44.37983216688157 ] } },
{ "type": "Feature", "properties": { "DECADE": "1880", "NHGISNAM": "Burnett", "GISJOIN": "G5500130", "JOIN": "G5500130_1880", "NATIVE_POP": 266 }, "geometry": { "type": "Point", "coordinates": [ -92.083781577345036, 45.880670355014409 ] } },
{ "type": "Feature", "properties": { "DECADE": "1880", "NHGISNAM": "Calhoun", "GISJOIN": "G2600250", "JOIN": "G2600250_1880", "NATIVE_POP": 66 }, "geometry": { "type": "Point", "coordinates": [ -85.005583897896557, 42.24653934087312 ] } },
{ "type": "Feature", "properties": { "DECADE": "1880", "NHGISNAM": "Calumet", "GISJOIN": "G5500150", "JOIN": "G5500150_1880", "NATIVE_POP": 413 }, "geometry": { "type": "Point", "coordinates": [ -88.218058048068158, 44.081603583981604 ] } },
{ "type": "Feature", "properties": { "DECADE": "1880", "NHGISNAM": "Carlton", "GISJOIN": "G2700170", "JOIN": "G2700170_1880", "NATIVE_POP": 129 }, "geometry": { "type": "Point", "coordinates": [ -92.677051702057597, 46.592402502335794 ] } },
{ "type": "Feature", "properties": { "DECADE": "1880", "NHGISNAM": "Carver", "GISJOIN": "G2700190", "JOIN": "G2700190_1880", "NATIVE_POP": 0 }, "geometry": { "type": "Point", "coordinates": [ -93.802575816627424, 44.820764687547324 ] } },
{ "type": "Feature", "properties": { "DECADE": "1880", "NHGISNAM": "Cass", "GISJOIN": "G2600270", "JOIN": "G2600270_1880", "NATIVE_POP": 43 }, "geometry": { "type": "Point", "coordinates": [ -85.993457939957722, 41.915400188050363 ] } },
{ "type": "Feature", "properties": { "DECADE": "1880", "NHGISNAM": "Cass", "GISJOIN": "G2700210", "JOIN": "G2700210_1880", "NATIVE_POP": 25 }, "geometry": { "type": "Point", "coordinates": [ -94.403560095453699, 46.963484971750816 ] } },
{ "type": "Feature", "properties": { "DECADE": "1880", "NHGISNAM": "Charlevoix", "GISJOIN": "G2600290", "JOIN": "G2600290_1880", "NATIVE_POP": 201 }, "geometry": { "type": "Point", "coordinates": [ -85.024170102165513, 45.233961027246281 ] } },
{ "type": "Feature", "properties": { "DECADE": "1880", "NHGISNAM": "Cheboygan", "GISJOIN": "G2600310", "JOIN": "G2600310_1880", "NATIVE_POP": 103 }, "geometry": { "type": "Point", "coordinates": [ -84.499870843218474, 45.446393249567855 ] } },
{ "type": "Feature", "properties": { "DECADE": "1880", "NHGISNAM": "Chippewa", "GISJOIN": "G2600330", "JOIN": "G2600330_1880", "NATIVE_POP": 788 }, "geometry": { "type": "Point", "coordinates": [ -84.898332590637565, 46.371271873003515 ] } },
{ "type": "Feature", "properties": { "DECADE": "1880", "NHGISNAM": "Chippewa", "GISJOIN": "G2700230", "JOIN": "G2700230_1880", "NATIVE_POP": 1 }, "geometry": { "type": "Point", "coordinates": [ -95.5666899472495, 45.022366403915058 ] } },
{ "type": "Feature", "properties": { "DECADE": "1880", "NHGISNAM": "Chippewa", "GISJOIN": "G5500170", "JOIN": "G5500170_1880", "NATIVE_POP": 192 }, "geometry": { "type": "Point", "coordinates": [ -91.176728134358413, 45.445921096557271 ] } },
{ "type": "Feature", "properties": { "DECADE": "1880", "NHGISNAM": "Chisago", "GISJOIN": "G2700250", "JOIN": "G2700250_1880", "NATIVE_POP": 38 }, "geometry": { "type": "Point", "coordinates": [ -92.908338581826243, 45.502465666330856 ] } },
{ "type": "Feature", "properties": { "DECADE": "1880", "NHGISNAM": "Clare", "GISJOIN": "G2600350", "JOIN": "G2600350_1880", "NATIVE_POP": 7 }, "geometry": { "type": "Point", "coordinates": [ -84.847832030671228, 43.987871678612002 ] } },
{ "type": "Feature", "properties": { "DECADE": "1880", "NHGISNAM": "Clark", "GISJOIN": "G5500190", "JOIN": "G5500190_1880", "NATIVE_POP": 10 }, "geometry": { "type": "Point", "coordinates": [ -90.612073258463269, 44.734714418794951 ] } },
{ "type": "Feature", "properties": { "DECADE": "1880", "NHGISNAM": "Clay", "GISJOIN": "G2700270", "JOIN": "G2700270_1880", "NATIVE_POP": null }, "geometry": { "type": "Point", "coordinates": [ -96.490646987324197, 46.892341928023832 ] } },
{ "type": "Feature", "properties": { "DECADE": "1880", "NHGISNAM": "Clinton", "GISJOIN": "G2600370", "JOIN": "G2600370_1880", "NATIVE_POP": 0 }, "geometry": { "type": "Point", "coordinates": [ -84.601516200545603, 42.943651118796481 ] } },
{ "type": "Feature", "properties": { "DECADE": "1880", "NHGISNAM": "Columbia", "GISJOIN": "G5500210", "JOIN": "G5500210_1880", "NATIVE_POP": 10 }, "geometry": { "type": "Point", "coordinates": [ -89.333734371542747, 43.466599922797819 ] } },
{ "type": "Feature", "properties": { "DECADE": "1880", "NHGISNAM": "Cook", "GISJOIN": "G2700310", "JOIN": "G2700310_1880", "NATIVE_POP": 50 }, "geometry": { "type": "Point", "coordinates": [ -90.535590295529062, 47.902551182867136 ] } },
{ "type": "Feature", "properties": { "DECADE": "1880", "NHGISNAM": "Cottonwood", "GISJOIN": "G2700330", "JOIN": "G2700330_1880", "NATIVE_POP": 0 }, "geometry": { "type": "Point", "coordinates": [ -95.181152900154842, 44.00710630175459 ] } },
{ "type": "Feature", "properties": { "DECADE": "1880", "NHGISNAM": "Crawford", "GISJOIN": "G2600390", "JOIN": "G2600390_1880", "NATIVE_POP": 7 }, "geometry": { "type": "Point", "coordinates": [ -84.610335654718838, 44.683609842718553 ] } },
{ "type": "Feature", "properties": { "DECADE": "1880", "NHGISNAM": "Crawford", "GISJOIN": "G5500230", "JOIN": "G5500230_1880", "NATIVE_POP": 0 }, "geometry": { "type": "Point", "coordinates": [ -90.93104836696196, 43.239461118998278 ] } },
{ "type": "Feature", "properties": { "DECADE": "1880", "NHGISNAM": "Crow Wing", "GISJOIN": "G2700350", "JOIN": "G2700350_1880", "NATIVE_POP": 69 }, "geometry": { "type": "Point", "coordinates": [ -94.033652674535247, 46.324670459562228 ] } },
{ "type": "Feature", "properties": { "DECADE": "1880", "NHGISNAM": "Dakota", "GISJOIN": "G2700370", "JOIN": "G2700370_1880", "NATIVE_POP": 44 }, "geometry": { "type": "Point", "coordinates": [ -93.065440704916753, 44.671892690926086 ] } },
{ "type": "Feature", "properties": { "DECADE": "1880", "NHGISNAM": "Dane", "GISJOIN": "G5500250", "JOIN": "G5500250_1880", "NATIVE_POP": 1 }, "geometry": { "type": "Point", "coordinates": [ -89.418324010998077, 43.067349644004103 ] } },
{ "type": "Feature", "properties": { "DECADE": "1880", "NHGISNAM": "Delta", "GISJOIN": "G2600410", "JOIN": "G2600410_1880", "NATIVE_POP": 158 }, "geometry": { "type": "Point", "coordinates": [ -86.9245676280335, 45.919654967610228 ] } },
{ "type": "Feature", "properties": { "DECADE": "1880", "NHGISNAM": "Dodge", "GISJOIN": "G2700390", "JOIN": "G2700390_1880", "NATIVE_POP": 0 }, "geometry": { "type": "Point", "coordinates": [ -92.862053289396769, 44.022588553808674 ] } },
{ "type": "Feature", "properties": { "DECADE": "1880", "NHGISNAM": "Dodge", "GISJOIN": "G5500270", "JOIN": "G5500270_1880", "NATIVE_POP": 25 }, "geometry": { "type": "Point", "coordinates": [ -88.70752418388804, 43.416301988058493 ] } },
{ "type": "Feature", "properties": { "DECADE": "1880", "NHGISNAM": "Door", "GISJOIN": "G5500290", "JOIN": "G5500290_1880", "NATIVE_POP": 17 }, "geometry": { "type": "Point", "coordinates": [ -87.316998528133126, 44.943784297471886 ] } },
{ "type": "Feature", "properties": { "DECADE": "1880", "NHGISNAM": "Douglas", "GISJOIN": "G2700410", "JOIN": "G2700410_1880", "NATIVE_POP": 25 }, "geometry": { "type": "Point", "coordinates": [ -95.453518303478532, 45.933723103704395 ] } },
{ "type": "Feature", "properties": { "DECADE": "1880", "NHGISNAM": "Douglas", "GISJOIN": "G5500310", "JOIN": "G5500310_1880", "NATIVE_POP": 35 }, "geometry": { "type": "Point", "coordinates": [ -91.914826046298586, 46.431034539692561 ] } },
{ "type": "Feature", "properties": { "DECADE": "1880", "NHGISNAM": "Dunn", "GISJOIN": "G5500330", "JOIN": "G5500330_1880", "NATIVE_POP": 4 }, "geometry": { "type": "Point", "coordinates": [ -91.896414047885742, 44.946588171771474 ] } },
{ "type": "Feature", "properties": { "DECADE": "1880", "NHGISNAM": "Eaton", "GISJOIN": "G2600450", "JOIN": "G2600450_1880", "NATIVE_POP": 0 }, "geometry": { "type": "Point", "coordinates": [ -84.838314733144202, 42.596070000972681 ] } },
{ "type": "Feature", "properties": { "DECADE": "1880", "NHGISNAM": "Eau Claire", "GISJOIN": "G5500350", "JOIN": "G5500350_1880", "NATIVE_POP": 1 }, "geometry": { "type": "Point", "coordinates": [ -91.285997728642343, 44.726769879767048 ] } },
{ "type": "Feature", "properties": { "DECADE": "1880", "NHGISNAM": "Emmet", "GISJOIN": "G2600470", "JOIN": "G2600470_1880", "NATIVE_POP": 1107 }, "geometry": { "type": "Point", "coordinates": [ -84.890866240579783, 45.542259801597432 ] } },
{ "type": "Feature", "properties": { "DECADE": "1880", "NHGISNAM": "Faribault", "GISJOIN": "G2700430", "JOIN": "G2700430_1880", "NATIVE_POP": 0 }, "geometry": { "type": "Point", "coordinates": [ -93.94799814233032, 43.673929010021688 ] } },
{ "type": "Feature", "properties": { "DECADE": "1880", "NHGISNAM": "Fillmore", "GISJOIN": "G2700450", "JOIN": "G2700450_1880", "NATIVE_POP": 0 }, "geometry": { "type": "Point", "coordinates": [ -92.090167308549269, 43.673997210397744 ] } },
{ "type": "Feature", "properties": { "DECADE": "1880", "NHGISNAM": "Fond Du Lac", "GISJOIN": "G5500390", "JOIN": "G5500390_1880", "NATIVE_POP": 16 }, "geometry": { "type": "Point", "coordinates": [ -88.488259553277658, 43.753590247599334 ] } },
{ "type": "Feature", "properties": { "DECADE": "1880", "NHGISNAM": "Freeborn", "GISJOIN": "G2700470", "JOIN": "G2700470_1880", "NATIVE_POP": 3 }, "geometry": { "type": "Point", "coordinates": [ -93.348815685966485, 43.673844097339909 ] } },
{ "type": "Feature", "properties": { "DECADE": "1880", "NHGISNAM": "Genesee", "GISJOIN": "G2600490", "JOIN": "G2600490_1880", "NATIVE_POP": 26 }, "geometry": { "type": "Point", "coordinates": [ -83.706711027968851, 43.021723562934042 ] } },
{ "type": "Feature", "properties": { "DECADE": "1880", "NHGISNAM": "Gladwin", "GISJOIN": "G2600510", "JOIN": "G2600510_1880", "NATIVE_POP": 0 }, "geometry": { "type": "Point", "coordinates": [ -84.388245789074546, 43.990673080436977 ] } },
{ "type": "Feature", "properties": { "DECADE": "1880", "NHGISNAM": "Goodhue", "GISJOIN": "G2700490", "JOIN": "G2700490_1880", "NATIVE_POP": 11 }, "geometry": { "type": "Point", "coordinates": [ -92.722589996139064, 44.409850230246477 ] } },
{ "type": "Feature", "properties": { "DECADE": "1880", "NHGISNAM": "Grand Traverse", "GISJOIN": "G2600550", "JOIN": "G2600550_1880", "NATIVE_POP": 1 }, "geometry": { "type": "Point", "coordinates": [ -85.56049838940578, 44.668666887645358 ] } },
{ "type": "Feature", "properties": { "DECADE": "1880", "NHGISNAM": "Grant", "GISJOIN": "G2700510", "JOIN": "G2700510_1880", "NATIVE_POP": 0 }, "geometry": { "type": "Point", "coordinates": [ -96.012181437184751, 45.934046542171544 ] } },
{ "type": "Feature", "properties": { "DECADE": "1880", "NHGISNAM": "Grant", "GISJOIN": "G5500430", "JOIN": "G5500430_1880", "NATIVE_POP": 0 }, "geometry": { "type": "Point", "coordinates": [ -90.706227635314008, 42.8674742159521 ] } },
{ "type": "Feature", "properties": { "DECADE": "1880", "NHGISNAM": "Gratiot", "GISJOIN": "G2600570", "JOIN": "G2600570_1880", "NATIVE_POP": 8 }, "geometry": { "type": "Point", "coordinates": [ -84.604911617265273, 43.292733086978259 ] } },
{ "type": "Feature", "properties": { "DECADE": "1880", "NHGISNAM": "Green", "GISJOIN": "G5500450", "JOIN": "G5500450_1880", "NATIVE_POP": 0 }, "geometry": { "type": "Point", "coordinates": [ -89.602214510935923, 42.679988344534301 ] } },
{ "type": "Feature", "properties": { "DECADE": "1880", "NHGISNAM": "Green Lake", "GISJOIN": "G5500470", "JOIN": "G5500470_1880", "NATIVE_POP": 32 }, "geometry": { "type": "Point", "coordinates": [ -89.044946919283888, 43.800358639174576 ] } },
{ "type": "Feature", "properties": { "DECADE": "1880", "NHGISNAM": "Hennepin", "GISJOIN": "G2700530", "JOIN": "G2700530_1880", "NATIVE_POP": 82 }, "geometry": { "type": "Point", "coordinates": [ -93.476864272497238, 45.004540015464066 ] } },
{ "type": "Feature", "properties": { "DECADE": "1880", "NHGISNAM": "Hillsdale", "GISJOIN": "G2600590", "JOIN": "G2600590_1880", "NATIVE_POP": 8 }, "geometry": { "type": "Point", "coordinates": [ -84.592928022714332, 41.887767279671756 ] } },
{ "type": "Feature", "properties": { "DECADE": "1880", "NHGISNAM": "Houghton", "GISJOIN": "G2600610", "JOIN": "G2600610_1880", "NATIVE_POP": 24 }, "geometry": { "type": "Point", "coordinates": [ -88.685383580211592, 46.88821532283103 ] } },
{ "type": "Feature", "properties": { "DECADE": "1880", "NHGISNAM": "Houston", "GISJOIN": "G2700550", "JOIN": "G2700550_1880", "NATIVE_POP": 0 }, "geometry": { "type": "Point", "coordinates": [ -91.492832629465127, 43.671444196142424 ] } },
{ "type": "Feature", "properties": { "DECADE": "1880", "NHGISNAM": "Huron", "GISJOIN": "G2600630", "JOIN": "G2600630_1880", "NATIVE_POP": 39 }, "geometry": { "type": "Point", "coordinates": [ -83.019480864735783, 43.833294892896703 ] } },
{ "type": "Feature", "properties": { "DECADE": "1880", "NHGISNAM": "Ingham", "GISJOIN": "G2600650", "JOIN": "G2600650_1880", "NATIVE_POP": 1 }, "geometry": { "type": "Point", "coordinates": [ -84.373537294348935, 42.597098805667194 ] } },
{ "type": "Feature", "properties": { "DECADE": "1880", "NHGISNAM": "Ionia", "GISJOIN": "G2600670", "JOIN": "G2600670_1880", "NATIVE_POP": 3 }, "geometry": { "type": "Point", "coordinates": [ -85.074601615701084, 42.945094187469458 ] } },
{ "type": "Feature", "properties": { "DECADE": "1880", "NHGISNAM": "Iosco", "GISJOIN": "G2600690", "JOIN": "G2600690_1880", "NATIVE_POP": 42 }, "geometry": { "type": "Point", "coordinates": [ -83.635937196341033, 44.355801853265518 ] } },
{ "type": "Feature", "properties": { "DECADE": "1880", "NHGISNAM": "Iowa", "GISJOIN": "G5500490", "JOIN": "G5500490_1880", "NATIVE_POP": 11 }, "geometry": { "type": "Point", "coordinates": [ -90.135433164196215, 43.000476971496887 ] } },
{ "type": "Feature", "properties": { "DECADE": "1880", "NHGISNAM": "Isabella", "GISJOIN": "G2600730", "JOIN": "G2600730_1880", "NATIVE_POP": 479 }, "geometry": { "type": "Point", "coordinates": [ -84.846802217106159, 43.640596722687498 ] } },
{ "type": "Feature", "properties": { "DECADE": "1880", "NHGISNAM": "Isanti", "GISJOIN": "G2700590", "JOIN": "G2700590_1880", "NATIVE_POP": 1 }, "geometry": { "type": "Point", "coordinates": [ -93.295178806019038, 45.561485726273418 ] } },
{ "type": "Feature", "properties": { "DECADE": "1880", "NHGISNAM": "Isle Royale", "GISJOIN": "G2600735", "JOIN": "G2600735_1880", "NATIVE_POP": 0 }, "geometry": { "type": "Point", "coordinates": [ -88.888289735610286, 47.986562905044771 ] } },
{ "type": "Feature", "properties": { "DECADE": "1880", "NHGISNAM": "Itasca", "GISJOIN": "G2700610", "JOIN": "G2700610_1880", "NATIVE_POP": 78 }, "geometry": { "type": "Point", "coordinates": [ -93.716141812045819, 47.926073271897927 ] } },
{ "type": "Feature", "properties": { "DECADE": "1880", "NHGISNAM": "Jackson", "GISJOIN": "G2600750", "JOIN": "G2600750_1880", "NATIVE_POP": 3 }, "geometry": { "type": "Point", "coordinates": [ -84.423437332694093, 42.248487316822008 ] } },
{ "type": "Feature", "properties": { "DECADE": "1880", "NHGISNAM": "Jackson", "GISJOIN": "G2700630", "JOIN": "G2700630_1880", "NATIVE_POP": 0 }, "geometry": { "type": "Point", "coordinates": [ -95.154112867149578, 43.674171807790145 ] } },
{ "type": "Feature", "properties": { "DECADE": "1880", "NHGISNAM": "Jackson", "GISJOIN": "G5500530", "JOIN": "G5500530_1880", "NATIVE_POP": 78 }, "geometry": { "type": "Point", "coordinates": [ -90.807162422130091, 44.316059194559756 ] } },
{ "type": "Feature", "properties": { "DECADE": "1880", "NHGISNAM": "Jefferson", "GISJOIN": "G5500550", "JOIN": "G5500550_1880", "NATIVE_POP": 0 }, "geometry": { "type": "Point", "coordinates": [ -88.775873161485961, 43.020822009432884 ] } },
{ "type": "Feature", "properties": { "DECADE": "1880", "NHGISNAM": "Juneau", "GISJOIN": "G5500570", "JOIN": "G5500570_1880", "NATIVE_POP": 95 }, "geometry": { "type": "Point", "coordinates": [ -90.114017928101887, 43.924441111632781 ] } },
{ "type": "Feature", "properties": { "DECADE": "1880", "NHGISNAM": "Kalamazoo", "GISJOIN": "G2600770", "JOIN": "G2600770_1880", "NATIVE_POP": 3 }, "geometry": { "type": "Point", "coordinates": [ -85.531183515696355, 42.245453291892311 ] } },
{ "type": "Feature", "properties": { "DECADE": "1880", "NHGISNAM": "Kalkaska", "GISJOIN": "G2600790", "JOIN": "G2600790_1880", "NATIVE_POP": 0 }, "geometry": { "type": "Point", "coordinates": [ -85.091118588757851, 44.685254902361464 ] } },
{ "type": "Feature", "properties": { "DECADE": "1880", "NHGISNAM": "Kanabec", "GISJOIN": "G2700650", "JOIN": "G2700650_1880", "NATIVE_POP": 21 }, "geometry": { "type": "Point", "coordinates": [ -93.293423587908151, 45.945218455365698 ] } },
{ "type": "Feature", "properties": { "DECADE": "1880", "NHGISNAM": "Kandiyohi", "GISJOIN": "G2700670", "JOIN": "G2700670_1880", "NATIVE_POP": 0 }, "geometry": { "type": "Point", "coordinates": [ -95.004740712120181, 45.152381923345416 ] } },
{ "type": "Feature", "properties": { "DECADE": "1880", "NHGISNAM": "Kenosha", "GISJOIN": "G5500590", "JOIN": "G5500590_1880", "NATIVE_POP": 0 }, "geometry": { "type": "Point", "coordinates": [ -88.042711476798559, 42.576798853408931 ] } },
{ "type": "Feature", "properties": { "DECADE": "1880", "NHGISNAM": "Kent", "GISJOIN": "G2600810", "JOIN": "G2600810_1880", "NATIVE_POP": 1 }, "geometry": { "type": "Point", "coordinates": [ -85.549295929343486, 43.032155644630372 ] } },
{ "type": "Feature", "properties": { "DECADE": "1880", "NHGISNAM": "Kewaunee", "GISJOIN": "G5500610", "JOIN": "G5500610_1880", "NATIVE_POP": 28 }, "geometry": { "type": "Point", "coordinates": [ -87.615291567750774, 44.516112043380943 ] } },
{ "type": "Feature", "properties": { "DECADE": "1880", "NHGISNAM": "Keweenaw", "GISJOIN": "G2600830", "JOIN": "G2600830_1880", "NATIVE_POP": 0 }, "geometry": { "type": "Point", "coordinates": [ -88.125904959963066, 47.362106540869583 ] } },
{ "type": "Feature", "properties": { "DECADE": "1880", "NHGISNAM": "Kittson", "GISJOIN": "G2700690", "JOIN": "G2700690_1880", "NATIVE_POP": 33 }, "geometry": { "type": "Point", "coordinates": [ -96.387293224420404, 48.774055674289336 ] } },
{ "type": "Feature", "properties": { "DECADE": "1880", "NHGISNAM": "La Crosse", "GISJOIN": "G5500630", "JOIN": "G5500630_1880", "NATIVE_POP": 9 }, "geometry": { "type": "Point", "coordinates": [ -91.115201544550601, 43.906532178637114 ] } },
{ "type": "Feature", "properties": { "DECADE": "1880", "NHGISNAM": "Lac Qui Parle", "GISJOIN": "G2700730", "JOIN": "G2700730_1880", "NATIVE_POP": 0 }, "geometry": { "type": "Point", "coordinates": [ -96.174032226831102, 44.996101531369646 ] } },
{ "type": "Feature", "properties": { "DECADE": "1880", "NHGISNAM": "Lafayette", "GISJOIN": "G5500650", "JOIN": "G5500650_1880", "NATIVE_POP": 0 }, "geometry": { "type": "Point", "coordinates": [ -90.131721976474836, 42.660499382908796 ] } },
{ "type": "Feature", "properties": { "DECADE": "1880", "NHGISNAM": "Lake", "GISJOIN": "G2600850", "JOIN": "G2600850_1880", "NATIVE_POP": 37 }, "geometry": { "type": "Point", "coordinates": [ -85.801692461559014, 43.990011929047029 ] } },
{ "type": "Feature", "properties": { "DECADE": "1880", "NHGISNAM": "Lake", "GISJOIN": "G2700750", "JOIN": "G2700750_1880", "NATIVE_POP": 41 }, "geometry": { "type": "Point", "coordinates": [ -91.437996305009776, 47.642357309799301 ] } },
{ "type": "Feature", "properties": { "DECADE": "1880", "NHGISNAM": "Langlade", "GISJOIN": "G5500670", "JOIN": "G5500670_1880", "NATIVE_POP": 35 }, "geometry": { "type": "Point", "coordinates": [ -88.934541357882452, 45.599121481732219 ] } },
{ "type": "Feature", "properties": { "DECADE": "1880", "NHGISNAM": "Lapeer", "GISJOIN": "G2600870", "JOIN": "G2600870_1880", "NATIVE_POP": 52 }, "geometry": { "type": "Point", "coordinates": [ -83.221783901719746, 43.090147290745001 ] } },
{ "type": "Feature", "properties": { "DECADE": "1880", "NHGISNAM": "Le Sueur", "GISJOIN": "G2700790", "JOIN": "G2700790_1880", "NATIVE_POP": 4 }, "geometry": { "type": "Point", "coordinates": [ -93.73008373170029, 44.371435448234074 ] } },
{ "type": "Feature", "properties": { "DECADE": "1880", "NHGISNAM": "Leelanau", "GISJOIN": "G2600890", "JOIN": "G2600890_1880", "NATIVE_POP": 605 }, "geometry": { "type": "Point", "coordinates": [ -85.811973257656049, 44.938367327804947 ] } },
{ "type": "Feature", "properties": { "DECADE": "1880", "NHGISNAM": "Lenawee", "GISJOIN": "G2600910", "JOIN": "G2600910_1880", "NATIVE_POP": 1 }, "geometry": { "type": "Point", "coordinates": [ -84.066364810628997, 41.895082455562466 ] } },
{ "type": "Feature", "properties": { "DECADE": "1880", "NHGISNAM": "Lincoln", "GISJOIN": "G2700810", "JOIN": "G2700810_1880", "NATIVE_POP": 3 }, "geometry": { "type": "Point", "coordinates": [ -96.267088738924599, 44.412597860803494 ] } },
{ "type": "Feature", "properties": { "DECADE": "1880", "NHGISNAM": "Lincoln", "GISJOIN": "G5500690", "JOIN": "G5500690_1880", "NATIVE_POP": 90 }, "geometry": { "type": "Point", "coordinates": [ -89.68079058613506, 45.735699453766728 ] } },
{ "type": "Feature", "properties": { "DECADE": "1880", "NHGISNAM": "Livingston", "GISJOIN": "G2600930", "JOIN": "G2600930_1880", "NATIVE_POP": 1 }, "geometry": { "type": "Point", "coordinates": [ -83.911528216594277, 42.602915863117829 ] } },
{ "type": "Feature", "properties": { "DECADE": "1880", "NHGISNAM": "Lyon", "GISJOIN": "G2700830", "JOIN": "G2700830_1880", "NATIVE_POP": 0 }, "geometry": { "type": "Point", "coordinates": [ -95.838978853539217, 44.41348912796866 ] } },
{ "type": "Feature", "properties": { "DECADE": "1880", "NHGISNAM": "Mackinac", "GISJOIN": "G2600970", "JOIN": "G2600970_1880", "NATIVE_POP": 254 }, "geometry": { "type": "Point", "coordinates": [ -85.161023178610165, 46.111549088517528 ] } },
{ "type": "Feature", "properties": { "DECADE": "1880", "NHGISNAM": "Macomb", "GISJOIN": "G2600990", "JOIN": "G2600990_1880", "NATIVE_POP": 0 }, "geometry": { "type": "Point", "coordinates": [ -82.9323170650338, 42.695765557454543 ] } },
{ "type": "Feature", "properties": { "DECADE": "1880", "NHGISNAM": "Manistee", "GISJOIN": "G2601010", "JOIN": "G2601010_1880", "NATIVE_POP": 9 }, "geometry": { "type": "Point", "coordinates": [ -86.06901839704166, 44.323457549950717 ] } },
{ "type": "Feature", "properties": { "DECADE": "1880", "NHGISNAM": "Manitou", "GISJOIN": "G2601015", "JOIN": "G2601015_1880", "NATIVE_POP": 149 }, "geometry": { "type": "Point", "coordinates": [ -85.548083370408904, 45.682655417819781 ] } },
{ "type": "Feature", "properties": { "DECADE": "1880", "NHGISNAM": "Manitowoc", "GISJOIN": "G5500710", "JOIN": "G5500710_1880", "NATIVE_POP": 2 }, "geometry": { "type": "Point", "coordinates": [ -87.809648012808708, 44.119941856155044 ] } },
{ "type": "Feature", "properties": { "DECADE": "1880", "NHGISNAM": "Marathon", "GISJOIN": "G5500730", "JOIN": "G5500730_1880", "NATIVE_POP": 109 }, "geometry": { "type": "Point", "coordinates": [ -89.759051643934967, 44.898286651868801 ] } },
{ "type": "Feature", "properties": { "DECADE": "1880", "NHGISNAM": "Marinette", "GISJOIN": "G5500750", "JOIN": "G5500750_1880", "NATIVE_POP": 212 }, "geometry": { "type": "Point", "coordinates": [ -88.069624348587368, 45.45422051158873 ] } },
{ "type": "Feature", "properties": { "DECADE": "1880", "NHGISNAM": "Marquette", "GISJOIN": "G2601030", "JOIN": "G2601030_1880", "NATIVE_POP": 87 }, "geometry": { "type": "Point", "coordinates": [ -87.972641366882826, 46.319870312353103 ] } },
{ "type": "Feature", "properties": { "DECADE": "1880", "NHGISNAM": "Marquette", "GISJOIN": "G5500770", "JOIN": "G5500770_1880", "NATIVE_POP": 22 }, "geometry": { "type": "Point", "coordinates": [ -89.398811928377469, 43.819605856794666 ] } },
{ "type": "Feature", "properties": { "DECADE": "1880", "NHGISNAM": "Marshall", "GISJOIN": "G2700890", "JOIN": "G2700890_1880", "NATIVE_POP": 0 }, "geometry": { "type": "Point", "coordinates": [ -96.368654386214445, 48.369227485009098 ] } },
{ "type": "Feature", "properties": { "DECADE": "1880", "NHGISNAM": "Martin", "GISJOIN": "G2700910", "JOIN": "G2700910_1880", "NATIVE_POP": 0 }, "geometry": { "type": "Point", "coordinates": [ -94.551069636657857, 43.674362583372002 ] } },
{ "type": "Feature", "properties": { "DECADE": "1880", "NHGISNAM": "Mason", "GISJOIN": "G2601050", "JOIN": "G2601050_1880", "NATIVE_POP": 362 }, "geometry": { "type": "Point", "coordinates": [ -86.249974951263525, 43.995264790430511 ] } },
{ "type": "Feature", "properties": { "DECADE": "1880", "NHGISNAM": "Mcleod", "GISJOIN": "G2700850", "JOIN": "G2700850_1880", "NATIVE_POP": 0 }, "geometry": { "type": "Point", "coordinates": [ -94.272420251126832, 44.823543945357542 ] } },
{ "type": "Feature", "properties": { "DECADE": "1880", "NHGISNAM": "Mecosta", "GISJOIN": "G2601070", "JOIN": "G2601070_1880", "NATIVE_POP": 42 }, "geometry": { "type": "Point", "coordinates": [ -85.324631377005957, 43.640796880009326 ] } },
{ "type": "Feature", "properties": { "DECADE": "1880", "NHGISNAM": "Meeker", "GISJOIN": "G2700930", "JOIN": "G2700930_1880", "NATIVE_POP": 0 }, "geometry": { "type": "Point", "coordinates": [ -94.527309488337465, 45.123115388952982 ] } },
{ "type": "Feature", "properties": { "DECADE": "1880", "NHGISNAM": "Menominee", "GISJOIN": "G2601090", "JOIN": "G2601090_1880", "NATIVE_POP": 121 }, "geometry": { "type": "Point", "coordinates": [ -87.650138738179422, 45.661183628805944 ] } },
{ "type": "Feature", "properties": { "DECADE": "1880", "NHGISNAM": "Midland", "GISJOIN": "G2601110", "JOIN": "G2601110_1880", "NATIVE_POP": 8 }, "geometry": { "type": "Point", "coordinates": [ -84.388109196434087, 43.646856437236231 ] } },
{ "type": "Feature", "properties": { "DECADE": "1880", "NHGISNAM": "Mille Lacs", "GISJOIN": "G2700950", "JOIN": "G2700950_1880", "NATIVE_POP": 44 }, "geometry": { "type": "Point", "coordinates": [ -93.63008723896445, 45.93804797058484 ] } },
{ "type": "Feature", "properties": { "DECADE": "1880", "NHGISNAM": "Milwaukee", "GISJOIN": "G5500790", "JOIN": "G5500790_1880", "NATIVE_POP": 0 }, "geometry": { "type": "Point", "coordinates": [ -87.966756028269529, 43.007143909425707 ] } },
{ "type": "Feature", "properties": { "DECADE": "1880", "NHGISNAM": "Missaukee", "GISJOIN": "G2601130", "JOIN": "G2601130_1880", "NATIVE_POP": 0 }, "geometry": { "type": "Point", "coordinates": [ -85.094676209639815, 44.33731710844161 ] } },
{ "type": "Feature", "properties": { "DECADE": "1880", "NHGISNAM": "Monroe", "GISJOIN": "G2601150", "JOIN": "G2601150_1880", "NATIVE_POP": 0 }, "geometry": { "type": "Point", "coordinates": [ -83.540059892284475, 41.92963697841865 ] } },
{ "type": "Feature", "properties": { "DECADE": "1880", "NHGISNAM": "Monroe", "GISJOIN": "G5500810", "JOIN": "G5500810_1880", "NATIVE_POP": 35 }, "geometry": { "type": "Point", "coordinates": [ -90.612488894667706, 43.94307377031712 ] } },
{ "type": "Feature", "properties": { "DECADE": "1880", "NHGISNAM": "Montcalm", "GISJOIN": "G2601170", "JOIN": "G2601170_1880", "NATIVE_POP": 0 }, "geometry": { "type": "Point", "coordinates": [ -85.152516170753643, 43.310955178348756 ] } },
{ "type": "Feature", "properties": { "DECADE": "1880", "NHGISNAM": "Morrison", "GISJOIN": "G2700970", "JOIN": "G2700970_1880", "NATIVE_POP": 12 }, "geometry": { "type": "Point", "coordinates": [ -94.268440312535631, 46.012632648004093 ] } },
{ "type": "Feature", "properties": { "DECADE": "1880", "NHGISNAM": "Mower", "GISJOIN": "G2700990", "JOIN": "G2700990_1880", "NATIVE_POP": 0 }, "geometry": { "type": "Point", "coordinates": [ -92.752512948363432, 43.671469805701769 ] } },
{ "type": "Feature", "properties": { "DECADE": "1880", "NHGISNAM": "Murray", "GISJOIN": "G2701010", "JOIN": "G2701010_1880", "NATIVE_POP": 0 }, "geometry": { "type": "Point", "coordinates": [ -95.763274981832637, 44.022121976991428 ] } },
{ "type": "Feature", "properties": { "DECADE": "1880", "NHGISNAM": "Muskegon", "GISJOIN": "G2601210", "JOIN": "G2601210_1880", "NATIVE_POP": 11 }, "geometry": { "type": "Point", "coordinates": [ -86.152056382707045, 43.291223904083289 ] } },
{ "type": "Feature", "properties": { "DECADE": "1880", "NHGISNAM": "Newaygo", "GISJOIN": "G2601230", "JOIN": "G2601230_1880", "NATIVE_POP": 129 }, "geometry": { "type": "Point", "coordinates": [ -85.800923436216237, 43.554165911152332 ] } },
{ "type": "Feature", "properties": { "DECADE": "1880", "NHGISNAM": "Nicollet", "GISJOIN": "G2701030", "JOIN": "G2701030_1880", "NATIVE_POP": 2 }, "geometry": { "type": "Point", "coordinates": [ -94.247276872442896, 44.349880602087879 ] } },
{ "type": "Feature", "properties": { "DECADE": "1880", "NHGISNAM": "Nobles", "GISJOIN": "G2701050", "JOIN": "G2701050_1880", "NATIVE_POP": 0 }, "geometry": { "type": "Point", "coordinates": [ -95.753388456832226, 43.674238751492247 ] } },
{ "type": "Feature", "properties": { "DECADE": "1880", "NHGISNAM": "Oakland", "GISJOIN": "G2601250", "JOIN": "G2601250_1880", "NATIVE_POP": 1 }, "geometry": { "type": "Point", "coordinates": [ -83.385817914689753, 42.66040092272813 ] } },
{ "type": "Feature", "properties": { "DECADE": "1880", "NHGISNAM": "Oceana", "GISJOIN": "G2601270", "JOIN": "G2601270_1880", "NATIVE_POP": 347 }, "geometry": { "type": "Point", "coordinates": [ -86.267602731857451, 43.640917137424864 ] } },
{ "type": "Feature", "properties": { "DECADE": "1880", "NHGISNAM": "Oconto", "GISJOIN": "G5500830", "JOIN": "G5500830_1880", "NATIVE_POP": 105 }, "geometry": { "type": "Point", "coordinates": [ -88.379796940575503, 45.234932430076483 ] } },
{ "type": "Feature", "properties": { "DECADE": "1880", "NHGISNAM": "Ogemaw", "GISJOIN": "G2601290", "JOIN": "G2601290_1880", "NATIVE_POP": 0 }, "geometry": { "type": "Point", "coordinates": [ -84.126414304694009, 44.33493803657997 ] } },
{ "type": "Feature", "properties": { "DECADE": "1880", "NHGISNAM": "Olmsted", "GISJOIN": "G2701090", "JOIN": "G2701090_1880", "NATIVE_POP": 0 }, "geometry": { "type": "Point", "coordinates": [ -92.401760817559051, 44.003732709694482 ] } },
{ "type": "Feature", "properties": { "DECADE": "1880", "NHGISNAM": "Ontonagon", "GISJOIN": "G2601310", "JOIN": "G2601310_1880", "NATIVE_POP": 74 }, "geometry": { "type": "Point", "coordinates": [ -89.490091334954641, 46.546390934538863 ] } },
{ "type": "Feature", "properties": { "DECADE": "1880", "NHGISNAM": "Osceola", "GISJOIN": "G2601330", "JOIN": "G2601330_1880", "NATIVE_POP": 23 }, "geometry": { "type": "Point", "coordinates": [ -85.325274987508053, 43.989868768405394 ] } },
{ "type": "Feature", "properties": { "DECADE": "1880", "NHGISNAM": "Oscoda", "GISJOIN": "G2601350", "JOIN": "G2601350_1880", "NATIVE_POP": 2 }, "geometry": { "type": "Point", "coordinates": [ -84.129735082028688, 44.681745389742332 ] } },
{ "type": "Feature", "properties": { "DECADE": "1880", "NHGISNAM": "Otsego", "GISJOIN": "G2601370", "JOIN": "G2601370_1880", "NATIVE_POP": 0 }, "geometry": { "type": "Point", "coordinates": [ -84.599001846496137, 45.021433866743102 ] } },
{ "type": "Feature", "properties": { "DECADE": "1880", "NHGISNAM": "Ottawa", "GISJOIN": "G2601390", "JOIN": "G2601390_1880", "NATIVE_POP": 85 }, "geometry": { "type": "Point", "coordinates": [ -85.996116597943981, 42.959847307964658 ] } },
{ "type": "Feature", "properties": { "DECADE": "1880", "NHGISNAM": "Otter Tail", "GISJOIN": "G2701110", "JOIN": "G2701110_1880", "NATIVE_POP": 15 }, "geometry": { "type": "Point", "coordinates": [ -95.708001683459628, 46.408796056782492 ] } },
{ "type": "Feature", "properties": { "DECADE": "1880", "NHGISNAM": "Outagamie", "GISJOIN": "G5500870", "JOIN": "G5500870_1880", "NATIVE_POP": 21 }, "geometry": { "type": "Point", "coordinates": [ -88.464941862481766, 44.416095308143191 ] } },
{ "type": "Feature", "properties": { "DECADE": "1880", "NHGISNAM": "Ozaukee", "GISJOIN": "G5500890", "JOIN": "G5500890_1880", "NATIVE_POP": 0 }, "geometry": { "type": "Point", "coordinates": [ -87.950820495422718, 43.384069033071036 ] } },
{ "type": "Feature", "properties": { "DECADE": "1880", "NHGISNAM": "Pepin", "GISJOIN": "G5500910", "JOIN": "G5500910_1880", "NATIVE_POP": 0 }, "geometry": { "type": "Point", "coordinates": [ -92.001561440373536, 44.582914105789783 ] } },
{ "type": "Feature", "properties": { "DECADE": "1880", "NHGISNAM": "Pierce", "GISJOIN": "G5500930", "JOIN": "G5500930_1880", "NATIVE_POP": 21 }, "geometry": { "type": "Point", "coordinates": [ -92.42248511376313, 44.719630658020776 ] } },
{ "type": "Feature", "properties": { "DECADE": "1880", "NHGISNAM": "Pine", "GISJOIN": "G2701150", "JOIN": "G2701150_1880", "NATIVE_POP": 171 }, "geometry": { "type": "Point", "coordinates": [ -92.741270017689686, 46.120767625988478 ] } },
{ "type": "Feature", "properties": { "DECADE": "1880", "NHGISNAM": "Pipestone", "GISJOIN": "G2701170", "JOIN": "G2701170_1880", "NATIVE_POP": 0 }, "geometry": { "type": "Point", "coordinates": [ -96.258644562371686, 44.022995170209917 ] } },
{ "type": "Feature", "properties": { "DECADE": "1880", "NHGISNAM": "Polk", "GISJOIN": "G2701190", "JOIN": "G2701190_1880", "NATIVE_POP": 163 }, "geometry": { "type": "Point", "coordinates": [ -96.256046398788797, 47.679620255295454 ] } },
{ "type": "Feature", "properties": { "DECADE": "1880", "NHGISNAM": "Polk", "GISJOIN": "G5500950", "JOIN": "G5500950_1880", "NATIVE_POP": 241 }, "geometry": { "type": "Point", "coordinates": [ -92.44139461855633, 45.461418858569786 ] } },
{ "type": "Feature", "properties": { "DECADE": "1880", "NHGISNAM": "Pope", "GISJOIN": "G2701210", "JOIN": "G2701210_1880", "NATIVE_POP": 0 }, "geometry": { "type": "Point", "coordinates": [ -95.444484060759564, 45.58603028577491 ] } },
{ "type": "Feature", "properties": { "DECADE": "1880", "NHGISNAM": "Portage", "GISJOIN": "G5500970", "JOIN": "G5500970_1880", "NATIVE_POP": 7 }, "geometry": { "type": "Point", "coordinates": [ -89.501410317651519, 44.476046708609253 ] } },
{ "type": "Feature", "properties": { "DECADE": "1880", "NHGISNAM": "Presque Isle", "GISJOIN": "G2601410", "JOIN": "G2601410_1880", "NATIVE_POP": 5 }, "geometry": { "type": "Point", "coordinates": [ -83.917831737285454, 45.34016392115327 ] } },
{ "type": "Feature", "properties": { "DECADE": "1880", "NHGISNAM": "Price", "GISJOIN": "G5500990", "JOIN": "G5500990_1880", "NATIVE_POP": 7 }, "geometry": { "type": "Point", "coordinates": [ -90.361387802640905, 45.68042977719243 ] } },
{ "type": "Feature", "properties": { "DECADE": "1880", "NHGISNAM": "Racine", "GISJOIN": "G5501010", "JOIN": "G5501010_1880", "NATIVE_POP": 0 }, "geometry": { "type": "Point", "coordinates": [ -88.061131974507248, 42.747481173420105 ] } },
{ "type": "Feature", "properties": { "DECADE": "1880", "NHGISNAM": "Ramsey", "GISJOIN": "G2701230", "JOIN": "G2701230_1880", "NATIVE_POP": 26 }, "geometry": { "type": "Point", "coordinates": [ -93.09960213337817, 45.017062123848355 ] } },
{ "type": "Feature", "properties": { "DECADE": "1880", "NHGISNAM": "Redwood", "GISJOIN": "G2701270", "JOIN": "G2701270_1880", "NATIVE_POP": 28 }, "geometry": { "type": "Point", "coordinates": [ -95.253834816566268, 44.403660796973611 ] } },
{ "type": "Feature", "properties": { "DECADE": "1880", "NHGISNAM": "Renville", "GISJOIN": "G2701290", "JOIN": "G2701290_1880", "NATIVE_POP": 0 }, "geometry": { "type": "Point", "coordinates": [ -94.947168543077836, 44.726817621660743 ] } },
{ "type": "Feature", "properties": { "DECADE": "1880", "NHGISNAM": "Rice", "GISJOIN": "G2701310", "JOIN": "G2701310_1880", "NATIVE_POP": 53 }, "geometry": { "type": "Point", "coordinates": [ -93.296677480617433, 44.35426145210225 ] } },
{ "type": "Feature", "properties": { "DECADE": "1880", "NHGISNAM": "Richland", "GISJOIN": "G5501030", "JOIN": "G5501030_1880", "NATIVE_POP": 1 }, "geometry": { "type": "Point", "coordinates": [ -90.429489903296258, 43.375626845066236 ] } },
{ "type": "Feature", "properties": { "DECADE": "1880", "NHGISNAM": "Rock", "GISJOIN": "G2701330", "JOIN": "G2701330_1880", "NATIVE_POP": 0 }, "geometry": { "type": "Point", "coordinates": [ -96.253209002569619, 43.674631542443784 ] } },
{ "type": "Feature", "properties": { "DECADE": "1880", "NHGISNAM": "Rock", "GISJOIN": "G5501050", "JOIN": "G5501050_1880", "NATIVE_POP": 11 }, "geometry": { "type": "Point", "coordinates": [ -89.071578501797717, 42.671223766313766 ] } },
{ "type": "Feature", "properties": { "DECADE": "1880", "NHGISNAM": "Roscommon", "GISJOIN": "G2601430", "JOIN": "G2601430_1880", "NATIVE_POP": 3 }, "geometry": { "type": "Point", "coordinates": [ -84.611599836047262, 44.33560774617019 ] } },
{ "type": "Feature", "properties": { "DECADE": "1880", "NHGISNAM": "Saginaw", "GISJOIN": "G2601450", "JOIN": "G2601450_1880", "NATIVE_POP": 284 }, "geometry": { "type": "Point", "coordinates": [ -84.050872177775474, 43.340934616684869 ] } },
{ "type": "Feature", "properties": { "DECADE": "1880", "NHGISNAM": "Sanilac", "GISJOIN": "G2601510", "JOIN": "G2601510_1880", "NATIVE_POP": 0 }, "geometry": { "type": "Point", "coordinates": [ -82.820131619135609, 43.423563219781983 ] } },
{ "type": "Feature", "properties": { "DECADE": "1880", "NHGISNAM": "Sauk", "GISJOIN": "G5501110", "JOIN": "G5501110_1880", "NATIVE_POP": 0 }, "geometry": { "type": "Point", "coordinates": [ -89.948371749009624, 43.42677001778533 ] } },
{ "type": "Feature", "properties": { "DECADE": "1880", "NHGISNAM": "Schoolcraft", "GISJOIN": "G2601530", "JOIN": "G2601530_1880", "NATIVE_POP": 134 }, "geometry": { "type": "Point", "coordinates": [ -86.375447181792325, 46.288807532702478 ] } },
{ "type": "Feature", "properties": { "DECADE": "1880", "NHGISNAM": "Scott", "GISJOIN": "G2701390", "JOIN": "G2701390_1880", "NATIVE_POP": 47 }, "geometry": { "type": "Point", "coordinates": [ -93.535927163517698, 44.648415547949114 ] } },
{ "type": "Feature", "properties": { "DECADE": "1880", "NHGISNAM": "Shawano", "GISJOIN": "G5501150", "JOIN": "G5501150_1880", "NATIVE_POP": 278 }, "geometry": { "type": "Point", "coordinates": [ -88.78791721887184, 44.851886939511047 ] } },
{ "type": "Feature", "properties": { "DECADE": "1880", "NHGISNAM": "Sheboygan", "GISJOIN": "G5501170", "JOIN": "G5501170_1880", "NATIVE_POP": 0 }, "geometry": { "type": "Point", "coordinates": [ -87.945422112298289, 43.721165816029277 ] } },
{ "type": "Feature", "properties": { "DECADE": "1880", "NHGISNAM": "Sherburne", "GISJOIN": "G2701410", "JOIN": "G2701410_1880", "NATIVE_POP": 0 }, "geometry": { "type": "Point", "coordinates": [ -93.774581062011492, 45.443956293986012 ] } },
{ "type": "Feature", "properties": { "DECADE": "1880", "NHGISNAM": "Shiawassee", "GISJOIN": "G2601550", "JOIN": "G2601550_1880", "NATIVE_POP": 3 }, "geometry": { "type": "Point", "coordinates": [ -84.146733126857825, 42.953734757756074 ] } },
{ "type": "Feature", "properties": { "DECADE": "1880", "NHGISNAM": "Sibley", "GISJOIN": "G2701430", "JOIN": "G2701430_1880", "NATIVE_POP": 0 }, "geometry": { "type": "Point", "coordinates": [ -94.232137721079255, 44.579488466106241 ] } },
{ "type": "Feature", "properties": { "DECADE": "1880", "NHGISNAM": "St Clair", "GISJOIN": "G2601470", "JOIN": "G2601470_1880", "NATIVE_POP": 5 }, "geometry": { "type": "Point", "coordinates": [ -82.683233559526855, 42.94184560369137 ] } },
{ "type": "Feature", "properties": { "DECADE": "1880", "NHGISNAM": "St Croix", "GISJOIN": "G5501090", "JOIN": "G5501090_1880", "NATIVE_POP": 12 }, "geometry": { "type": "Point", "coordinates": [ -92.452782989231522, 45.034067205000945 ] } },
{ "type": "Feature", "properties": { "DECADE": "1880", "NHGISNAM": "St Joseph", "GISJOIN": "G2601490", "JOIN": "G2601490_1880", "NATIVE_POP": 11 }, "geometry": { "type": "Point", "coordinates": [ -85.527742367786587, 41.914414243025789 ] } },
{ "type": "Feature", "properties": { "DECADE": "1880", "NHGISNAM": "St. Louis", "GISJOIN": "G2701370", "JOIN": "G2701370_1880", "NATIVE_POP": 124 }, "geometry": { "type": "Point", "coordinates": [ -92.465953950925098, 47.60399377463682 ] } },
{ "type": "Feature", "properties": { "DECADE": "1880", "NHGISNAM": "Stearns", "GISJOIN": "G2701450", "JOIN": "G2701450_1880", "NATIVE_POP": 0 }, "geometry": { "type": "Point", "coordinates": [ -94.613023295422892, 45.552151049702601 ] } },
{ "type": "Feature", "properties": { "DECADE": "1880", "NHGISNAM": "Steele", "GISJOIN": "G2701470", "JOIN": "G2701470_1880", "NATIVE_POP": 0 }, "geometry": { "type": "Point", "coordinates": [ -93.22604110276832, 44.02234375989056 ] } },
{ "type": "Feature", "properties": { "DECADE": "1880", "NHGISNAM": "Stevens", "GISJOIN": "G2701490", "JOIN": "G2701490_1880", "NATIVE_POP": 0 }, "geometry": { "type": "Point", "coordinates": [ -96.000302726066806, 45.586125681449317 ] } },
{ "type": "Feature", "properties": { "DECADE": "1880", "NHGISNAM": "Swift", "GISJOIN": "G2701510", "JOIN": "G2701510_1880", "NATIVE_POP": 0 }, "geometry": { "type": "Point", "coordinates": [ -95.6814266241323, 45.282714289693502 ] } },
{ "type": "Feature", "properties": { "DECADE": "1880", "NHGISNAM": "Taylor", "GISJOIN": "G5501190", "JOIN": "G5501190_1880", "NATIVE_POP": 0 }, "geometry": { "type": "Point", "coordinates": [ -90.501200477615214, 45.211557268528331 ] } },
{ "type": "Feature", "properties": { "DECADE": "1880", "NHGISNAM": "Todd", "GISJOIN": "G2701530", "JOIN": "G2701530_1880", "NATIVE_POP": 4 }, "geometry": { "type": "Point", "coordinates": [ -94.897615195602128, 46.070605846052082 ] } },
{ "type": "Feature", "properties": { "DECADE": "1880", "NHGISNAM": "Traverse", "GISJOIN": "G2701550", "JOIN": "G2701550_1880", "NATIVE_POP": 0 }, "geometry": { "type": "Point", "coordinates": [ -96.471641155395446, 45.772185854440792 ] } },
{ "type": "Feature", "properties": { "DECADE": "1880", "NHGISNAM": "Trempealeau", "GISJOIN": "G5501210", "JOIN": "G5501210_1880", "NATIVE_POP": 0 }, "geometry": { "type": "Point", "coordinates": [ -91.358463799917416, 44.303947269870463 ] } },
{ "type": "Feature", "properties": { "DECADE": "1880", "NHGISNAM": "Tuscola", "GISJOIN": "G2601570", "JOIN": "G2601570_1880", "NATIVE_POP": 64 }, "geometry": { "type": "Point", "coordinates": [ -83.416777744616354, 43.464116369489673 ] } },
{ "type": "Feature", "properties": { "DECADE": "1880", "NHGISNAM": "Unattached", "GISJOIN": "G2701545", "JOIN": "G2701545_1880", "NATIVE_POP": null }, "geometry": { "type": "Point", "coordinates": [ -96.365525078184987, 48.184195175099532 ] } },
{ "type": "Feature", "properties": { "DECADE": "1880", "NHGISNAM": "Van Buren", "GISJOIN": "G2601590", "JOIN": "G2601590_1880", "NATIVE_POP": 87 }, "geometry": { "type": "Point", "coordinates": [ -86.018906986229311, 42.251299380164362 ] } },
{ "type": "Feature", "properties": { "DECADE": "1880", "NHGISNAM": "Vernon", "GISJOIN": "G5501230", "JOIN": "G5501230_1880", "NATIVE_POP": 0 }, "geometry": { "type": "Point", "coordinates": [ -90.834383988787081, 43.593865496624744 ] } },
{ "type": "Feature", "properties": { "DECADE": "1880", "NHGISNAM": "Wabasha", "GISJOIN": "G2701570", "JOIN": "G2701570_1880", "NATIVE_POP": 34 }, "geometry": { "type": "Point", "coordinates": [ -92.230296672822362, 44.284270587440517 ] } },
{ "type": "Feature", "properties": { "DECADE": "1880", "NHGISNAM": "Wadena", "GISJOIN": "G2701590", "JOIN": "G2701590_1880", "NATIVE_POP": 0 }, "geometry": { "type": "Point", "coordinates": [ -94.970568832229645, 46.586879079128011 ] } },
{ "type": "Feature", "properties": { "DECADE": "1880", "NHGISNAM": "Walworth", "GISJOIN": "G5501270", "JOIN": "G5501270_1880", "NATIVE_POP": 0 }, "geometry": { "type": "Point", "coordinates": [ -88.541922050348504, 42.668477331201302 ] } },
{ "type": "Feature", "properties": { "DECADE": "1880", "NHGISNAM": "Waseca", "GISJOIN": "G2701610", "JOIN": "G2701610_1880", "NATIVE_POP": 4 }, "geometry": { "type": "Point", "coordinates": [ -93.587283402560928, 44.02212317724716 ] } },
{ "type": "Feature", "properties": { "DECADE": "1880", "NHGISNAM": "Washington", "GISJOIN": "G2701630", "JOIN": "G2701630_1880", "NATIVE_POP": 18 }, "geometry": { "type": "Point", "coordinates": [ -92.883956062216711, 45.038732820408264 ] } },
{ "type": "Feature", "properties": { "DECADE": "1880", "NHGISNAM": "Washington", "GISJOIN": "G5501310", "JOIN": "G5501310_1880", "NATIVE_POP": 0 }, "geometry": { "type": "Point", "coordinates": [ -88.230781325055773, 43.368471158424725 ] } },
{ "type": "Feature", "properties": { "DECADE": "1880", "NHGISNAM": "Washtenaw", "GISJOIN": "G2601610", "JOIN": "G2601610_1880", "NATIVE_POP": 2 }, "geometry": { "type": "Point", "coordinates": [ -83.838770695724946, 42.253225589733439 ] } },
{ "type": "Feature", "properties": { "DECADE": "1880", "NHGISNAM": "Watonwan", "GISJOIN": "G2701650", "JOIN": "G2701650_1880", "NATIVE_POP": 0 }, "geometry": { "type": "Point", "coordinates": [ -94.614061023558762, 43.978427705286435 ] } },
{ "type": "Feature", "properties": { "DECADE": "1880", "NHGISNAM": "Waukesha", "GISJOIN": "G5501330", "JOIN": "G5501330_1880", "NATIVE_POP": 1 }, "geometry": { "type": "Point", "coordinates": [ -88.304537215816907, 43.01818281119175 ] } },
{ "type": "Feature", "properties": { "DECADE": "1880", "NHGISNAM": "Waupaca", "GISJOIN": "G5501350", "JOIN": "G5501350_1880", "NATIVE_POP": 13 }, "geometry": { "type": "Point", "coordinates": [ -88.964819829815141, 44.470424831800948 ] } },
{ "type": "Feature", "properties": { "DECADE": "1880", "NHGISNAM": "Waushara", "GISJOIN": "G5501370", "JOIN": "G5501370_1880", "NATIVE_POP": 12 }, "geometry": { "type": "Point", "coordinates": [ -89.242877745065528, 44.11312635714367 ] } },
{ "type": "Feature", "properties": { "DECADE": "1880", "NHGISNAM": "Wayne", "GISJOIN": "G2601630", "JOIN": "G2601630_1880", "NATIVE_POP": 34 }, "geometry": { "type": "Point", "coordinates": [ -83.286677258457985, 42.284188118537074 ] } },
{ "type": "Feature", "properties": { "DECADE": "1880", "NHGISNAM": "Wexford", "GISJOIN": "G2601650", "JOIN": "G2601650_1880", "NATIVE_POP": 1 }, "geometry": { "type": "Point", "coordinates": [ -85.596193636673377, 44.346109355278394 ] } },
{ "type": "Feature", "properties": { "DECADE": "1880", "NHGISNAM": "Wilkin", "GISJOIN": "G2701670", "JOIN": "G2701670_1880", "NATIVE_POP": 9 }, "geometry": { "type": "Point", "coordinates": [ -96.468346156459361, 46.357079289199433 ] } },
{ "type": "Feature", "properties": { "DECADE": "1880", "NHGISNAM": "Winnebago", "GISJOIN": "G5501390", "JOIN": "G5501390_1880", "NATIVE_POP": 61 }, "geometry": { "type": "Point", "coordinates": [ -88.644656572894604, 44.068879200321646 ] } },
{ "type": "Feature", "properties": { "DECADE": "1880", "NHGISNAM": "Winona", "GISJOIN": "G2701690", "JOIN": "G2701690_1880", "NATIVE_POP": 0 }, "geometry": { "type": "Point", "coordinates": [ -91.779128632432716, 43.986848154087269 ] } },
{ "type": "Feature", "properties": { "DECADE": "1880", "NHGISNAM": "Wood", "GISJOIN": "G5501410", "JOIN": "G5501410_1880", "NATIVE_POP": 18 }, "geometry": { "type": "Point", "coordinates": [ -90.041560492952584, 44.455320426570552 ] } },
{ "type": "Feature", "properties": { "DECADE": "1880", "NHGISNAM": "Wright", "GISJOIN": "G2701710", "JOIN": "G2701710_1880", "NATIVE_POP": 0 }, "geometry": { "type": "Point", "coordinates": [ -93.963030908105097, 45.173923906077455 ] } },
{ "type": "Feature", "properties": { "DECADE": "1880", "NHGISNAM": "Yellow Medicine", "GISJOIN": "G2701730", "JOIN": "G2701730_1880", "NATIVE_POP": 2 }, "geometry": { "type": "Point", "coordinates": [ -95.86834103387757, 44.71625532551856 ] } },
{ "type": "Feature", "properties": { "DECADE": "1890", "NHGISNAM": "Adams", "GISJOIN": "G5500010", "JOIN": "G5500010_1890", "NATIVE_POP": 60 }, "geometry": { "type": "Point", "coordinates": [ -89.77063651438749, 43.969625711543962 ] } },
{ "type": "Feature", "properties": { "DECADE": "1890", "NHGISNAM": "Aitkin", "GISJOIN": "G2700010", "JOIN": "G2700010_1890", "NATIVE_POP": 233 }, "geometry": { "type": "Point", "coordinates": [ -93.415433070159565, 46.608254689238443 ] } },
{ "type": "Feature", "properties": { "DECADE": "1890", "NHGISNAM": "Alcona", "GISJOIN": "G2600010", "JOIN": "G2600010_1890", "NATIVE_POP": 26 }, "geometry": { "type": "Point", "coordinates": [ -83.593755383651583, 44.685414496148688 ] } },
{ "type": "Feature", "properties": { "DECADE": "1890", "NHGISNAM": "Alger", "GISJOIN": "G2600030", "JOIN": "G2600030_1890", "NATIVE_POP": 78 }, "geometry": { "type": "Point", "coordinates": [ -86.603842402344213, 46.408614774216332 ] } },
{ "type": "Feature", "properties": { "DECADE": "1890", "NHGISNAM": "Allegan", "GISJOIN": "G2600050", "JOIN": "G2600050_1890", "NATIVE_POP": 71 }, "geometry": { "type": "Point", "coordinates": [ -85.888413035318464, 42.591288541854304 ] } },
{ "type": "Feature", "properties": { "DECADE": "1890", "NHGISNAM": "Alpena", "GISJOIN": "G2600070", "JOIN": "G2600070_1890", "NATIVE_POP": 0 }, "geometry": { "type": "Point", "coordinates": [ -83.627672253803894, 45.034809219267331 ] } },
{ "type": "Feature", "properties": { "DECADE": "1890", "NHGISNAM": "Anoka", "GISJOIN": "G2700030", "JOIN": "G2700030_1890", "NATIVE_POP": 0 }, "geometry": { "type": "Point", "coordinates": [ -93.246452745039747, 45.27323408201174 ] } },
{ "type": "Feature", "properties": { "DECADE": "1890", "NHGISNAM": "Antrim", "GISJOIN": "G2600090", "JOIN": "G2600090_1890", "NATIVE_POP": 184 }, "geometry": { "type": "Point", "coordinates": [ -85.140284507346692, 44.999073174221934 ] } },
{ "type": "Feature", "properties": { "DECADE": "1890", "NHGISNAM": "Arenac", "GISJOIN": "G2600110", "JOIN": "G2600110_1890", "NATIVE_POP": 120 }, "geometry": { "type": "Point", "coordinates": [ -83.895006735873963, 44.065421888759765 ] } },
{ "type": "Feature", "properties": { "DECADE": "1890", "NHGISNAM": "Ashland", "GISJOIN": "G5500030", "JOIN": "G5500030_1890", "NATIVE_POP": 18 }, "geometry": { "type": "Point", "coordinates": [ -90.529032815216055, 46.303580309735558 ] } },
{ "type": "Feature", "properties": { "DECADE": "1890", "NHGISNAM": "Baraga", "GISJOIN": "G2600130", "JOIN": "G2600130_1890", "NATIVE_POP": 287 }, "geometry": { "type": "Point", "coordinates": [ -88.365286823047256, 46.662482195469416 ] } },
{ "type": "Feature", "properties": { "DECADE": "1890", "NHGISNAM": "Barron", "GISJOIN": "G5500050", "JOIN": "G5500050_1890", "NATIVE_POP": 40 }, "geometry": { "type": "Point", "coordinates": [ -91.848309433665435, 45.423723224602071 ] } },
{ "type": "Feature", "properties": { "DECADE": "1890", "NHGISNAM": "Barry", "GISJOIN": "G2600150", "JOIN": "G2600150_1890", "NATIVE_POP": 1 }, "geometry": { "type": "Point", "coordinates": [ -85.308968240337705, 42.595027583108596 ] } },
{ "type": "Feature", "properties": { "DECADE": "1890", "NHGISNAM": "Bay", "GISJOIN": "G2600170", "JOIN": "G2600170_1890", "NATIVE_POP": 92 }, "geometry": { "type": "Point", "coordinates": [ -83.99201046509009, 43.70724590795399 ] } },
{ "type": "Feature", "properties": { "DECADE": "1890", "NHGISNAM": "Bayfield", "GISJOIN": "G5500070", "JOIN": "G5500070_1890", "NATIVE_POP": 304 }, "geometry": { "type": "Point", "coordinates": [ -91.200878387349675, 46.523647103333715 ] } },
{ "type": "Feature", "properties": { "DECADE": "1890", "NHGISNAM": "Becker", "GISJOIN": "G2700050", "JOIN": "G2700050_1890", "NATIVE_POP": 178 }, "geometry": { "type": "Point", "coordinates": [ -95.673925588143987, 46.934649065428552 ] } },
{ "type": "Feature", "properties": { "DECADE": "1890", "NHGISNAM": "Beltrami", "GISJOIN": "G2700070", "JOIN": "G2700070_1890", "NATIVE_POP": 0 }, "geometry": { "type": "Point", "coordinates": [ -95.038560354139761, 48.203226940443685 ] } },
{ "type": "Feature", "properties": { "DECADE": "1890", "NHGISNAM": "Benton", "GISJOIN": "G2700090", "JOIN": "G2700090_1890", "NATIVE_POP": 25 }, "geometry": { "type": "Point", "coordinates": [ -93.9988620763814, 45.699135387592058 ] } },
{ "type": "Feature", "properties": { "DECADE": "1890", "NHGISNAM": "Benzie", "GISJOIN": "G2600190", "JOIN": "G2600190_1890", "NATIVE_POP": 0 }, "geometry": { "type": "Point", "coordinates": [ -86.015521445711585, 44.63870072497636 ] } },
{ "type": "Feature", "properties": { "DECADE": "1890", "NHGISNAM": "Berrien", "GISJOIN": "G2600210", "JOIN": "G2600210_1890", "NATIVE_POP": 32 }, "geometry": { "type": "Point", "coordinates": [ -86.412279294567284, 41.954671724419796 ] } },
{ "type": "Feature", "properties": { "DECADE": "1890", "NHGISNAM": "Big Stone", "GISJOIN": "G2700110", "JOIN": "G2700110_1890", "NATIVE_POP": 66 }, "geometry": { "type": "Point", "coordinates": [ -96.410848338421388, 45.426569267140955 ] } },
{ "type": "Feature", "properties": { "DECADE": "1890", "NHGISNAM": "Blue Earth", "GISJOIN": "G2700130", "JOIN": "G2700130_1890", "NATIVE_POP": 28 }, "geometry": { "type": "Point", "coordinates": [ -94.067034366436687, 44.034588426433785 ] } },
{ "type": "Feature", "properties": { "DECADE": "1890", "NHGISNAM": "Branch", "GISJOIN": "G2600230", "JOIN": "G2600230_1890", "NATIVE_POP": 0 }, "geometry": { "type": "Point", "coordinates": [ -85.059041587716408, 41.916118332804814 ] } },
{ "type": "Feature", "properties": { "DECADE": "1890", "NHGISNAM": "Brown", "GISJOIN": "G2700150", "JOIN": "G2700150_1890", "NATIVE_POP": 0 }, "geometry": { "type": "Point", "coordinates": [ -94.727477762089009, 44.242172491538575 ] } },
{ "type": "Feature", "properties": { "DECADE": "1890", "NHGISNAM": "Brown", "GISJOIN": "G5500090", "JOIN": "G5500090_1890", "NATIVE_POP": 732 }, "geometry": { "type": "Point", "coordinates": [ -88.003317789993972, 44.452104404749036 ] } },
{ "type": "Feature", "properties": { "DECADE": "1890", "NHGISNAM": "Buffalo", "GISJOIN": "G5500110", "JOIN": "G5500110_1890", "NATIVE_POP": 0 }, "geometry": { "type": "Point", "coordinates": [ -91.754469654736496, 44.37983216688157 ] } },
{ "type": "Feature", "properties": { "DECADE": "1890", "NHGISNAM": "Burnett", "GISJOIN": "G5500130", "JOIN": "G5500130_1890", "NATIVE_POP": 81 }, "geometry": { "type": "Point", "coordinates": [ -92.367566410655243, 45.86271543683241 ] } },
{ "type": "Feature", "properties": { "DECADE": "1890", "NHGISNAM": "Calhoun", "GISJOIN": "G2600250", "JOIN": "G2600250_1890", "NATIVE_POP": 71 }, "geometry": { "type": "Point", "coordinates": [ -85.005583897896557, 42.24653934087312 ] } },
{ "type": "Feature", "properties": { "DECADE": "1890", "NHGISNAM": "Calumet", "GISJOIN": "G5500150", "JOIN": "G5500150_1890", "NATIVE_POP": 165 }, "geometry": { "type": "Point", "coordinates": [ -88.218058048068158, 44.081603583981604 ] } },
{ "type": "Feature", "properties": { "DECADE": "1890", "NHGISNAM": "Carlton", "GISJOIN": "G2700170", "JOIN": "G2700170_1890", "NATIVE_POP": 19 }, "geometry": { "type": "Point", "coordinates": [ -92.677051702057597, 46.592402502335794 ] } },
{ "type": "Feature", "properties": { "DECADE": "1890", "NHGISNAM": "Carver", "GISJOIN": "G2700190", "JOIN": "G2700190_1890", "NATIVE_POP": 0 }, "geometry": { "type": "Point", "coordinates": [ -93.802575816627424, 44.820764687547324 ] } },
{ "type": "Feature", "properties": { "DECADE": "1890", "NHGISNAM": "Cass", "GISJOIN": "G2600270", "JOIN": "G2600270_1890", "NATIVE_POP": 35 }, "geometry": { "type": "Point", "coordinates": [ -85.993457939957722, 41.915400188050363 ] } },
{ "type": "Feature", "properties": { "DECADE": "1890", "NHGISNAM": "Cass", "GISJOIN": "G2700210", "JOIN": "G2700210_1890", "NATIVE_POP": 0 }, "geometry": { "type": "Point", "coordinates": [ -94.407832579059459, 46.995903782897436 ] } },
{ "type": "Feature", "properties": { "DECADE": "1890", "NHGISNAM": "Charlevoix", "GISJOIN": "G2600290", "JOIN": "G2600290_1890", "NATIVE_POP": 222 }, "geometry": { "type": "Point", "coordinates": [ -85.024170102165513, 45.233961027246281 ] } },
{ "type": "Feature", "properties": { "DECADE": "1890", "NHGISNAM": "Cheboygan", "GISJOIN": "G2600310", "JOIN": "G2600310_1890", "NATIVE_POP": 132 }, "geometry": { "type": "Point", "coordinates": [ -84.499870843218474, 45.446393249567855 ] } },
{ "type": "Feature", "properties": { "DECADE": "1890", "NHGISNAM": "Chippewa", "GISJOIN": "G2600330", "JOIN": "G2600330_1890", "NATIVE_POP": 441 }, "geometry": { "type": "Point", "coordinates": [ -84.592503841584005, 46.303434950140527 ] } },
{ "type": "Feature", "properties": { "DECADE": "1890", "NHGISNAM": "Chippewa", "GISJOIN": "G2700230", "JOIN": "G2700230_1890", "NATIVE_POP": 0 }, "geometry": { "type": "Point", "coordinates": [ -95.5666899472495, 45.022366403915058 ] } },
{ "type": "Feature", "properties": { "DECADE": "1890", "NHGISNAM": "Chippewa", "GISJOIN": "G5500170", "JOIN": "G5500170_1890", "NATIVE_POP": 134 }, "geometry": { "type": "Point", "coordinates": [ -91.210351768684774, 45.261626569406076 ] } },
{ "type": "Feature", "properties": { "DECADE": "1890", "NHGISNAM": "Chisago", "GISJOIN": "G2700250", "JOIN": "G2700250_1890", "NATIVE_POP": 7 }, "geometry": { "type": "Point", "coordinates": [ -92.908338581826243, 45.502465666330856 ] } },
{ "type": "Feature", "properties": { "DECADE": "1890", "NHGISNAM": "Clare", "GISJOIN": "G2600350", "JOIN": "G2600350_1890", "NATIVE_POP": 3 }, "geometry": { "type": "Point", "coordinates": [ -84.847832030671228, 43.987871678612002 ] } },
{ "type": "Feature", "properties": { "DECADE": "1890", "NHGISNAM": "Clark", "GISJOIN": "G5500190", "JOIN": "G5500190_1890", "NATIVE_POP": 0 }, "geometry": { "type": "Point", "coordinates": [ -90.612073258463269, 44.734714418794951 ] } },
{ "type": "Feature", "properties": { "DECADE": "1890", "NHGISNAM": "Clay", "GISJOIN": "G2700270", "JOIN": "G2700270_1890", "NATIVE_POP": null }, "geometry": { "type": "Point", "coordinates": [ -96.490646987324197, 46.892341928023832 ] } },
{ "type": "Feature", "properties": { "DECADE": "1890", "NHGISNAM": "Clinton", "GISJOIN": "G2600370", "JOIN": "G2600370_1890", "NATIVE_POP": 1 }, "geometry": { "type": "Point", "coordinates": [ -84.601516200545603, 42.943651118796481 ] } },
{ "type": "Feature", "properties": { "DECADE": "1890", "NHGISNAM": "Columbia", "GISJOIN": "G5500210", "JOIN": "G5500210_1890", "NATIVE_POP": 0 }, "geometry": { "type": "Point", "coordinates": [ -89.333734371542747, 43.466599922797819 ] } },
{ "type": "Feature", "properties": { "DECADE": "1890", "NHGISNAM": "Cook", "GISJOIN": "G2700310", "JOIN": "G2700310_1890", "NATIVE_POP": 1 }, "geometry": { "type": "Point", "coordinates": [ -90.535590295529062, 47.902551182867136 ] } },
{ "type": "Feature", "properties": { "DECADE": "1890", "NHGISNAM": "Cottonwood", "GISJOIN": "G2700330", "JOIN": "G2700330_1890", "NATIVE_POP": 0 }, "geometry": { "type": "Point", "coordinates": [ -95.181152900154842, 44.00710630175459 ] } },
{ "type": "Feature", "properties": { "DECADE": "1890", "NHGISNAM": "Crawford", "GISJOIN": "G2600390", "JOIN": "G2600390_1890", "NATIVE_POP": 10 }, "geometry": { "type": "Point", "coordinates": [ -84.610335654718838, 44.683609842718553 ] } },
{ "type": "Feature", "properties": { "DECADE": "1890", "NHGISNAM": "Crawford", "GISJOIN": "G5500230", "JOIN": "G5500230_1890", "NATIVE_POP": 18 }, "geometry": { "type": "Point", "coordinates": [ -90.93104836696196, 43.239461118998278 ] } },
{ "type": "Feature", "properties": { "DECADE": "1890", "NHGISNAM": "Crow Wing", "GISJOIN": "G2700350", "JOIN": "G2700350_1890", "NATIVE_POP": 135 }, "geometry": { "type": "Point", "coordinates": [ -94.070878428823931, 46.482374720567577 ] } },
{ "type": "Feature", "properties": { "DECADE": "1890", "NHGISNAM": "Dakota", "GISJOIN": "G2700370", "JOIN": "G2700370_1890", "NATIVE_POP": 52 }, "geometry": { "type": "Point", "coordinates": [ -93.065440704916753, 44.671892690926086 ] } },
{ "type": "Feature", "properties": { "DECADE": "1890", "NHGISNAM": "Dane", "GISJOIN": "G5500250", "JOIN": "G5500250_1890", "NATIVE_POP": 6 }, "geometry": { "type": "Point", "coordinates": [ -89.418324010998077, 43.067349644004103 ] } },
{ "type": "Feature", "properties": { "DECADE": "1890", "NHGISNAM": "Delta", "GISJOIN": "G2600410", "JOIN": "G2600410_1890", "NATIVE_POP": 217 }, "geometry": { "type": "Point", "coordinates": [ -86.9245676280335, 45.919654967610228 ] } },
{ "type": "Feature", "properties": { "DECADE": "1890", "NHGISNAM": "Dodge", "GISJOIN": "G2700390", "JOIN": "G2700390_1890", "NATIVE_POP": 0 }, "geometry": { "type": "Point", "coordinates": [ -92.862053289396769, 44.022588553808674 ] } },
{ "type": "Feature", "properties": { "DECADE": "1890", "NHGISNAM": "Dodge", "GISJOIN": "G5500270", "JOIN": "G5500270_1890", "NATIVE_POP": 11 }, "geometry": { "type": "Point", "coordinates": [ -88.70752418388804, 43.416301988058493 ] } },
{ "type": "Feature", "properties": { "DECADE": "1890", "NHGISNAM": "Door", "GISJOIN": "G5500290", "JOIN": "G5500290_1890", "NATIVE_POP": 22 }, "geometry": { "type": "Point", "coordinates": [ -87.316998528133126, 44.943784297471886 ] } },
{ "type": "Feature", "properties": { "DECADE": "1890", "NHGISNAM": "Douglas", "GISJOIN": "G2700410", "JOIN": "G2700410_1890", "NATIVE_POP": 0 }, "geometry": { "type": "Point", "coordinates": [ -95.453518303478532, 45.933723103704395 ] } },
{ "type": "Feature", "properties": { "DECADE": "1890", "NHGISNAM": "Douglas", "GISJOIN": "G5500310", "JOIN": "G5500310_1890", "NATIVE_POP": 183 }, "geometry": { "type": "Point", "coordinates": [ -91.914826046298586, 46.431034539692561 ] } },
{ "type": "Feature", "properties": { "DECADE": "1890", "NHGISNAM": "Dunn", "GISJOIN": "G5500330", "JOIN": "G5500330_1890", "NATIVE_POP": 2 }, "geometry": { "type": "Point", "coordinates": [ -91.896414047885742, 44.946588171771474 ] } },
{ "type": "Feature", "properties": { "DECADE": "1890", "NHGISNAM": "Eaton", "GISJOIN": "G2600450", "JOIN": "G2600450_1890", "NATIVE_POP": 7 }, "geometry": { "type": "Point", "coordinates": [ -84.838314733144202, 42.596070000972681 ] } },
{ "type": "Feature", "properties": { "DECADE": "1890", "NHGISNAM": "Eau Claire", "GISJOIN": "G5500350", "JOIN": "G5500350_1890", "NATIVE_POP": 13 }, "geometry": { "type": "Point", "coordinates": [ -91.285997728642343, 44.726769879767048 ] } },
{ "type": "Feature", "properties": { "DECADE": "1890", "NHGISNAM": "Emmet", "GISJOIN": "G2600470", "JOIN": "G2600470_1890", "NATIVE_POP": 914 }, "geometry": { "type": "Point", "coordinates": [ -84.890866240579783, 45.542259801597432 ] } },
{ "type": "Feature", "properties": { "DECADE": "1890", "NHGISNAM": "Faribault", "GISJOIN": "G2700430", "JOIN": "G2700430_1890", "NATIVE_POP": 0 }, "geometry": { "type": "Point", "coordinates": [ -93.94799814233032, 43.673929010021688 ] } },
{ "type": "Feature", "properties": { "DECADE": "1890", "NHGISNAM": "Fillmore", "GISJOIN": "G2700450", "JOIN": "G2700450_1890", "NATIVE_POP": 0 }, "geometry": { "type": "Point", "coordinates": [ -92.090167308549269, 43.673997210397744 ] } },
{ "type": "Feature", "properties": { "DECADE": "1890", "NHGISNAM": "Florence", "GISJOIN": "G5500370", "JOIN": "G5500370_1890", "NATIVE_POP": 0 }, "geometry": { "type": "Point", "coordinates": [ -88.39815537289553, 45.848463951640717 ] } },
{ "type": "Feature", "properties": { "DECADE": "1890", "NHGISNAM": "Fond Du Lac", "GISJOIN": "G5500390", "JOIN": "G5500390_1890", "NATIVE_POP": 12 }, "geometry": { "type": "Point", "coordinates": [ -88.488259553277658, 43.753590247599334 ] } },
{ "type": "Feature", "properties": { "DECADE": "1890", "NHGISNAM": "Forest", "GISJOIN": "G5500410", "JOIN": "G5500410_1890", "NATIVE_POP": 119 }, "geometry": { "type": "Point", "coordinates": [ -88.85016597603574, 45.708449920131216 ] } },
{ "type": "Feature", "properties": { "DECADE": "1890", "NHGISNAM": "Freeborn", "GISJOIN": "G2700470", "JOIN": "G2700470_1890", "NATIVE_POP": 1 }, "geometry": { "type": "Point", "coordinates": [ -93.348815685966485, 43.673844097339909 ] } },
{ "type": "Feature", "properties": { "DECADE": "1890", "NHGISNAM": "Genesee", "GISJOIN": "G2600490", "JOIN": "G2600490_1890", "NATIVE_POP": 17 }, "geometry": { "type": "Point", "coordinates": [ -83.706711027968851, 43.021723562934042 ] } },
{ "type": "Feature", "properties": { "DECADE": "1890", "NHGISNAM": "Gladwin", "GISJOIN": "G2600510", "JOIN": "G2600510_1890", "NATIVE_POP": 10 }, "geometry": { "type": "Point", "coordinates": [ -84.388245789074574, 43.990673080437041 ] } },
{ "type": "Feature", "properties": { "DECADE": "1890", "NHGISNAM": "Gogebic", "GISJOIN": "G2600530", "JOIN": "G2600530_1890", "NATIVE_POP": 1 }, "geometry": { "type": "Point", "coordinates": [ -89.694408276852457, 46.408788407606103 ] } },
{ "type": "Feature", "properties": { "DECADE": "1890", "NHGISNAM": "Goodhue", "GISJOIN": "G2700490", "JOIN": "G2700490_1890", "NATIVE_POP": 60 }, "geometry": { "type": "Point", "coordinates": [ -92.722589996139064, 44.409850230246477 ] } },
{ "type": "Feature", "properties": { "DECADE": "1890", "NHGISNAM": "Grand Traverse", "GISJOIN": "G2600550", "JOIN": "G2600550_1890", "NATIVE_POP": 35 }, "geometry": { "type": "Point", "coordinates": [ -85.56049838940578, 44.668666887645358 ] } },
{ "type": "Feature", "properties": { "DECADE": "1890", "NHGISNAM": "Grant", "GISJOIN": "G2700510", "JOIN": "G2700510_1890", "NATIVE_POP": 0 }, "geometry": { "type": "Point", "coordinates": [ -96.012181437184751, 45.934046542171544 ] } },
{ "type": "Feature", "properties": { "DECADE": "1890", "NHGISNAM": "Grant", "GISJOIN": "G5500430", "JOIN": "G5500430_1890", "NATIVE_POP": 0 }, "geometry": { "type": "Point", "coordinates": [ -90.706227635314008, 42.8674742159521 ] } },
{ "type": "Feature", "properties": { "DECADE": "1890", "NHGISNAM": "Gratiot", "GISJOIN": "G2600570", "JOIN": "G2600570_1890", "NATIVE_POP": 0 }, "geometry": { "type": "Point", "coordinates": [ -84.604911617265273, 43.292733086978259 ] } },
{ "type": "Feature", "properties": { "DECADE": "1890", "NHGISNAM": "Green", "GISJOIN": "G5500450", "JOIN": "G5500450_1890", "NATIVE_POP": 0 }, "geometry": { "type": "Point", "coordinates": [ -89.602214510935923, 42.679988344534301 ] } },
{ "type": "Feature", "properties": { "DECADE": "1890", "NHGISNAM": "Green Lake", "GISJOIN": "G5500470", "JOIN": "G5500470_1890", "NATIVE_POP": 0 }, "geometry": { "type": "Point", "coordinates": [ -89.044946919283888, 43.800358639174576 ] } },
{ "type": "Feature", "properties": { "DECADE": "1890", "NHGISNAM": "Hennepin", "GISJOIN": "G2700530", "JOIN": "G2700530_1890", "NATIVE_POP": 40 }, "geometry": { "type": "Point", "coordinates": [ -93.476864272497238, 45.004540015464066 ] } },
{ "type": "Feature", "properties": { "DECADE": "1890", "NHGISNAM": "Hillsdale", "GISJOIN": "G2600590", "JOIN": "G2600590_1890", "NATIVE_POP": 9 }, "geometry": { "type": "Point", "coordinates": [ -84.592928022714332, 41.887767279671756 ] } },
{ "type": "Feature", "properties": { "DECADE": "1890", "NHGISNAM": "Houghton", "GISJOIN": "G2600610", "JOIN": "G2600610_1890", "NATIVE_POP": 10 }, "geometry": { "type": "Point", "coordinates": [ -88.687504086664561, 46.897664212461159 ] } },
{ "type": "Feature", "properties": { "DECADE": "1890", "NHGISNAM": "Houston", "GISJOIN": "G2700550", "JOIN": "G2700550_1890", "NATIVE_POP": 0 }, "geometry": { "type": "Point", "coordinates": [ -91.492832629465127, 43.671444196142424 ] } },
{ "type": "Feature", "properties": { "DECADE": "1890", "NHGISNAM": "Hubbard", "GISJOIN": "G2700570", "JOIN": "G2700570_1890", "NATIVE_POP": 8 }, "geometry": { "type": "Point", "coordinates": [ -94.953685460026549, 46.994872489052021 ] } },
{ "type": "Feature", "properties": { "DECADE": "1890", "NHGISNAM": "Huron", "GISJOIN": "G2600630", "JOIN": "G2600630_1890", "NATIVE_POP": 8 }, "geometry": { "type": "Point", "coordinates": [ -83.019480864735783, 43.833294892896703 ] } },
{ "type": "Feature", "properties": { "DECADE": "1890", "NHGISNAM": "Ingham", "GISJOIN": "G2600650", "JOIN": "G2600650_1890", "NATIVE_POP": 3 }, "geometry": { "type": "Point", "coordinates": [ -84.373537294348935, 42.597098805667194 ] } },
{ "type": "Feature", "properties": { "DECADE": "1890", "NHGISNAM": "Ionia", "GISJOIN": "G2600670", "JOIN": "G2600670_1890", "NATIVE_POP": 6 }, "geometry": { "type": "Point", "coordinates": [ -85.074601615701084, 42.945094187469458 ] } },
{ "type": "Feature", "properties": { "DECADE": "1890", "NHGISNAM": "Iosco", "GISJOIN": "G2600690", "JOIN": "G2600690_1890", "NATIVE_POP": 50 }, "geometry": { "type": "Point", "coordinates": [ -83.635937196341033, 44.355801853265518 ] } },
{ "type": "Feature", "properties": { "DECADE": "1890", "NHGISNAM": "Iowa", "GISJOIN": "G5500490", "JOIN": "G5500490_1890", "NATIVE_POP": 0 }, "geometry": { "type": "Point", "coordinates": [ -90.135433164196215, 43.000476971496887 ] } },
{ "type": "Feature", "properties": { "DECADE": "1890", "NHGISNAM": "Iron", "GISJOIN": "G2600710", "JOIN": "G2600710_1890", "NATIVE_POP": 2 }, "geometry": { "type": "Point", "coordinates": [ -88.459746523704709, 46.152241628273103 ] } },
{ "type": "Feature", "properties": { "DECADE": "1890", "NHGISNAM": "Isabella", "GISJOIN": "G2600730", "JOIN": "G2600730_1890", "NATIVE_POP": 355 }, "geometry": { "type": "Point", "coordinates": [ -84.846802217106159, 43.640596722687498 ] } },
{ "type": "Feature", "properties": { "DECADE": "1890", "NHGISNAM": "Isanti", "GISJOIN": "G2700590", "JOIN": "G2700590_1890", "NATIVE_POP": 0 }, "geometry": { "type": "Point", "coordinates": [ -93.295178806019038, 45.561485726273418 ] } },
{ "type": "Feature", "properties": { "DECADE": "1890", "NHGISNAM": "Isle Royale", "GISJOIN": "G2600735", "JOIN": "G2600735_1890", "NATIVE_POP": 0 }, "geometry": { "type": "Point", "coordinates": [ -88.888289735610286, 47.986562905044771 ] } },
{ "type": "Feature", "properties": { "DECADE": "1890", "NHGISNAM": "Itasca", "GISJOIN": "G2700610", "JOIN": "G2700610_1890", "NATIVE_POP": 23 }, "geometry": { "type": "Point", "coordinates": [ -93.711029906243695, 47.893653161720692 ] } },
{ "type": "Feature", "properties": { "DECADE": "1890", "NHGISNAM": "Jackson", "GISJOIN": "G2600750", "JOIN": "G2600750_1890", "NATIVE_POP": 0 }, "geometry": { "type": "Point", "coordinates": [ -84.423437332694093, 42.248487316822008 ] } },
{ "type": "Feature", "properties": { "DECADE": "1890", "NHGISNAM": "Jackson", "GISJOIN": "G2700630", "JOIN": "G2700630_1890", "NATIVE_POP": 0 }, "geometry": { "type": "Point", "coordinates": [ -95.154112867149578, 43.674171807790145 ] } },
{ "type": "Feature", "properties": { "DECADE": "1890", "NHGISNAM": "Jackson", "GISJOIN": "G5500530", "JOIN": "G5500530_1890", "NATIVE_POP": 1 }, "geometry": { "type": "Point", "coordinates": [ -90.805174864712981, 44.319130247390525 ] } },
{ "type": "Feature", "properties": { "DECADE": "1890", "NHGISNAM": "Jefferson", "GISJOIN": "G5500550", "JOIN": "G5500550_1890", "NATIVE_POP": 0 }, "geometry": { "type": "Point", "coordinates": [ -88.775873161485961, 43.020822009432884 ] } },
{ "type": "Feature", "properties": { "DECADE": "1890", "NHGISNAM": "Juneau", "GISJOIN": "G5500570", "JOIN": "G5500570_1890", "NATIVE_POP": 44 }, "geometry": { "type": "Point", "coordinates": [ -90.114017928101887, 43.924441111632781 ] } },
{ "type": "Feature", "properties": { "DECADE": "1890", "NHGISNAM": "Kalamazoo", "GISJOIN": "G2600770", "JOIN": "G2600770_1890", "NATIVE_POP": 21 }, "geometry": { "type": "Point", "coordinates": [ -85.531183515696355, 42.245453291892311 ] } },
{ "type": "Feature", "properties": { "DECADE": "1890", "NHGISNAM": "Kalkaska", "GISJOIN": "G2600790", "JOIN": "G2600790_1890", "NATIVE_POP": 2 }, "geometry": { "type": "Point", "coordinates": [ -85.090249879925025, 44.684675975235521 ] } },
{ "type": "Feature", "properties": { "DECADE": "1890", "NHGISNAM": "Kanabec", "GISJOIN": "G2700650", "JOIN": "G2700650_1890", "NATIVE_POP": 49 }, "geometry": { "type": "Point", "coordinates": [ -93.293423587908151, 45.945218455365698 ] } },
{ "type": "Feature", "properties": { "DECADE": "1890", "NHGISNAM": "Kandiyohi", "GISJOIN": "G2700670", "JOIN": "G2700670_1890", "NATIVE_POP": 0 }, "geometry": { "type": "Point", "coordinates": [ -95.004740712120181, 45.152381923345416 ] } },
{ "type": "Feature", "properties": { "DECADE": "1890", "NHGISNAM": "Kenosha", "GISJOIN": "G5500590", "JOIN": "G5500590_1890", "NATIVE_POP": 0 }, "geometry": { "type": "Point", "coordinates": [ -88.042711476798559, 42.576798853408931 ] } },
{ "type": "Feature", "properties": { "DECADE": "1890", "NHGISNAM": "Kent", "GISJOIN": "G2600810", "JOIN": "G2600810_1890", "NATIVE_POP": 0 }, "geometry": { "type": "Point", "coordinates": [ -85.549295929343486, 43.032155644630372 ] } },
{ "type": "Feature", "properties": { "DECADE": "1890", "NHGISNAM": "Kewaunee", "GISJOIN": "G5500610", "JOIN": "G5500610_1890", "NATIVE_POP": 0 }, "geometry": { "type": "Point", "coordinates": [ -87.615291567750774, 44.516112043380943 ] } },
{ "type": "Feature", "properties": { "DECADE": "1890", "NHGISNAM": "Keweenaw", "GISJOIN": "G2600830", "JOIN": "G2600830_1890", "NATIVE_POP": 0 }, "geometry": { "type": "Point", "coordinates": [ -88.125904959963066, 47.362106540869583 ] } },
{ "type": "Feature", "properties": { "DECADE": "1890", "NHGISNAM": "Kittson", "GISJOIN": "G2700690", "JOIN": "G2700690_1890", "NATIVE_POP": 95 }, "geometry": { "type": "Point", "coordinates": [ -96.387293224420404, 48.774055674289336 ] } },
{ "type": "Feature", "properties": { "DECADE": "1890", "NHGISNAM": "La Crosse", "GISJOIN": "G5500630", "JOIN": "G5500630_1890", "NATIVE_POP": 0 }, "geometry": { "type": "Point", "coordinates": [ -91.115201544708071, 43.906532178500235 ] } },
{ "type": "Feature", "properties": { "DECADE": "1890", "NHGISNAM": "Lac Qui Parle", "GISJOIN": "G2700730", "JOIN": "G2700730_1890", "NATIVE_POP": 3 }, "geometry": { "type": "Point", "coordinates": [ -96.174032226831102, 44.996101531369646 ] } },
{ "type": "Feature", "properties": { "DECADE": "1890", "NHGISNAM": "Lafayette", "GISJOIN": "G5500650", "JOIN": "G5500650_1890", "NATIVE_POP": 0 }, "geometry": { "type": "Point", "coordinates": [ -90.131721976474836, 42.660499382908796 ] } },
{ "type": "Feature", "properties": { "DECADE": "1890", "NHGISNAM": "Lake", "GISJOIN": "G2600850", "JOIN": "G2600850_1890", "NATIVE_POP": 0 }, "geometry": { "type": "Point", "coordinates": [ -85.801692461559014, 43.990011929047029 ] } },
{ "type": "Feature", "properties": { "DECADE": "1890", "NHGISNAM": "Lake", "GISJOIN": "G2700750", "JOIN": "G2700750_1890", "NATIVE_POP": 21 }, "geometry": { "type": "Point", "coordinates": [ -91.437996305009776, 47.642357309799301 ] } },
{ "type": "Feature", "properties": { "DECADE": "1890", "NHGISNAM": "Langlade", "GISJOIN": "G5500670", "JOIN": "G5500670_1890", "NATIVE_POP": 13 }, "geometry": { "type": "Point", "coordinates": [ -89.07191239300937, 45.262365108991617 ] } },
{ "type": "Feature", "properties": { "DECADE": "1890", "NHGISNAM": "Lapeer", "GISJOIN": "G2600870", "JOIN": "G2600870_1890", "NATIVE_POP": 22 }, "geometry": { "type": "Point", "coordinates": [ -83.221783901719746, 43.090147290745001 ] } },
{ "type": "Feature", "properties": { "DECADE": "1890", "NHGISNAM": "Le Sueur", "GISJOIN": "G2700790", "JOIN": "G2700790_1890", "NATIVE_POP": 0 }, "geometry": { "type": "Point", "coordinates": [ -93.73008373170029, 44.371435448234074 ] } },
{ "type": "Feature", "properties": { "DECADE": "1890", "NHGISNAM": "Leelanau", "GISJOIN": "G2600890", "JOIN": "G2600890_1890", "NATIVE_POP": 295 }, "geometry": { "type": "Point", "coordinates": [ -85.811973257656049, 44.938367327804947 ] } },
{ "type": "Feature", "properties": { "DECADE": "1890", "NHGISNAM": "Lenawee", "GISJOIN": "G2600910", "JOIN": "G2600910_1890", "NATIVE_POP": 13 }, "geometry": { "type": "Point", "coordinates": [ -84.066364810628997, 41.895082455562466 ] } },
{ "type": "Feature", "properties": { "DECADE": "1890", "NHGISNAM": "Lincoln", "GISJOIN": "G2700810", "JOIN": "G2700810_1890", "NATIVE_POP": 11 }, "geometry": { "type": "Point", "coordinates": [ -96.267088738924599, 44.412597860803494 ] } },
{ "type": "Feature", "properties": { "DECADE": "1890", "NHGISNAM": "Lincoln", "GISJOIN": "G5500690", "JOIN": "G5500690_1890", "NATIVE_POP": 5 }, "geometry": { "type": "Point", "coordinates": [ -89.734612484258548, 45.337463671134991 ] } },
{ "type": "Feature", "properties": { "DECADE": "1890", "NHGISNAM": "Livingston", "GISJOIN": "G2600930", "JOIN": "G2600930_1890", "NATIVE_POP": 1 }, "geometry": { "type": "Point", "coordinates": [ -83.911528216594277, 42.602915863117829 ] } },
{ "type": "Feature", "properties": { "DECADE": "1890", "NHGISNAM": "Luce", "GISJOIN": "G2600950", "JOIN": "G2600950_1890", "NATIVE_POP": 1 }, "geometry": { "type": "Point", "coordinates": [ -85.54436357025196, 46.470667296319199 ] } },
{ "type": "Feature", "properties": { "DECADE": "1890", "NHGISNAM": "Lyon", "GISJOIN": "G2700830", "JOIN": "G2700830_1890", "NATIVE_POP": 0 }, "geometry": { "type": "Point", "coordinates": [ -95.838978853539217, 44.41348912796866 ] } },
{ "type": "Feature", "properties": { "DECADE": "1890", "NHGISNAM": "Mackinac", "GISJOIN": "G2600970", "JOIN": "G2600970_1890", "NATIVE_POP": 227 }, "geometry": { "type": "Point", "coordinates": [ -85.09488195972331, 46.081608214483943 ] } },
{ "type": "Feature", "properties": { "DECADE": "1890", "NHGISNAM": "Macomb", "GISJOIN": "G2600990", "JOIN": "G2600990_1890", "NATIVE_POP": 0 }, "geometry": { "type": "Point", "coordinates": [ -82.9323170650338, 42.695765557454543 ] } },
{ "type": "Feature", "properties": { "DECADE": "1890", "NHGISNAM": "Manistee", "GISJOIN": "G2601010", "JOIN": "G2601010_1890", "NATIVE_POP": 22 }, "geometry": { "type": "Point", "coordinates": [ -86.056633518748228, 44.332940083830294 ] } },
{ "type": "Feature", "properties": { "DECADE": "1890", "NHGISNAM": "Manitou", "GISJOIN": "G2601015", "JOIN": "G2601015_1890", "NATIVE_POP": 56 }, "geometry": { "type": "Point", "coordinates": [ -85.548083370408904, 45.682655417819781 ] } },
{ "type": "Feature", "properties": { "DECADE": "1890", "NHGISNAM": "Manitowoc", "GISJOIN": "G5500710", "JOIN": "G5500710_1890", "NATIVE_POP": 0 }, "geometry": { "type": "Point", "coordinates": [ -87.809648012808708, 44.119941856155044 ] } },
{ "type": "Feature", "properties": { "DECADE": "1890", "NHGISNAM": "Marathon", "GISJOIN": "G5500730", "JOIN": "G5500730_1890", "NATIVE_POP": 65 }, "geometry": { "type": "Point", "coordinates": [ -89.759051643934853, 44.898286651868794 ] } },
{ "type": "Feature", "properties": { "DECADE": "1890", "NHGISNAM": "Marinette", "GISJOIN": "G5500750", "JOIN": "G5500750_1890", "NATIVE_POP": 128 }, "geometry": { "type": "Point", "coordinates": [ -88.033573122400256, 45.383158054922504 ] } },
{ "type": "Feature", "properties": { "DECADE": "1890", "NHGISNAM": "Marquette", "GISJOIN": "G2601030", "JOIN": "G2601030_1890", "NATIVE_POP": 56 }, "geometry": { "type": "Point", "coordinates": [ -87.743765782749378, 46.394879566424315 ] } },
{ "type": "Feature", "properties": { "DECADE": "1890", "NHGISNAM": "Marquette", "GISJOIN": "G5500770", "JOIN": "G5500770_1890", "NATIVE_POP": 0 }, "geometry": { "type": "Point", "coordinates": [ -89.398811928377469, 43.819605856794666 ] } },
{ "type": "Feature", "properties": { "DECADE": "1890", "NHGISNAM": "Marshall", "GISJOIN": "G2700890", "JOIN": "G2700890_1890", "NATIVE_POP": 0 }, "geometry": { "type": "Point", "coordinates": [ -96.368466634981601, 48.358125975050015 ] } },
{ "type": "Feature", "properties": { "DECADE": "1890", "NHGISNAM": "Martin", "GISJOIN": "G2700910", "JOIN": "G2700910_1890", "NATIVE_POP": 0 }, "geometry": { "type": "Point", "coordinates": [ -94.551069636657857, 43.674362583372002 ] } },
{ "type": "Feature", "properties": { "DECADE": "1890", "NHGISNAM": "Mason", "GISJOIN": "G2601050", "JOIN": "G2601050_1890", "NATIVE_POP": 335 }, "geometry": { "type": "Point", "coordinates": [ -86.249974951263525, 43.995264790430511 ] } },
{ "type": "Feature", "properties": { "DECADE": "1890", "NHGISNAM": "Mcleod", "GISJOIN": "G2700850", "JOIN": "G2700850_1890", "NATIVE_POP": 0 }, "geometry": { "type": "Point", "coordinates": [ -94.272420251126832, 44.823543945357542 ] } },
{ "type": "Feature", "properties": { "DECADE": "1890", "NHGISNAM": "Mecosta", "GISJOIN": "G2601070", "JOIN": "G2601070_1890", "NATIVE_POP": 44 }, "geometry": { "type": "Point", "coordinates": [ -85.324631377005957, 43.640796880009326 ] } },
{ "type": "Feature", "properties": { "DECADE": "1890", "NHGISNAM": "Meeker", "GISJOIN": "G2700930", "JOIN": "G2700930_1890", "NATIVE_POP": 0 }, "geometry": { "type": "Point", "coordinates": [ -94.527309488337465, 45.123115388952982 ] } },
{ "type": "Feature", "properties": { "DECADE": "1890", "NHGISNAM": "Menominee", "GISJOIN": "G2601090", "JOIN": "G2601090_1890", "NATIVE_POP": 129 }, "geometry": { "type": "Point", "coordinates": [ -87.636182760482725, 45.653637797777513 ] } },
{ "type": "Feature", "properties": { "DECADE": "1890", "NHGISNAM": "Midland", "GISJOIN": "G2601110", "JOIN": "G2601110_1890", "NATIVE_POP": 4 }, "geometry": { "type": "Point", "coordinates": [ -84.388109196434087, 43.646856437236231 ] } },
{ "type": "Feature", "properties": { "DECADE": "1890", "NHGISNAM": "Mille Lacs", "GISJOIN": "G2700950", "JOIN": "G2700950_1890", "NATIVE_POP": 17 }, "geometry": { "type": "Point", "coordinates": [ -93.63008723896445, 45.93804797058484 ] } },
{ "type": "Feature", "properties": { "DECADE": "1890", "NHGISNAM": "Milwaukee", "GISJOIN": "G5500790", "JOIN": "G5500790_1890", "NATIVE_POP": 8 }, "geometry": { "type": "Point", "coordinates": [ -87.966756028269529, 43.007143909425707 ] } },
{ "type": "Feature", "properties": { "DECADE": "1890", "NHGISNAM": "Missaukee", "GISJOIN": "G2601130", "JOIN": "G2601130_1890", "NATIVE_POP": 16 }, "geometry": { "type": "Point", "coordinates": [ -85.094676209639815, 44.33731710844161 ] } },
{ "type": "Feature", "properties": { "DECADE": "1890", "NHGISNAM": "Monroe", "GISJOIN": "G2601150", "JOIN": "G2601150_1890", "NATIVE_POP": 14 }, "geometry": { "type": "Point", "coordinates": [ -83.540059892284475, 41.92963697841865 ] } },
{ "type": "Feature", "properties": { "DECADE": "1890", "NHGISNAM": "Monroe", "GISJOIN": "G5500810", "JOIN": "G5500810_1890", "NATIVE_POP": 25 }, "geometry": { "type": "Point", "coordinates": [ -90.617863175723613, 43.945746636886724 ] } },
{ "type": "Feature", "properties": { "DECADE": "1890", "NHGISNAM": "Montcalm", "GISJOIN": "G2601170", "JOIN": "G2601170_1890", "NATIVE_POP": 0 }, "geometry": { "type": "Point", "coordinates": [ -85.152516170753643, 43.310955178348756 ] } },
{ "type": "Feature", "properties": { "DECADE": "1890", "NHGISNAM": "Montmorency", "GISJOIN": "G2601190", "JOIN": "G2601190_1890", "NATIVE_POP": 2 }, "geometry": { "type": "Point", "coordinates": [ -84.127207206821524, 45.02754731951245 ] } },
{ "type": "Feature", "properties": { "DECADE": "1890", "NHGISNAM": "Morrison", "GISJOIN": "G2700970", "JOIN": "G2700970_1890", "NATIVE_POP": 6 }, "geometry": { "type": "Point", "coordinates": [ -94.268440312535631, 46.012632648004093 ] } },
{ "type": "Feature", "properties": { "DECADE": "1890", "NHGISNAM": "Mower", "GISJOIN": "G2700990", "JOIN": "G2700990_1890", "NATIVE_POP": 0 }, "geometry": { "type": "Point", "coordinates": [ -92.752512948363432, 43.671469805701769 ] } },
{ "type": "Feature", "properties": { "DECADE": "1890", "NHGISNAM": "Murray", "GISJOIN": "G2701010", "JOIN": "G2701010_1890", "NATIVE_POP": 49 }, "geometry": { "type": "Point", "coordinates": [ -95.763274981832637, 44.022121976991428 ] } },
{ "type": "Feature", "properties": { "DECADE": "1890", "NHGISNAM": "Muskegon", "GISJOIN": "G2601210", "JOIN": "G2601210_1890", "NATIVE_POP": 32 }, "geometry": { "type": "Point", "coordinates": [ -86.152056382707045, 43.291223904083289 ] } },
{ "type": "Feature", "properties": { "DECADE": "1890", "NHGISNAM": "Newaygo", "GISJOIN": "G2601230", "JOIN": "G2601230_1890", "NATIVE_POP": 18 }, "geometry": { "type": "Point", "coordinates": [ -85.800923436216237, 43.554165911152332 ] } },
{ "type": "Feature", "properties": { "DECADE": "1890", "NHGISNAM": "Nicollet", "GISJOIN": "G2701030", "JOIN": "G2701030_1890", "NATIVE_POP": 1 }, "geometry": { "type": "Point", "coordinates": [ -94.247276872442896, 44.349880602087879 ] } },
{ "type": "Feature", "properties": { "DECADE": "1890", "NHGISNAM": "Nobles", "GISJOIN": "G2701050", "JOIN": "G2701050_1890", "NATIVE_POP": 0 }, "geometry": { "type": "Point", "coordinates": [ -95.753388456832226, 43.674238751492247 ] } },
{ "type": "Feature", "properties": { "DECADE": "1890", "NHGISNAM": "Norman", "GISJOIN": "G2701070", "JOIN": "G2701070_1890", "NATIVE_POP": 0 }, "geometry": { "type": "Point", "coordinates": [ -96.197205702192733, 47.325984097236265 ] } },
{ "type": "Feature", "properties": { "DECADE": "1890", "NHGISNAM": "Oakland", "GISJOIN": "G2601250", "JOIN": "G2601250_1890", "NATIVE_POP": 10 }, "geometry": { "type": "Point", "coordinates": [ -83.385817914689753, 42.66040092272813 ] } },
{ "type": "Feature", "properties": { "DECADE": "1890", "NHGISNAM": "Oceana", "GISJOIN": "G2601270", "JOIN": "G2601270_1890", "NATIVE_POP": 271 }, "geometry": { "type": "Point", "coordinates": [ -86.267602731857451, 43.640917137424864 ] } },
{ "type": "Feature", "properties": { "DECADE": "1890", "NHGISNAM": "Oconto", "GISJOIN": "G5500830", "JOIN": "G5500830_1890", "NATIVE_POP": 48 }, "geometry": { "type": "Point", "coordinates": [ -88.296470051539885, 45.022214274262019 ] } },
{ "type": "Feature", "properties": { "DECADE": "1890", "NHGISNAM": "Ogemaw", "GISJOIN": "G2601290", "JOIN": "G2601290_1890", "NATIVE_POP": 4 }, "geometry": { "type": "Point", "coordinates": [ -84.126414304694009, 44.33493803657997 ] } },
{ "type": "Feature", "properties": { "DECADE": "1890", "NHGISNAM": "Olmsted", "GISJOIN": "G2701090", "JOIN": "G2701090_1890", "NATIVE_POP": 0 }, "geometry": { "type": "Point", "coordinates": [ -92.401760817559051, 44.003732709694482 ] } },
{ "type": "Feature", "properties": { "DECADE": "1890", "NHGISNAM": "Oneida", "GISJOIN": "G5500850", "JOIN": "G5500850_1890", "NATIVE_POP": 29 }, "geometry": { "type": "Point", "coordinates": [ -89.619134567194919, 45.886302690061513 ] } },
{ "type": "Feature", "properties": { "DECADE": "1890", "NHGISNAM": "Ontonagon", "GISJOIN": "G2601310", "JOIN": "G2601310_1890", "NATIVE_POP": 59 }, "geometry": { "type": "Point", "coordinates": [ -89.314993622653787, 46.664315015865796 ] } },
{ "type": "Feature", "properties": { "DECADE": "1890", "NHGISNAM": "Osceola", "GISJOIN": "G2601330", "JOIN": "G2601330_1890", "NATIVE_POP": 24 }, "geometry": { "type": "Point", "coordinates": [ -85.325274987508053, 43.989868768405394 ] } },
{ "type": "Feature", "properties": { "DECADE": "1890", "NHGISNAM": "Oscoda", "GISJOIN": "G2601350", "JOIN": "G2601350_1890", "NATIVE_POP": 3 }, "geometry": { "type": "Point", "coordinates": [ -84.129735082028688, 44.681745389742332 ] } },
{ "type": "Feature", "properties": { "DECADE": "1890", "NHGISNAM": "Otsego", "GISJOIN": "G2601370", "JOIN": "G2601370_1890", "NATIVE_POP": 0 }, "geometry": { "type": "Point", "coordinates": [ -84.599001846496137, 45.021433866743102 ] } },
{ "type": "Feature", "properties": { "DECADE": "1890", "NHGISNAM": "Ottawa", "GISJOIN": "G2601390", "JOIN": "G2601390_1890", "NATIVE_POP": 51 }, "geometry": { "type": "Point", "coordinates": [ -85.996116597943981, 42.959847307964658 ] } },
{ "type": "Feature", "properties": { "DECADE": "1890", "NHGISNAM": "Otter Tail", "GISJOIN": "G2701110", "JOIN": "G2701110_1890", "NATIVE_POP": 5 }, "geometry": { "type": "Point", "coordinates": [ -95.708001683459628, 46.408796056782492 ] } },
{ "type": "Feature", "properties": { "DECADE": "1890", "NHGISNAM": "Outagamie", "GISJOIN": "G5500870", "JOIN": "G5500870_1890", "NATIVE_POP": 943 }, "geometry": { "type": "Point", "coordinates": [ -88.464941862481766, 44.416095308143191 ] } },
{ "type": "Feature", "properties": { "DECADE": "1890", "NHGISNAM": "Ozaukee", "GISJOIN": "G5500890", "JOIN": "G5500890_1890", "NATIVE_POP": 0 }, "geometry": { "type": "Point", "coordinates": [ -87.950820495422718, 43.384069033071036 ] } },
{ "type": "Feature", "properties": { "DECADE": "1890", "NHGISNAM": "Pepin", "GISJOIN": "G5500910", "JOIN": "G5500910_1890", "NATIVE_POP": 0 }, "geometry": { "type": "Point", "coordinates": [ -92.001561440373536, 44.582914105789783 ] } },
{ "type": "Feature", "properties": { "DECADE": "1890", "NHGISNAM": "Pierce", "GISJOIN": "G5500930", "JOIN": "G5500930_1890", "NATIVE_POP": 1 }, "geometry": { "type": "Point", "coordinates": [ -92.42248511376313, 44.719630658020776 ] } },
{ "type": "Feature", "properties": { "DECADE": "1890", "NHGISNAM": "Pine", "GISJOIN": "G2701150", "JOIN": "G2701150_1890", "NATIVE_POP": 135 }, "geometry": { "type": "Point", "coordinates": [ -92.741270017689686, 46.120767625988478 ] } },
{ "type": "Feature", "properties": { "DECADE": "1890", "NHGISNAM": "Pipestone", "GISJOIN": "G2701170", "JOIN": "G2701170_1890", "NATIVE_POP": 0 }, "geometry": { "type": "Point", "coordinates": [ -96.258644562371686, 44.022995170209917 ] } },
{ "type": "Feature", "properties": { "DECADE": "1890", "NHGISNAM": "Polk", "GISJOIN": "G2701190", "JOIN": "G2701190_1890", "NATIVE_POP": 16 }, "geometry": { "type": "Point", "coordinates": [ -96.283944206482659, 47.847287772870445 ] } },
{ "type": "Feature", "properties": { "DECADE": "1890", "NHGISNAM": "Polk", "GISJOIN": "G5500950", "JOIN": "G5500950_1890", "NATIVE_POP": 114 }, "geometry": { "type": "Point", "coordinates": [ -92.44139461855633, 45.461418858569786 ] } },
{ "type": "Feature", "properties": { "DECADE": "1890", "NHGISNAM": "Pope", "GISJOIN": "G2701210", "JOIN": "G2701210_1890", "NATIVE_POP": 0 }, "geometry": { "type": "Point", "coordinates": [ -95.444484060759564, 45.58603028577491 ] } },
{ "type": "Feature", "properties": { "DECADE": "1890", "NHGISNAM": "Portage", "GISJOIN": "G5500970", "JOIN": "G5500970_1890", "NATIVE_POP": 0 }, "geometry": { "type": "Point", "coordinates": [ -89.501410317651519, 44.476046708609253 ] } },
{ "type": "Feature", "properties": { "DECADE": "1890", "NHGISNAM": "Presque Isle", "GISJOIN": "G2601410", "JOIN": "G2601410_1890", "NATIVE_POP": 13 }, "geometry": { "type": "Point", "coordinates": [ -83.917831737285454, 45.34016392115327 ] } },
{ "type": "Feature", "properties": { "DECADE": "1890", "NHGISNAM": "Price", "GISJOIN": "G5500990", "JOIN": "G5500990_1890", "NATIVE_POP": 0 }, "geometry": { "type": "Point", "coordinates": [ -90.361387802641175, 45.680429777192522 ] } },
{ "type": "Feature", "properties": { "DECADE": "1890", "NHGISNAM": "Racine", "GISJOIN": "G5501010", "JOIN": "G5501010_1890", "NATIVE_POP": 0 }, "geometry": { "type": "Point", "coordinates": [ -88.061131974507248, 42.747481173420105 ] } },
{ "type": "Feature", "properties": { "DECADE": "1890", "NHGISNAM": "Ramsey", "GISJOIN": "G2701230", "JOIN": "G2701230_1890", "NATIVE_POP": 12 }, "geometry": { "type": "Point", "coordinates": [ -93.09960213337817, 45.017062123848355 ] } },
{ "type": "Feature", "properties": { "DECADE": "1890", "NHGISNAM": "Redwood", "GISJOIN": "G2701270", "JOIN": "G2701270_1890", "NATIVE_POP": 101 }, "geometry": { "type": "Point", "coordinates": [ -95.253834816566268, 44.403660796973611 ] } },
{ "type": "Feature", "properties": { "DECADE": "1890", "NHGISNAM": "Renville", "GISJOIN": "G2701290", "JOIN": "G2701290_1890", "NATIVE_POP": 0 }, "geometry": { "type": "Point", "coordinates": [ -94.947168543077836, 44.726817621660743 ] } },
{ "type": "Feature", "properties": { "DECADE": "1890", "NHGISNAM": "Rice", "GISJOIN": "G2701310", "JOIN": "G2701310_1890", "NATIVE_POP": 6 }, "geometry": { "type": "Point", "coordinates": [ -93.296677480617433, 44.35426145210225 ] } },
{ "type": "Feature", "properties": { "DECADE": "1890", "NHGISNAM": "Richland", "GISJOIN": "G5501030", "JOIN": "G5501030_1890", "NATIVE_POP": 0 }, "geometry": { "type": "Point", "coordinates": [ -90.429489903296258, 43.375626845066236 ] } },
{ "type": "Feature", "properties": { "DECADE": "1890", "NHGISNAM": "Rock", "GISJOIN": "G2701330", "JOIN": "G2701330_1890", "NATIVE_POP": 0 }, "geometry": { "type": "Point", "coordinates": [ -96.253209002569619, 43.674631542443784 ] } },
{ "type": "Feature", "properties": { "DECADE": "1890", "NHGISNAM": "Rock", "GISJOIN": "G5501050", "JOIN": "G5501050_1890", "NATIVE_POP": 1 }, "geometry": { "type": "Point", "coordinates": [ -89.071578501797717, 42.671223766313766 ] } },
{ "type": "Feature", "properties": { "DECADE": "1890", "NHGISNAM": "Roscommon", "GISJOIN": "G2601430", "JOIN": "G2601430_1890", "NATIVE_POP": 0 }, "geometry": { "type": "Point", "coordinates": [ -84.611599836047262, 44.33560774617019 ] } },
{ "type": "Feature", "properties": { "DECADE": "1890", "NHGISNAM": "Saginaw", "GISJOIN": "G2601450", "JOIN": "G2601450_1890", "NATIVE_POP": 232 }, "geometry": { "type": "Point", "coordinates": [ -84.053187039163561, 43.335028744293211 ] } },
{ "type": "Feature", "properties": { "DECADE": "1890", "NHGISNAM": "Sanilac", "GISJOIN": "G2601510", "JOIN": "G2601510_1890", "NATIVE_POP": 1 }, "geometry": { "type": "Point", "coordinates": [ -82.820131619135609, 43.423563219781983 ] } },
{ "type": "Feature", "properties": { "DECADE": "1890", "NHGISNAM": "Sauk", "GISJOIN": "G5501110", "JOIN": "G5501110_1890", "NATIVE_POP": 0 }, "geometry": { "type": "Point", "coordinates": [ -89.948371749009624, 43.42677001778533 ] } },
{ "type": "Feature", "properties": { "DECADE": "1890", "NHGISNAM": "Sawyer", "GISJOIN": "G5501130", "JOIN": "G5501130_1890", "NATIVE_POP": 7 }, "geometry": { "type": "Point", "coordinates": [ -91.144671674172514, 45.879971177175342 ] } },
{ "type": "Feature", "properties": { "DECADE": "1890", "NHGISNAM": "Schoolcraft", "GISJOIN": "G2601530", "JOIN": "G2601530_1890", "NATIVE_POP": 42 }, "geometry": { "type": "Point", "coordinates": [ -86.199613310858467, 46.196571929039123 ] } },
{ "type": "Feature", "properties": { "DECADE": "1890", "NHGISNAM": "Scott", "GISJOIN": "G2701390", "JOIN": "G2701390_1890", "NATIVE_POP": 35 }, "geometry": { "type": "Point", "coordinates": [ -93.535927163517698, 44.648415547949114 ] } },
{ "type": "Feature", "properties": { "DECADE": "1890", "NHGISNAM": "Shawano", "GISJOIN": "G5501150", "JOIN": "G5501150_1890", "NATIVE_POP": 390 }, "geometry": { "type": "Point", "coordinates": [ -88.768179341118511, 44.83799123226423 ] } },
{ "type": "Feature", "properties": { "DECADE": "1890", "NHGISNAM": "Sheboygan", "GISJOIN": "G5501170", "JOIN": "G5501170_1890", "NATIVE_POP": 0 }, "geometry": { "type": "Point", "coordinates": [ -87.945422112298289, 43.721165816029277 ] } },
{ "type": "Feature", "properties": { "DECADE": "1890", "NHGISNAM": "Sherburne", "GISJOIN": "G2701410", "JOIN": "G2701410_1890", "NATIVE_POP": 0 }, "geometry": { "type": "Point", "coordinates": [ -93.774581062011492, 45.443956293986012 ] } },
{ "type": "Feature", "properties": { "DECADE": "1890", "NHGISNAM": "Shiawassee", "GISJOIN": "G2601550", "JOIN": "G2601550_1890", "NATIVE_POP": 0 }, "geometry": { "type": "Point", "coordinates": [ -84.146733126857825, 42.953734757756074 ] } },
{ "type": "Feature", "properties": { "DECADE": "1890", "NHGISNAM": "Sibley", "GISJOIN": "G2701430", "JOIN": "G2701430_1890", "NATIVE_POP": 0 }, "geometry": { "type": "Point", "coordinates": [ -94.232137721079255, 44.579488466106241 ] } },
{ "type": "Feature", "properties": { "DECADE": "1890", "NHGISNAM": "St Clair", "GISJOIN": "G2601470", "JOIN": "G2601470_1890", "NATIVE_POP": 8 }, "geometry": { "type": "Point", "coordinates": [ -82.683233559526855, 42.94184560369137 ] } },
{ "type": "Feature", "properties": { "DECADE": "1890", "NHGISNAM": "St Croix", "GISJOIN": "G5501090", "JOIN": "G5501090_1890", "NATIVE_POP": 0 }, "geometry": { "type": "Point", "coordinates": [ -92.452782989231522, 45.034067205000945 ] } },
{ "type": "Feature", "properties": { "DECADE": "1890", "NHGISNAM": "St Joseph", "GISJOIN": "G2601490", "JOIN": "G2601490_1890", "NATIVE_POP": 11 }, "geometry": { "type": "Point", "coordinates": [ -85.527742367786587, 41.914414243025789 ] } },
{ "type": "Feature", "properties": { "DECADE": "1890", "NHGISNAM": "St. Louis", "GISJOIN": "G2701370", "JOIN": "G2701370_1890", "NATIVE_POP": 44 }, "geometry": { "type": "Point", "coordinates": [ -92.465953950925098, 47.60399377463682 ] } },
{ "type": "Feature", "properties": { "DECADE": "1890", "NHGISNAM": "Stearns", "GISJOIN": "G2701450", "JOIN": "G2701450_1890", "NATIVE_POP": 120 }, "geometry": { "type": "Point", "coordinates": [ -94.613023295422892, 45.552151049702601 ] } },
{ "type": "Feature", "properties": { "DECADE": "1890", "NHGISNAM": "Steele", "GISJOIN": "G2701470", "JOIN": "G2701470_1890", "NATIVE_POP": 3 }, "geometry": { "type": "Point", "coordinates": [ -93.22604110276832, 44.02234375989056 ] } },
{ "type": "Feature", "properties": { "DECADE": "1890", "NHGISNAM": "Stevens", "GISJOIN": "G2701490", "JOIN": "G2701490_1890", "NATIVE_POP": 54 }, "geometry": { "type": "Point", "coordinates": [ -96.000302726066806, 45.586125681449317 ] } },
{ "type": "Feature", "properties": { "DECADE": "1890", "NHGISNAM": "Swift", "GISJOIN": "G2701510", "JOIN": "G2701510_1890", "NATIVE_POP": 98 }, "geometry": { "type": "Point", "coordinates": [ -95.6814266241323, 45.282714289693502 ] } },
{ "type": "Feature", "properties": { "DECADE": "1890", "NHGISNAM": "Taylor", "GISJOIN": "G5501190", "JOIN": "G5501190_1890", "NATIVE_POP": 0 }, "geometry": { "type": "Point", "coordinates": [ -90.501200477615214, 45.211557268528331 ] } },
{ "type": "Feature", "properties": { "DECADE": "1890", "NHGISNAM": "Todd", "GISJOIN": "G2701530", "JOIN": "G2701530_1890", "NATIVE_POP": 8 }, "geometry": { "type": "Point", "coordinates": [ -94.897615195602128, 46.070605846052082 ] } },
{ "type": "Feature", "properties": { "DECADE": "1890", "NHGISNAM": "Traverse", "GISJOIN": "G2701550", "JOIN": "G2701550_1890", "NATIVE_POP": 4 }, "geometry": { "type": "Point", "coordinates": [ -96.471641155395446, 45.772185854440792 ] } },
{ "type": "Feature", "properties": { "DECADE": "1890", "NHGISNAM": "Trempealeau", "GISJOIN": "G5501210", "JOIN": "G5501210_1890", "NATIVE_POP": 12 }, "geometry": { "type": "Point", "coordinates": [ -91.358463799917416, 44.303947269870463 ] } },
{ "type": "Feature", "properties": { "DECADE": "1890", "NHGISNAM": "Tuscola", "GISJOIN": "G2601570", "JOIN": "G2601570_1890", "NATIVE_POP": 61 }, "geometry": { "type": "Point", "coordinates": [ -83.416777744616354, 43.464116369489673 ] } },
{ "type": "Feature", "properties": { "DECADE": "1890", "NHGISNAM": "Van Buren", "GISJOIN": "G2601590", "JOIN": "G2601590_1890", "NATIVE_POP": 59 }, "geometry": { "type": "Point", "coordinates": [ -86.018906986229311, 42.251299380164362 ] } },
{ "type": "Feature", "properties": { "DECADE": "1890", "NHGISNAM": "Vernon", "GISJOIN": "G5501230", "JOIN": "G5501230_1890", "NATIVE_POP": 0 }, "geometry": { "type": "Point", "coordinates": [ -90.834383988787081, 43.593865496624744 ] } },
{ "type": "Feature", "properties": { "DECADE": "1890", "NHGISNAM": "Wabasha", "GISJOIN": "G2701570", "JOIN": "G2701570_1890", "NATIVE_POP": 15 }, "geometry": { "type": "Point", "coordinates": [ -92.230296672822362, 44.284270587440517 ] } },
{ "type": "Feature", "properties": { "DECADE": "1890", "NHGISNAM": "Wadena", "GISJOIN": "G2701590", "JOIN": "G2701590_1890", "NATIVE_POP": 4 }, "geometry": { "type": "Point", "coordinates": [ -94.970568832229631, 46.586879079128188 ] } },
{ "type": "Feature", "properties": { "DECADE": "1890", "NHGISNAM": "Walworth", "GISJOIN": "G5501270", "JOIN": "G5501270_1890", "NATIVE_POP": 0 }, "geometry": { "type": "Point", "coordinates": [ -88.541922050348504, 42.668477331201302 ] } },
{ "type": "Feature", "properties": { "DECADE": "1890", "NHGISNAM": "Waseca", "GISJOIN": "G2701610", "JOIN": "G2701610_1890", "NATIVE_POP": 0 }, "geometry": { "type": "Point", "coordinates": [ -93.587283402560928, 44.02212317724716 ] } },
{ "type": "Feature", "properties": { "DECADE": "1890", "NHGISNAM": "Washburn", "GISJOIN": "G5501290", "JOIN": "G5501290_1890", "NATIVE_POP": 30 }, "geometry": { "type": "Point", "coordinates": [ -91.791234007954529, 45.899179686931518 ] } },
{ "type": "Feature", "properties": { "DECADE": "1890", "NHGISNAM": "Washington", "GISJOIN": "G2701630", "JOIN": "G2701630_1890", "NATIVE_POP": 74 }, "geometry": { "type": "Point", "coordinates": [ -92.883956062216711, 45.038732820408264 ] } },
{ "type": "Feature", "properties": { "DECADE": "1890", "NHGISNAM": "Washington", "GISJOIN": "G5501310", "JOIN": "G5501310_1890", "NATIVE_POP": 0 }, "geometry": { "type": "Point", "coordinates": [ -88.230781325055773, 43.368471158424725 ] } },
{ "type": "Feature", "properties": { "DECADE": "1890", "NHGISNAM": "Washtenaw", "GISJOIN": "G2601610", "JOIN": "G2601610_1890", "NATIVE_POP": 4 }, "geometry": { "type": "Point", "coordinates": [ -83.838770695724946, 42.253225589733439 ] } },
{ "type": "Feature", "properties": { "DECADE": "1890", "NHGISNAM": "Watonwan", "GISJOIN": "G2701650", "JOIN": "G2701650_1890", "NATIVE_POP": 0 }, "geometry": { "type": "Point", "coordinates": [ -94.614061023558762, 43.978427705286435 ] } },
{ "type": "Feature", "properties": { "DECADE": "1890", "NHGISNAM": "Waukesha", "GISJOIN": "G5501330", "JOIN": "G5501330_1890", "NATIVE_POP": 1 }, "geometry": { "type": "Point", "coordinates": [ -88.304537215816907, 43.01818281119175 ] } },
{ "type": "Feature", "properties": { "DECADE": "1890", "NHGISNAM": "Waupaca", "GISJOIN": "G5501350", "JOIN": "G5501350_1890", "NATIVE_POP": 2 }, "geometry": { "type": "Point", "coordinates": [ -88.964819829815141, 44.470424831800948 ] } },
{ "type": "Feature", "properties": { "DECADE": "1890", "NHGISNAM": "Waushara", "GISJOIN": "G5501370", "JOIN": "G5501370_1890", "NATIVE_POP": 2 }, "geometry": { "type": "Point", "coordinates": [ -89.242877745065528, 44.11312635714367 ] } },
{ "type": "Feature", "properties": { "DECADE": "1890", "NHGISNAM": "Wayne", "GISJOIN": "G2601630", "JOIN": "G2601630_1890", "NATIVE_POP": 11 }, "geometry": { "type": "Point", "coordinates": [ -83.286677258457985, 42.284188118537074 ] } },
{ "type": "Feature", "properties": { "DECADE": "1890", "NHGISNAM": "Wexford", "GISJOIN": "G2601650", "JOIN": "G2601650_1890", "NATIVE_POP": 0 }, "geometry": { "type": "Point", "coordinates": [ -85.578418023715003, 44.338355485282925 ] } },
{ "type": "Feature", "properties": { "DECADE": "1890", "NHGISNAM": "Wilkin", "GISJOIN": "G2701670", "JOIN": "G2701670_1890", "NATIVE_POP": 0 }, "geometry": { "type": "Point", "coordinates": [ -96.468346156459361, 46.357079289199433 ] } },
{ "type": "Feature", "properties": { "DECADE": "1890", "NHGISNAM": "Winnebago", "GISJOIN": "G5501390", "JOIN": "G5501390_1890", "NATIVE_POP": 44 }, "geometry": { "type": "Point", "coordinates": [ -88.644656572894604, 44.068879200321646 ] } },
{ "type": "Feature", "properties": { "DECADE": "1890", "NHGISNAM": "Winona", "GISJOIN": "G2701690", "JOIN": "G2701690_1890", "NATIVE_POP": 8 }, "geometry": { "type": "Point", "coordinates": [ -91.779128632432716, 43.986848154087269 ] } },
{ "type": "Feature", "properties": { "DECADE": "1890", "NHGISNAM": "Wood", "GISJOIN": "G5501410", "JOIN": "G5501410_1890", "NATIVE_POP": 2 }, "geometry": { "type": "Point", "coordinates": [ -90.041560492952584, 44.455320426570552 ] } },
{ "type": "Feature", "properties": { "DECADE": "1890", "NHGISNAM": "Wright", "GISJOIN": "G2701710", "JOIN": "G2701710_1890", "NATIVE_POP": 0 }, "geometry": { "type": "Point", "coordinates": [ -93.963030908105097, 45.173923906077455 ] } },
{ "type": "Feature", "properties": { "DECADE": "1890", "NHGISNAM": "Yellow Medicine", "GISJOIN": "G2701730", "JOIN": "G2701730_1890", "NATIVE_POP": 18 }, "geometry": { "type": "Point", "coordinates": [ -95.86834103387757, 44.71625532551856 ] } },
{ "type": "Feature", "properties": { "DECADE": "1900", "NHGISNAM": "Adams", "GISJOIN": "G5500010", "JOIN": "G5500010_1900", "NATIVE_POP": 53 }, "geometry": { "type": "Point", "coordinates": [ -89.770636514387505, 43.969625711543884 ] } },
{ "type": "Feature", "properties": { "DECADE": "1900", "NHGISNAM": "Aitkin", "GISJOIN": "G2700010", "JOIN": "G2700010_1900", "NATIVE_POP": 138 }, "geometry": { "type": "Point", "coordinates": [ -93.415433070159281, 46.608254689238464 ] } },
{ "type": "Feature", "properties": { "DECADE": "1900", "NHGISNAM": "Alcona", "GISJOIN": "G2600010", "JOIN": "G2600010_1900", "NATIVE_POP": 38 }, "geometry": { "type": "Point", "coordinates": [ -83.59375538365137, 44.685414496148709 ] } },
{ "type": "Feature", "properties": { "DECADE": "1900", "NHGISNAM": "Alger", "GISJOIN": "G2600030", "JOIN": "G2600030_1900", "NATIVE_POP": 62 }, "geometry": { "type": "Point", "coordinates": [ -86.603842402344995, 46.408614774216922 ] } },
{ "type": "Feature", "properties": { "DECADE": "1900", "NHGISNAM": "Allegan", "GISJOIN": "G2600050", "JOIN": "G2600050_1900", "NATIVE_POP": 106 }, "geometry": { "type": "Point", "coordinates": [ -85.888413035318422, 42.591288541854297 ] } },
{ "type": "Feature", "properties": { "DECADE": "1900", "NHGISNAM": "Alpena", "GISJOIN": "G2600070", "JOIN": "G2600070_1900", "NATIVE_POP": 0 }, "geometry": { "type": "Point", "coordinates": [ -83.627672253803823, 45.034809219267252 ] } },
{ "type": "Feature", "properties": { "DECADE": "1900", "NHGISNAM": "Anoka", "GISJOIN": "G2700030", "JOIN": "G2700030_1900", "NATIVE_POP": 0 }, "geometry": { "type": "Point", "coordinates": [ -93.24645274503996, 45.273234082011584 ] } },
{ "type": "Feature", "properties": { "DECADE": "1900", "NHGISNAM": "Antrim", "GISJOIN": "G2600090", "JOIN": "G2600090_1900", "NATIVE_POP": 173 }, "geometry": { "type": "Point", "coordinates": [ -85.140284507346564, 44.999073174221763 ] } },
{ "type": "Feature", "properties": { "DECADE": "1900", "NHGISNAM": "Arenac", "GISJOIN": "G2600110", "JOIN": "G2600110_1900", "NATIVE_POP": 118 }, "geometry": { "type": "Point", "coordinates": [ -83.895006735873991, 44.065421888759808 ] } },
{ "type": "Feature", "properties": { "DECADE": "1900", "NHGISNAM": "Ashland", "GISJOIN": "G5500030", "JOIN": "G5500030_1900", "NATIVE_POP": 887 }, "geometry": { "type": "Point", "coordinates": [ -90.678010129379004, 46.314776803098489 ] } },
{ "type": "Feature", "properties": { "DECADE": "1900", "NHGISNAM": "Baraga", "GISJOIN": "G2600130", "JOIN": "G2600130_1900", "NATIVE_POP": 488 }, "geometry": { "type": "Point", "coordinates": [ -88.365286823046929, 46.662482195469515 ] } },
{ "type": "Feature", "properties": { "DECADE": "1900", "NHGISNAM": "Barron", "GISJOIN": "G5500050", "JOIN": "G5500050_1900", "NATIVE_POP": 25 }, "geometry": { "type": "Point", "coordinates": [ -91.848309433665676, 45.42372322460217 ] } },
{ "type": "Feature", "properties": { "DECADE": "1900", "NHGISNAM": "Barry", "GISJOIN": "G2600150", "JOIN": "G2600150_1900", "NATIVE_POP": 0 }, "geometry": { "type": "Point", "coordinates": [ -85.308968240337819, 42.595027583108639 ] } },
{ "type": "Feature", "properties": { "DECADE": "1900", "NHGISNAM": "Bay", "GISJOIN": "G2600170", "JOIN": "G2600170_1900", "NATIVE_POP": 162 }, "geometry": { "type": "Point", "coordinates": [ -83.992010465089805, 43.70724590795389 ] } },
{ "type": "Feature", "properties": { "DECADE": "1900", "NHGISNAM": "Bayfield", "GISJOIN": "G5500070", "JOIN": "G5500070_1900", "NATIVE_POP": 494 }, "geometry": { "type": "Point", "coordinates": [ -91.200878387349263, 46.52364710333331 ] } },
{ "type": "Feature", "properties": { "DECADE": "1900", "NHGISNAM": "Becker", "GISJOIN": "G2700050", "JOIN": "G2700050_1900", "NATIVE_POP": 14 }, "geometry": { "type": "Point", "coordinates": [ -95.673925588143831, 46.934649065428545 ] } },
{ "type": "Feature", "properties": { "DECADE": "1900", "NHGISNAM": "Beltrami", "GISJOIN": "G2700070", "JOIN": "G2700070_1900", "NATIVE_POP": 1415 }, "geometry": { "type": "Point", "coordinates": [ -95.004369226635518, 48.149132599579367 ] } },
{ "type": "Feature", "properties": { "DECADE": "1900", "NHGISNAM": "Benton", "GISJOIN": "G2700090", "JOIN": "G2700090_1900", "NATIVE_POP": 0 }, "geometry": { "type": "Point", "coordinates": [ -93.998862076381272, 45.699135387591994 ] } },
{ "type": "Feature", "properties": { "DECADE": "1900", "NHGISNAM": "Benzie", "GISJOIN": "G2600190", "JOIN": "G2600190_1900", "NATIVE_POP": 50 }, "geometry": { "type": "Point", "coordinates": [ -86.015521445711514, 44.638700724976324 ] } },
{ "type": "Feature", "properties": { "DECADE": "1900", "NHGISNAM": "Berrien", "GISJOIN": "G2600210", "JOIN": "G2600210_1900", "NATIVE_POP": 6 }, "geometry": { "type": "Point", "coordinates": [ -86.412279294567185, 41.954671724419889 ] } },
{ "type": "Feature", "properties": { "DECADE": "1900", "NHGISNAM": "Big Stone", "GISJOIN": "G2700110", "JOIN": "G2700110_1900", "NATIVE_POP": 0 }, "geometry": { "type": "Point", "coordinates": [ -96.410848338420521, 45.42656926714065 ] } },
{ "type": "Feature", "properties": { "DECADE": "1900", "NHGISNAM": "Blue Earth", "GISJOIN": "G2700130", "JOIN": "G2700130_1900", "NATIVE_POP": 0 }, "geometry": { "type": "Point", "coordinates": [ -94.067034366436999, 44.034588426433892 ] } },
{ "type": "Feature", "properties": { "DECADE": "1900", "NHGISNAM": "Branch", "GISJOIN": "G2600230", "JOIN": "G2600230_1900", "NATIVE_POP": 4 }, "geometry": { "type": "Point", "coordinates": [ -85.059041587716791, 41.916118332806228 ] } },
{ "type": "Feature", "properties": { "DECADE": "1900", "NHGISNAM": "Brown", "GISJOIN": "G2700150", "JOIN": "G2700150_1900", "NATIVE_POP": 0 }, "geometry": { "type": "Point", "coordinates": [ -94.727477762088611, 44.242172491538469 ] } },
{ "type": "Feature", "properties": { "DECADE": "1900", "NHGISNAM": "Brown", "GISJOIN": "G5500090", "JOIN": "G5500090_1900", "NATIVE_POP": 703 }, "geometry": { "type": "Point", "coordinates": [ -88.003317789993645, 44.452104404749193 ] } },
{ "type": "Feature", "properties": { "DECADE": "1900", "NHGISNAM": "Buffalo", "GISJOIN": "G5500110", "JOIN": "G5500110_1900", "NATIVE_POP": 0 }, "geometry": { "type": "Point", "coordinates": [ -91.754469654736511, 44.379832166881428 ] } },
{ "type": "Feature", "properties": { "DECADE": "1900", "NHGISNAM": "Burnett", "GISJOIN": "G5500130", "JOIN": "G5500130_1900", "NATIVE_POP": 151 }, "geometry": { "type": "Point", "coordinates": [ -92.367566410655087, 45.862715436832204 ] } },
{ "type": "Feature", "properties": { "DECADE": "1900", "NHGISNAM": "Calhoun", "GISJOIN": "G2600250", "JOIN": "G2600250_1900", "NATIVE_POP": 83 }, "geometry": { "type": "Point", "coordinates": [ -85.005583897896628, 42.24653934087312 ] } },
{ "type": "Feature", "properties": { "DECADE": "1900", "NHGISNAM": "Calumet", "GISJOIN": "G5500150", "JOIN": "G5500150_1900", "NATIVE_POP": 257 }, "geometry": { "type": "Point", "coordinates": [ -88.218058048068045, 44.081603583981661 ] } },
{ "type": "Feature", "properties": { "DECADE": "1900", "NHGISNAM": "Carlton", "GISJOIN": "G2700170", "JOIN": "G2700170_1900", "NATIVE_POP": 356 }, "geometry": { "type": "Point", "coordinates": [ -92.677051702057895, 46.59240250233583 ] } },
{ "type": "Feature", "properties": { "DECADE": "1900", "NHGISNAM": "Carver", "GISJOIN": "G2700190", "JOIN": "G2700190_1900", "NATIVE_POP": 0 }, "geometry": { "type": "Point", "coordinates": [ -93.802575816627652, 44.820764687547403 ] } },
{ "type": "Feature", "properties": { "DECADE": "1900", "NHGISNAM": "Cass", "GISJOIN": "G2600270", "JOIN": "G2600270_1900", "NATIVE_POP": 68 }, "geometry": { "type": "Point", "coordinates": [ -85.993457939955618, 41.915400188051393 ] } },
{ "type": "Feature", "properties": { "DECADE": "1900", "NHGISNAM": "Cass", "GISJOIN": "G2700210", "JOIN": "G2700210_1900", "NATIVE_POP": 1429 }, "geometry": { "type": "Point", "coordinates": [ -94.325354726997688, 46.949582446658134 ] } },
{ "type": "Feature", "properties": { "DECADE": "1900", "NHGISNAM": "Charlevoix", "GISJOIN": "G2600290", "JOIN": "G2600290_1900", "NATIVE_POP": 321 }, "geometry": { "type": "Point", "coordinates": [ -85.125081958612412, 45.300805114774633 ] } },
{ "type": "Feature", "properties": { "DECADE": "1900", "NHGISNAM": "Cheboygan", "GISJOIN": "G2600310", "JOIN": "G2600310_1900", "NATIVE_POP": 182 }, "geometry": { "type": "Point", "coordinates": [ -84.499870843218261, 45.446393249567841 ] } },
{ "type": "Feature", "properties": { "DECADE": "1900", "NHGISNAM": "Chippewa", "GISJOIN": "G2600330", "JOIN": "G2600330_1900", "NATIVE_POP": 449 }, "geometry": { "type": "Point", "coordinates": [ -84.592503841584048, 46.303434950140407 ] } },
{ "type": "Feature", "properties": { "DECADE": "1900", "NHGISNAM": "Chippewa", "GISJOIN": "G2700230", "JOIN": "G2700230_1900", "NATIVE_POP": 0 }, "geometry": { "type": "Point", "coordinates": [ -95.566689947249273, 45.022366403915171 ] } },
{ "type": "Feature", "properties": { "DECADE": "1900", "NHGISNAM": "Chippewa", "GISJOIN": "G5500170", "JOIN": "G5500170_1900", "NATIVE_POP": 102 }, "geometry": { "type": "Point", "coordinates": [ -91.210351768684902, 45.261626569406083 ] } },
{ "type": "Feature", "properties": { "DECADE": "1900", "NHGISNAM": "Chisago", "GISJOIN": "G2700250", "JOIN": "G2700250_1900", "NATIVE_POP": 0 }, "geometry": { "type": "Point", "coordinates": [ -92.908338581826214, 45.502465666330863 ] } },
{ "type": "Feature", "properties": { "DECADE": "1900", "NHGISNAM": "Clare", "GISJOIN": "G2600350", "JOIN": "G2600350_1900", "NATIVE_POP": 19 }, "geometry": { "type": "Point", "coordinates": [ -84.847832030671256, 43.987871678612073 ] } },
{ "type": "Feature", "properties": { "DECADE": "1900", "NHGISNAM": "Clark", "GISJOIN": "G5500190", "JOIN": "G5500190_1900", "NATIVE_POP": 51 }, "geometry": { "type": "Point", "coordinates": [ -90.612073258463212, 44.734714418794887 ] } },
{ "type": "Feature", "properties": { "DECADE": "1900", "NHGISNAM": "Clay", "GISJOIN": "G2700270", "JOIN": "G2700270_1900", "NATIVE_POP": 0 }, "geometry": { "type": "Point", "coordinates": [ -96.490646987324425, 46.892341928024166 ] } },
{ "type": "Feature", "properties": { "DECADE": "1900", "NHGISNAM": "Clinton", "GISJOIN": "G2600370", "JOIN": "G2600370_1900", "NATIVE_POP": 0 }, "geometry": { "type": "Point", "coordinates": [ -84.601516200545575, 42.94365111879646 ] } },
{ "type": "Feature", "properties": { "DECADE": "1900", "NHGISNAM": "Columbia", "GISJOIN": "G5500210", "JOIN": "G5500210_1900", "NATIVE_POP": 9 }, "geometry": { "type": "Point", "coordinates": [ -89.333734371542917, 43.466599922797741 ] } },
{ "type": "Feature", "properties": { "DECADE": "1900", "NHGISNAM": "Cook", "GISJOIN": "G2700310", "JOIN": "G2700310_1900", "NATIVE_POP": 298 }, "geometry": { "type": "Point", "coordinates": [ -90.535590295529076, 47.902551182867242 ] } },
{ "type": "Feature", "properties": { "DECADE": "1900", "NHGISNAM": "Cottonwood", "GISJOIN": "G2700330", "JOIN": "G2700330_1900", "NATIVE_POP": 0 }, "geometry": { "type": "Point", "coordinates": [ -95.181152900155041, 44.007106301754568 ] } },
{ "type": "Feature", "properties": { "DECADE": "1900", "NHGISNAM": "Crawford", "GISJOIN": "G2600390", "JOIN": "G2600390_1900", "NATIVE_POP": 4 }, "geometry": { "type": "Point", "coordinates": [ -84.610335654718753, 44.683609842718532 ] } },
{ "type": "Feature", "properties": { "DECADE": "1900", "NHGISNAM": "Crawford", "GISJOIN": "G5500230", "JOIN": "G5500230_1900", "NATIVE_POP": 0 }, "geometry": { "type": "Point", "coordinates": [ -90.931048366962372, 43.239461118998371 ] } },
{ "type": "Feature", "properties": { "DECADE": "1900", "NHGISNAM": "Crow Wing", "GISJOIN": "G2700350", "JOIN": "G2700350_1900", "NATIVE_POP": 38 }, "geometry": { "type": "Point", "coordinates": [ -94.070878428823875, 46.482374720567549 ] } },
{ "type": "Feature", "properties": { "DECADE": "1900", "NHGISNAM": "Dakota", "GISJOIN": "G2700370", "JOIN": "G2700370_1900", "NATIVE_POP": 75 }, "geometry": { "type": "Point", "coordinates": [ -93.065440704917307, 44.671892690926086 ] } },
{ "type": "Feature", "properties": { "DECADE": "1900", "NHGISNAM": "Dane", "GISJOIN": "G5500250", "JOIN": "G5500250_1900", "NATIVE_POP": 1 }, "geometry": { "type": "Point", "coordinates": [ -89.418324010997836, 43.067349644004139 ] } },
{ "type": "Feature", "properties": { "DECADE": "1900", "NHGISNAM": "Delta", "GISJOIN": "G2600410", "JOIN": "G2600410_1900", "NATIVE_POP": 247 }, "geometry": { "type": "Point", "coordinates": [ -86.924567628033785, 45.919654967610214 ] } },
{ "type": "Feature", "properties": { "DECADE": "1900", "NHGISNAM": "Dickinson", "GISJOIN": "G2600430", "JOIN": "G2600430_1900", "NATIVE_POP": 54 }, "geometry": { "type": "Point", "coordinates": [ -87.87025737083934, 46.009237312438458 ] } },
{ "type": "Feature", "properties": { "DECADE": "1900", "NHGISNAM": "Dodge", "GISJOIN": "G2700390", "JOIN": "G2700390_1900", "NATIVE_POP": 0 }, "geometry": { "type": "Point", "coordinates": [ -92.862053289396727, 44.022588553808689 ] } },
{ "type": "Feature", "properties": { "DECADE": "1900", "NHGISNAM": "Dodge", "GISJOIN": "G5500270", "JOIN": "G5500270_1900", "NATIVE_POP": 8 }, "geometry": { "type": "Point", "coordinates": [ -88.707524183888196, 43.416301988058564 ] } },
{ "type": "Feature", "properties": { "DECADE": "1900", "NHGISNAM": "Door", "GISJOIN": "G5500290", "JOIN": "G5500290_1900", "NATIVE_POP": 0 }, "geometry": { "type": "Point", "coordinates": [ -87.316998528133851, 44.943784297471687 ] } },
{ "type": "Feature", "properties": { "DECADE": "1900", "NHGISNAM": "Douglas", "GISJOIN": "G2700410", "JOIN": "G2700410_1900", "NATIVE_POP": 0 }, "geometry": { "type": "Point", "coordinates": [ -95.453518303478546, 45.933723103704374 ] } },
{ "type": "Feature", "properties": { "DECADE": "1900", "NHGISNAM": "Douglas", "GISJOIN": "G5500310", "JOIN": "G5500310_1900", "NATIVE_POP": 133 }, "geometry": { "type": "Point", "coordinates": [ -91.914826046298273, 46.431034539692405 ] } },
{ "type": "Feature", "properties": { "DECADE": "1900", "NHGISNAM": "Dunn", "GISJOIN": "G5500330", "JOIN": "G5500330_1900", "NATIVE_POP": 0 }, "geometry": { "type": "Point", "coordinates": [ -91.896414047885912, 44.946588171771523 ] } },
{ "type": "Feature", "properties": { "DECADE": "1900", "NHGISNAM": "Eaton", "GISJOIN": "G2600450", "JOIN": "G2600450_1900", "NATIVE_POP": 0 }, "geometry": { "type": "Point", "coordinates": [ -84.838314733144486, 42.596070000972709 ] } },
{ "type": "Feature", "properties": { "DECADE": "1900", "NHGISNAM": "Eau Claire", "GISJOIN": "G5500350", "JOIN": "G5500350_1900", "NATIVE_POP": 0 }, "geometry": { "type": "Point", "coordinates": [ -91.285997728642286, 44.726769879766984 ] } },
{ "type": "Feature", "properties": { "DECADE": "1900", "NHGISNAM": "Emmet", "GISJOIN": "G2600470", "JOIN": "G2600470_1900", "NATIVE_POP": 793 }, "geometry": { "type": "Point", "coordinates": [ -84.890453150649947, 45.520444919957882 ] } },
{ "type": "Feature", "properties": { "DECADE": "1900", "NHGISNAM": "Faribault", "GISJOIN": "G2700430", "JOIN": "G2700430_1900", "NATIVE_POP": 0 }, "geometry": { "type": "Point", "coordinates": [ -93.947998142330249, 43.673929010021773 ] } },
{ "type": "Feature", "properties": { "DECADE": "1900", "NHGISNAM": "Fillmore", "GISJOIN": "G2700450", "JOIN": "G2700450_1900", "NATIVE_POP": 0 }, "geometry": { "type": "Point", "coordinates": [ -92.090167308549539, 43.673997210397573 ] } },
{ "type": "Feature", "properties": { "DECADE": "1900", "NHGISNAM": "Florence", "GISJOIN": "G5500370", "JOIN": "G5500370_1900", "NATIVE_POP": 0 }, "geometry": { "type": "Point", "coordinates": [ -88.398155372897307, 45.848463951639822 ] } },
{ "type": "Feature", "properties": { "DECADE": "1900", "NHGISNAM": "Fond Du Lac", "GISJOIN": "G5500390", "JOIN": "G5500390_1900", "NATIVE_POP": 16 }, "geometry": { "type": "Point", "coordinates": [ -88.488259553277842, 43.753590247599412 ] } },
{ "type": "Feature", "properties": { "DECADE": "1900", "NHGISNAM": "Forest", "GISJOIN": "G5500410", "JOIN": "G5500410_1900", "NATIVE_POP": 162 }, "geometry": { "type": "Point", "coordinates": [ -88.78049689772638, 45.683787000453144 ] } },
{ "type": "Feature", "properties": { "DECADE": "1900", "NHGISNAM": "Freeborn", "GISJOIN": "G2700470", "JOIN": "G2700470_1900", "NATIVE_POP": 0 }, "geometry": { "type": "Point", "coordinates": [ -93.348815685966656, 43.673844097339845 ] } },
{ "type": "Feature", "properties": { "DECADE": "1900", "NHGISNAM": "Genesee", "GISJOIN": "G2600490", "JOIN": "G2600490_1900", "NATIVE_POP": 0 }, "geometry": { "type": "Point", "coordinates": [ -83.706711027968908, 43.021723562934028 ] } },
{ "type": "Feature", "properties": { "DECADE": "1900", "NHGISNAM": "Gladwin", "GISJOIN": "G2600510", "JOIN": "G2600510_1900", "NATIVE_POP": 8 }, "geometry": { "type": "Point", "coordinates": [ -84.388245789074631, 43.990673080437084 ] } },
{ "type": "Feature", "properties": { "DECADE": "1900", "NHGISNAM": "Gogebic", "GISJOIN": "G2600530", "JOIN": "G2600530_1900", "NATIVE_POP": 58 }, "geometry": { "type": "Point", "coordinates": [ -89.694408276851391, 46.408788407605847 ] } },
{ "type": "Feature", "properties": { "DECADE": "1900", "NHGISNAM": "Goodhue", "GISJOIN": "G2700490", "JOIN": "G2700490_1900", "NATIVE_POP": 48 }, "geometry": { "type": "Point", "coordinates": [ -92.722589996139334, 44.409850230246498 ] } },
{ "type": "Feature", "properties": { "DECADE": "1900", "NHGISNAM": "Grand Traverse", "GISJOIN": "G2600550", "JOIN": "G2600550_1900", "NATIVE_POP": 37 }, "geometry": { "type": "Point", "coordinates": [ -85.560498389405865, 44.668666887645443 ] } },
{ "type": "Feature", "properties": { "DECADE": "1900", "NHGISNAM": "Grant", "GISJOIN": "G2700510", "JOIN": "G2700510_1900", "NATIVE_POP": 0 }, "geometry": { "type": "Point", "coordinates": [ -96.012181437184481, 45.934046542171473 ] } },
{ "type": "Feature", "properties": { "DECADE": "1900", "NHGISNAM": "Grant", "GISJOIN": "G5500430", "JOIN": "G5500430_1900", "NATIVE_POP": 0 }, "geometry": { "type": "Point", "coordinates": [ -90.706227635313695, 42.867474215951979 ] } },
{ "type": "Feature", "properties": { "DECADE": "1900", "NHGISNAM": "Gratiot", "GISJOIN": "G2600570", "JOIN": "G2600570_1900", "NATIVE_POP": 0 }, "geometry": { "type": "Point", "coordinates": [ -84.604911617265032, 43.292733086978188 ] } },
{ "type": "Feature", "properties": { "DECADE": "1900", "NHGISNAM": "Green", "GISJOIN": "G5500450", "JOIN": "G5500450_1900", "NATIVE_POP": 0 }, "geometry": { "type": "Point", "coordinates": [ -89.602214510935994, 42.679988344534408 ] } },
{ "type": "Feature", "properties": { "DECADE": "1900", "NHGISNAM": "Green Lake", "GISJOIN": "G5500470", "JOIN": "G5500470_1900", "NATIVE_POP": 0 }, "geometry": { "type": "Point", "coordinates": [ -89.044946919283902, 43.800358639174561 ] } },
{ "type": "Feature", "properties": { "DECADE": "1900", "NHGISNAM": "Hennepin", "GISJOIN": "G2700530", "JOIN": "G2700530_1900", "NATIVE_POP": 48 }, "geometry": { "type": "Point", "coordinates": [ -93.476864272497437, 45.004540015463974 ] } },
{ "type": "Feature", "properties": { "DECADE": "1900", "NHGISNAM": "Hillsdale", "GISJOIN": "G2600590", "JOIN": "G2600590_1900", "NATIVE_POP": 0 }, "geometry": { "type": "Point", "coordinates": [ -84.592928022714418, 41.887767279671699 ] } },
{ "type": "Feature", "properties": { "DECADE": "1900", "NHGISNAM": "Houghton", "GISJOIN": "G2600610", "JOIN": "G2600610_1900", "NATIVE_POP": 18 }, "geometry": { "type": "Point", "coordinates": [ -88.687504086665086, 46.897664212461542 ] } },
{ "type": "Feature", "properties": { "DECADE": "1900", "NHGISNAM": "Houston", "GISJOIN": "G2700550", "JOIN": "G2700550_1900", "NATIVE_POP": 0 }, "geometry": { "type": "Point", "coordinates": [ -91.492832629464857, 43.671444196142268 ] } },
{ "type": "Feature", "properties": { "DECADE": "1900", "NHGISNAM": "Hubbard", "GISJOIN": "G2700570", "JOIN": "G2700570_1900", "NATIVE_POP": 3 }, "geometry": { "type": "Point", "coordinates": [ -94.916634729838307, 47.108642649014527 ] } },
{ "type": "Feature", "properties": { "DECADE": "1900", "NHGISNAM": "Huron", "GISJOIN": "G2600630", "JOIN": "G2600630_1900", "NATIVE_POP": 0 }, "geometry": { "type": "Point", "coordinates": [ -83.019480864735954, 43.833294892896859 ] } },
{ "type": "Feature", "properties": { "DECADE": "1900", "NHGISNAM": "Ingham", "GISJOIN": "G2600650", "JOIN": "G2600650_1900", "NATIVE_POP": 0 }, "geometry": { "type": "Point", "coordinates": [ -84.373537294349035, 42.597098805667137 ] } },
{ "type": "Feature", "properties": { "DECADE": "1900", "NHGISNAM": "Ionia", "GISJOIN": "G2600670", "JOIN": "G2600670_1900", "NATIVE_POP": 0 }, "geometry": { "type": "Point", "coordinates": [ -85.074601615700871, 42.945094187469394 ] } },
{ "type": "Feature", "properties": { "DECADE": "1900", "NHGISNAM": "Iosco", "GISJOIN": "G2600690", "JOIN": "G2600690_1900", "NATIVE_POP": 56 }, "geometry": { "type": "Point", "coordinates": [ -83.635937196341331, 44.355801853265419 ] } },
{ "type": "Feature", "properties": { "DECADE": "1900", "NHGISNAM": "Iowa", "GISJOIN": "G5500490", "JOIN": "G5500490_1900", "NATIVE_POP": 0 }, "geometry": { "type": "Point", "coordinates": [ -90.1354331641964, 43.000476971496987 ] } },
{ "type": "Feature", "properties": { "DECADE": "1900", "NHGISNAM": "Iron", "GISJOIN": "G2600710", "JOIN": "G2600710_1900", "NATIVE_POP": 1 }, "geometry": { "type": "Point", "coordinates": [ -88.530546656968411, 46.20867157873969 ] } },
{ "type": "Feature", "properties": { "DECADE": "1900", "NHGISNAM": "Iron", "GISJOIN": "G5500510", "JOIN": "G5500510_1900", "NATIVE_POP": 0 }, "geometry": { "type": "Point", "coordinates": [ -90.242067486679602, 46.262272249779045 ] } },
{ "type": "Feature", "properties": { "DECADE": "1900", "NHGISNAM": "Isabella", "GISJOIN": "G2600730", "JOIN": "G2600730_1900", "NATIVE_POP": 665 }, "geometry": { "type": "Point", "coordinates": [ -84.846802217105861, 43.640596722687455 ] } },
{ "type": "Feature", "properties": { "DECADE": "1900", "NHGISNAM": "Isanti", "GISJOIN": "G2700590", "JOIN": "G2700590_1900", "NATIVE_POP": 0 }, "geometry": { "type": "Point", "coordinates": [ -93.295178806018527, 45.561485726273325 ] } },
{ "type": "Feature", "properties": { "DECADE": "1900", "NHGISNAM": "Itasca", "GISJOIN": "G2700610", "JOIN": "G2700610_1900", "NATIVE_POP": 632 }, "geometry": { "type": "Point", "coordinates": [ -93.711029906243141, 47.893653161720898 ] } },
{ "type": "Feature", "properties": { "DECADE": "1900", "NHGISNAM": "Jackson", "GISJOIN": "G2600750", "JOIN": "G2600750_1900", "NATIVE_POP": 0 }, "geometry": { "type": "Point", "coordinates": [ -84.423437332694164, 42.24848731682205 ] } },
{ "type": "Feature", "properties": { "DECADE": "1900", "NHGISNAM": "Jackson", "GISJOIN": "G2700630", "JOIN": "G2700630_1900", "NATIVE_POP": 0 }, "geometry": { "type": "Point", "coordinates": [ -95.154112867149635, 43.674171807790209 ] } },
{ "type": "Feature", "properties": { "DECADE": "1900", "NHGISNAM": "Jackson", "GISJOIN": "G5500530", "JOIN": "G5500530_1900", "NATIVE_POP": 197 }, "geometry": { "type": "Point", "coordinates": [ -90.805174864713194, 44.319130247390525 ] } },
{ "type": "Feature", "properties": { "DECADE": "1900", "NHGISNAM": "Jefferson", "GISJOIN": "G5500550", "JOIN": "G5500550_1900", "NATIVE_POP": 0 }, "geometry": { "type": "Point", "coordinates": [ -88.775873161486203, 43.020822009432969 ] } },
{ "type": "Feature", "properties": { "DECADE": "1900", "NHGISNAM": "Juneau", "GISJOIN": "G5500570", "JOIN": "G5500570_1900", "NATIVE_POP": 49 }, "geometry": { "type": "Point", "coordinates": [ -90.114017928102101, 43.924441111632795 ] } },
{ "type": "Feature", "properties": { "DECADE": "1900", "NHGISNAM": "Kalamazoo", "GISJOIN": "G2600770", "JOIN": "G2600770_1900", "NATIVE_POP": 0 }, "geometry": { "type": "Point", "coordinates": [ -85.531183515696043, 42.245453291892218 ] } },
{ "type": "Feature", "properties": { "DECADE": "1900", "NHGISNAM": "Kalkaska", "GISJOIN": "G2600790", "JOIN": "G2600790_1900", "NATIVE_POP": 46 }, "geometry": { "type": "Point", "coordinates": [ -85.090249879925167, 44.684675975235571 ] } },
{ "type": "Feature", "properties": { "DECADE": "1900", "NHGISNAM": "Kanabec", "GISJOIN": "G2700650", "JOIN": "G2700650_1900", "NATIVE_POP": 37 }, "geometry": { "type": "Point", "coordinates": [ -93.293423587908194, 45.945218455365769 ] } },
{ "type": "Feature", "properties": { "DECADE": "1900", "NHGISNAM": "Kandiyohi", "GISJOIN": "G2700670", "JOIN": "G2700670_1900", "NATIVE_POP": 0 }, "geometry": { "type": "Point", "coordinates": [ -95.004740712120125, 45.15238192334531 ] } },
{ "type": "Feature", "properties": { "DECADE": "1900", "NHGISNAM": "Kenosha", "GISJOIN": "G5500590", "JOIN": "G5500590_1900", "NATIVE_POP": 0 }, "geometry": { "type": "Point", "coordinates": [ -88.042711476798758, 42.576798853408988 ] } },
{ "type": "Feature", "properties": { "DECADE": "1900", "NHGISNAM": "Kent", "GISJOIN": "G2600810", "JOIN": "G2600810_1900", "NATIVE_POP": 2 }, "geometry": { "type": "Point", "coordinates": [ -85.549295929343444, 43.032155644630436 ] } },
{ "type": "Feature", "properties": { "DECADE": "1900", "NHGISNAM": "Kewaunee", "GISJOIN": "G5500610", "JOIN": "G5500610_1900", "NATIVE_POP": 0 }, "geometry": { "type": "Point", "coordinates": [ -87.615291567751044, 44.516112043381163 ] } },
{ "type": "Feature", "properties": { "DECADE": "1900", "NHGISNAM": "Keweenaw", "GISJOIN": "G2600830", "JOIN": "G2600830_1900", "NATIVE_POP": 0 }, "geometry": { "type": "Point", "coordinates": [ -88.426582579584874, 47.608386449828451 ] } },
{ "type": "Feature", "properties": { "DECADE": "1900", "NHGISNAM": "Kittson", "GISJOIN": "G2700690", "JOIN": "G2700690_1900", "NATIVE_POP": 20 }, "geometry": { "type": "Point", "coordinates": [ -96.782851499784684, 48.776627430059214 ] } },
{ "type": "Feature", "properties": { "DECADE": "1900", "NHGISNAM": "La Crosse", "GISJOIN": "G5500630", "JOIN": "G5500630_1900", "NATIVE_POP": 0 }, "geometry": { "type": "Point", "coordinates": [ -91.115201544708597, 43.906532178500427 ] } },
{ "type": "Feature", "properties": { "DECADE": "1900", "NHGISNAM": "Lac Qui Parle", "GISJOIN": "G2700730", "JOIN": "G2700730_1900", "NATIVE_POP": 0 }, "geometry": { "type": "Point", "coordinates": [ -96.174032226831045, 44.996101531369554 ] } },
{ "type": "Feature", "properties": { "DECADE": "1900", "NHGISNAM": "Lafayette", "GISJOIN": "G5500650", "JOIN": "G5500650_1900", "NATIVE_POP": 0 }, "geometry": { "type": "Point", "coordinates": [ -90.131721976474907, 42.660499382908789 ] } },
{ "type": "Feature", "properties": { "DECADE": "1900", "NHGISNAM": "Lake", "GISJOIN": "G2600850", "JOIN": "G2600850_1900", "NATIVE_POP": 12 }, "geometry": { "type": "Point", "coordinates": [ -85.801692461558901, 43.990011929047071 ] } },
{ "type": "Feature", "properties": { "DECADE": "1900", "NHGISNAM": "Lake", "GISJOIN": "G2700750", "JOIN": "G2700750_1900", "NATIVE_POP": 0 }, "geometry": { "type": "Point", "coordinates": [ -91.445782745994421, 47.641024525630144 ] } },
{ "type": "Feature", "properties": { "DECADE": "1900", "NHGISNAM": "Langlade", "GISJOIN": "G5500670", "JOIN": "G5500670_1900", "NATIVE_POP": 0 }, "geometry": { "type": "Point", "coordinates": [ -89.071912393009313, 45.262365108991503 ] } },
{ "type": "Feature", "properties": { "DECADE": "1900", "NHGISNAM": "Lapeer", "GISJOIN": "G2600870", "JOIN": "G2600870_1900", "NATIVE_POP": 13 }, "geometry": { "type": "Point", "coordinates": [ -83.221783901719732, 43.090147290744923 ] } },
{ "type": "Feature", "properties": { "DECADE": "1900", "NHGISNAM": "Le Sueur", "GISJOIN": "G2700790", "JOIN": "G2700790_1900", "NATIVE_POP": 0 }, "geometry": { "type": "Point", "coordinates": [ -93.730083731700347, 44.371435448233946 ] } },
{ "type": "Feature", "properties": { "DECADE": "1900", "NHGISNAM": "Leelanau", "GISJOIN": "G2600890", "JOIN": "G2600890_1900", "NATIVE_POP": 515 }, "geometry": { "type": "Point", "coordinates": [ -85.811973257655879, 44.938367327804826 ] } },
{ "type": "Feature", "properties": { "DECADE": "1900", "NHGISNAM": "Lenawee", "GISJOIN": "G2600910", "JOIN": "G2600910_1900", "NATIVE_POP": 0 }, "geometry": { "type": "Point", "coordinates": [ -84.066364810627903, 41.895082455560726 ] } },
{ "type": "Feature", "properties": { "DECADE": "1900", "NHGISNAM": "Lincoln", "GISJOIN": "G2700810", "JOIN": "G2700810_1900", "NATIVE_POP": 0 }, "geometry": { "type": "Point", "coordinates": [ -96.267088738924556, 44.412597860803402 ] } },
{ "type": "Feature", "properties": { "DECADE": "1900", "NHGISNAM": "Lincoln", "GISJOIN": "G5500690", "JOIN": "G5500690_1900", "NATIVE_POP": 22 }, "geometry": { "type": "Point", "coordinates": [ -89.734612484258804, 45.337463671134934 ] } },
{ "type": "Feature", "properties": { "DECADE": "1900", "NHGISNAM": "Livingston", "GISJOIN": "G2600930", "JOIN": "G2600930_1900", "NATIVE_POP": 0 }, "geometry": { "type": "Point", "coordinates": [ -83.911528216594405, 42.602915863117715 ] } },
{ "type": "Feature", "properties": { "DECADE": "1900", "NHGISNAM": "Luce", "GISJOIN": "G2600950", "JOIN": "G2600950_1900", "NATIVE_POP": 0 }, "geometry": { "type": "Point", "coordinates": [ -85.544363570251832, 46.470667296319142 ] } },
{ "type": "Feature", "properties": { "DECADE": "1900", "NHGISNAM": "Lyon", "GISJOIN": "G2700830", "JOIN": "G2700830_1900", "NATIVE_POP": 0 }, "geometry": { "type": "Point", "coordinates": [ -95.838978853539246, 44.413489127968752 ] } },
{ "type": "Feature", "properties": { "DECADE": "1900", "NHGISNAM": "Mackinac", "GISJOIN": "G2600970", "JOIN": "G2600970_1900", "NATIVE_POP": 275 }, "geometry": { "type": "Point", "coordinates": [ -85.094881959722812, 46.0816082144839 ] } },
{ "type": "Feature", "properties": { "DECADE": "1900", "NHGISNAM": "Macomb", "GISJOIN": "G2600990", "JOIN": "G2600990_1900", "NATIVE_POP": 0 }, "geometry": { "type": "Point", "coordinates": [ -82.932317065033658, 42.695765557454521 ] } },
{ "type": "Feature", "properties": { "DECADE": "1900", "NHGISNAM": "Manistee", "GISJOIN": "G2601010", "JOIN": "G2601010_1900", "NATIVE_POP": 2 }, "geometry": { "type": "Point", "coordinates": [ -86.056633518748001, 44.332940083830266 ] } },
{ "type": "Feature", "properties": { "DECADE": "1900", "NHGISNAM": "Manitowoc", "GISJOIN": "G5500710", "JOIN": "G5500710_1900", "NATIVE_POP": 0 }, "geometry": { "type": "Point", "coordinates": [ -87.809648012808509, 44.119941856155123 ] } },
{ "type": "Feature", "properties": { "DECADE": "1900", "NHGISNAM": "Marathon", "GISJOIN": "G5500730", "JOIN": "G5500730_1900", "NATIVE_POP": 18 }, "geometry": { "type": "Point", "coordinates": [ -89.759051643935081, 44.898286651868801 ] } },
{ "type": "Feature", "properties": { "DECADE": "1900", "NHGISNAM": "Marinette", "GISJOIN": "G5500750", "JOIN": "G5500750_1900", "NATIVE_POP": 202 }, "geometry": { "type": "Point", "coordinates": [ -88.033573122401222, 45.383158054923875 ] } },
{ "type": "Feature", "properties": { "DECADE": "1900", "NHGISNAM": "Marquette", "GISJOIN": "G2601030", "JOIN": "G2601030_1900", "NATIVE_POP": 61 }, "geometry": { "type": "Point", "coordinates": [ -87.641611509236924, 46.431275017335196 ] } },
{ "type": "Feature", "properties": { "DECADE": "1900", "NHGISNAM": "Marquette", "GISJOIN": "G5500770", "JOIN": "G5500770_1900", "NATIVE_POP": 0 }, "geometry": { "type": "Point", "coordinates": [ -89.398811928377498, 43.81960585679424 ] } },
{ "type": "Feature", "properties": { "DECADE": "1900", "NHGISNAM": "Marshall", "GISJOIN": "G2700890", "JOIN": "G2700890_1900", "NATIVE_POP": 5 }, "geometry": { "type": "Point", "coordinates": [ -96.368466634980649, 48.358125975050477 ] } },
{ "type": "Feature", "properties": { "DECADE": "1900", "NHGISNAM": "Martin", "GISJOIN": "G2700910", "JOIN": "G2700910_1900", "NATIVE_POP": 0 }, "geometry": { "type": "Point", "coordinates": [ -94.551069636657573, 43.674362583372009 ] } },
{ "type": "Feature", "properties": { "DECADE": "1900", "NHGISNAM": "Mason", "GISJOIN": "G2601050", "JOIN": "G2601050_1900", "NATIVE_POP": 319 }, "geometry": { "type": "Point", "coordinates": [ -86.249974951263113, 43.995264790430404 ] } },
{ "type": "Feature", "properties": { "DECADE": "1900", "NHGISNAM": "Mcleod", "GISJOIN": "G2700850", "JOIN": "G2700850_1900", "NATIVE_POP": 0 }, "geometry": { "type": "Point", "coordinates": [ -94.272420251127187, 44.823543945357642 ] } },
{ "type": "Feature", "properties": { "DECADE": "1900", "NHGISNAM": "Mecosta", "GISJOIN": "G2601070", "JOIN": "G2601070_1900", "NATIVE_POP": 38 }, "geometry": { "type": "Point", "coordinates": [ -85.324631377005844, 43.640796880009205 ] } },
{ "type": "Feature", "properties": { "DECADE": "1900", "NHGISNAM": "Meeker", "GISJOIN": "G2700930", "JOIN": "G2700930_1900", "NATIVE_POP": 0 }, "geometry": { "type": "Point", "coordinates": [ -94.527309488337167, 45.123115388952932 ] } },
{ "type": "Feature", "properties": { "DECADE": "1900", "NHGISNAM": "Menominee", "GISJOIN": "G2601090", "JOIN": "G2601090_1900", "NATIVE_POP": 38 }, "geometry": { "type": "Point", "coordinates": [ -87.556633484534842, 45.580107205563998 ] } },
{ "type": "Feature", "properties": { "DECADE": "1900", "NHGISNAM": "Midland", "GISJOIN": "G2601110", "JOIN": "G2601110_1900", "NATIVE_POP": 0 }, "geometry": { "type": "Point", "coordinates": [ -84.388109196434158, 43.64685643723616 ] } },
{ "type": "Feature", "properties": { "DECADE": "1900", "NHGISNAM": "Mille Lacs", "GISJOIN": "G2700950", "JOIN": "G2700950_1900", "NATIVE_POP": 0 }, "geometry": { "type": "Point", "coordinates": [ -93.630087238964563, 45.938047970585011 ] } },
{ "type": "Feature", "properties": { "DECADE": "1900", "NHGISNAM": "Milwaukee", "GISJOIN": "G5500790", "JOIN": "G5500790_1900", "NATIVE_POP": 4 }, "geometry": { "type": "Point", "coordinates": [ -87.966756028268961, 43.007143909425572 ] } },
{ "type": "Feature", "properties": { "DECADE": "1900", "NHGISNAM": "Missaukee", "GISJOIN": "G2601130", "JOIN": "G2601130_1900", "NATIVE_POP": 50 }, "geometry": { "type": "Point", "coordinates": [ -85.094676209639957, 44.337317108441688 ] } },
{ "type": "Feature", "properties": { "DECADE": "1900", "NHGISNAM": "Monroe", "GISJOIN": "G2601150", "JOIN": "G2601150_1900", "NATIVE_POP": 0 }, "geometry": { "type": "Point", "coordinates": [ -83.540059892285029, 41.929636978418102 ] } },
{ "type": "Feature", "properties": { "DECADE": "1900", "NHGISNAM": "Monroe", "GISJOIN": "G5500810", "JOIN": "G5500810_1900", "NATIVE_POP": 276 }, "geometry": { "type": "Point", "coordinates": [ -90.617863175723457, 43.945746636886547 ] } },
{ "type": "Feature", "properties": { "DECADE": "1900", "NHGISNAM": "Montcalm", "GISJOIN": "G2601170", "JOIN": "G2601170_1900", "NATIVE_POP": 0 }, "geometry": { "type": "Point", "coordinates": [ -85.152516170753557, 43.310955178348806 ] } },
{ "type": "Feature", "properties": { "DECADE": "1900", "NHGISNAM": "Montmorency", "GISJOIN": "G2601190", "JOIN": "G2601190_1900", "NATIVE_POP": 0 }, "geometry": { "type": "Point", "coordinates": [ -84.127207206821467, 45.027547319512365 ] } },
{ "type": "Feature", "properties": { "DECADE": "1900", "NHGISNAM": "Morrison", "GISJOIN": "G2700970", "JOIN": "G2700970_1900", "NATIVE_POP": 0 }, "geometry": { "type": "Point", "coordinates": [ -94.268440312535645, 46.012632648004086 ] } },
{ "type": "Feature", "properties": { "DECADE": "1900", "NHGISNAM": "Mower", "GISJOIN": "G2700990", "JOIN": "G2700990_1900", "NATIVE_POP": 0 }, "geometry": { "type": "Point", "coordinates": [ -92.752512948363361, 43.671469805701847 ] } },
{ "type": "Feature", "properties": { "DECADE": "1900", "NHGISNAM": "Murray", "GISJOIN": "G2701010", "JOIN": "G2701010_1900", "NATIVE_POP": 0 }, "geometry": { "type": "Point", "coordinates": [ -95.763274981832637, 44.022121976991372 ] } },
{ "type": "Feature", "properties": { "DECADE": "1900", "NHGISNAM": "Muskegon", "GISJOIN": "G2601210", "JOIN": "G2601210_1900", "NATIVE_POP": 1 }, "geometry": { "type": "Point", "coordinates": [ -86.152056382707173, 43.291223904083353 ] } },
{ "type": "Feature", "properties": { "DECADE": "1900", "NHGISNAM": "Newaygo", "GISJOIN": "G2601230", "JOIN": "G2601230_1900", "NATIVE_POP": 0 }, "geometry": { "type": "Point", "coordinates": [ -85.800923436216337, 43.55416591115241 ] } },
{ "type": "Feature", "properties": { "DECADE": "1900", "NHGISNAM": "Nicollet", "GISJOIN": "G2701030", "JOIN": "G2701030_1900", "NATIVE_POP": 0 }, "geometry": { "type": "Point", "coordinates": [ -94.247276872442797, 44.349880602087943 ] } },
{ "type": "Feature", "properties": { "DECADE": "1900", "NHGISNAM": "Nobles", "GISJOIN": "G2701050", "JOIN": "G2701050_1900", "NATIVE_POP": 0 }, "geometry": { "type": "Point", "coordinates": [ -95.753388456832425, 43.674238751492332 ] } },
{ "type": "Feature", "properties": { "DECADE": "1900", "NHGISNAM": "Norman", "GISJOIN": "G2701070", "JOIN": "G2701070_1900", "NATIVE_POP": 0 }, "geometry": { "type": "Point", "coordinates": [ -96.19720570219242, 47.325984097236045 ] } },
{ "type": "Feature", "properties": { "DECADE": "1900", "NHGISNAM": "Oakland", "GISJOIN": "G2601250", "JOIN": "G2601250_1900", "NATIVE_POP": 0 }, "geometry": { "type": "Point", "coordinates": [ -83.38581791468954, 42.660400922728115 ] } },
{ "type": "Feature", "properties": { "DECADE": "1900", "NHGISNAM": "Oceana", "GISJOIN": "G2601270", "JOIN": "G2601270_1900", "NATIVE_POP": 250 }, "geometry": { "type": "Point", "coordinates": [ -86.267602731857423, 43.640917137424566 ] } },
{ "type": "Feature", "properties": { "DECADE": "1900", "NHGISNAM": "Oconto", "GISJOIN": "G5500830", "JOIN": "G5500830_1900", "NATIVE_POP": 253 }, "geometry": { "type": "Point", "coordinates": [ -88.296470051539899, 45.022214274261962 ] } },
{ "type": "Feature", "properties": { "DECADE": "1900", "NHGISNAM": "Ogemaw", "GISJOIN": "G2601290", "JOIN": "G2601290_1900", "NATIVE_POP": 32 }, "geometry": { "type": "Point", "coordinates": [ -84.126414304694208, 44.334938036580013 ] } },
{ "type": "Feature", "properties": { "DECADE": "1900", "NHGISNAM": "Olmsted", "GISJOIN": "G2701090", "JOIN": "G2701090_1900", "NATIVE_POP": 0 }, "geometry": { "type": "Point", "coordinates": [ -92.401760817558653, 44.003732709694383 ] } },
{ "type": "Feature", "properties": { "DECADE": "1900", "NHGISNAM": "Oneida", "GISJOIN": "G5500850", "JOIN": "G5500850_1900", "NATIVE_POP": 70 }, "geometry": { "type": "Point", "coordinates": [ -89.513113442413967, 45.696897527223157 ] } },
{ "type": "Feature", "properties": { "DECADE": "1900", "NHGISNAM": "Ontonagon", "GISJOIN": "G2601310", "JOIN": "G2601310_1900", "NATIVE_POP": 27 }, "geometry": { "type": "Point", "coordinates": [ -89.314993622653375, 46.664315015865967 ] } },
{ "type": "Feature", "properties": { "DECADE": "1900", "NHGISNAM": "Osceola", "GISJOIN": "G2601330", "JOIN": "G2601330_1900", "NATIVE_POP": 16 }, "geometry": { "type": "Point", "coordinates": [ -85.325274987508067, 43.989868768405394 ] } },
{ "type": "Feature", "properties": { "DECADE": "1900", "NHGISNAM": "Oscoda", "GISJOIN": "G2601350", "JOIN": "G2601350_1900", "NATIVE_POP": 0 }, "geometry": { "type": "Point", "coordinates": [ -84.129735082028262, 44.681745389742112 ] } },
{ "type": "Feature", "properties": { "DECADE": "1900", "NHGISNAM": "Otsego", "GISJOIN": "G2601370", "JOIN": "G2601370_1900", "NATIVE_POP": 0 }, "geometry": { "type": "Point", "coordinates": [ -84.599001846496279, 45.021433866743074 ] } },
{ "type": "Feature", "properties": { "DECADE": "1900", "NHGISNAM": "Ottawa", "GISJOIN": "G2601390", "JOIN": "G2601390_1900", "NATIVE_POP": 5 }, "geometry": { "type": "Point", "coordinates": [ -85.99611659794391, 42.959847307964672 ] } },
{ "type": "Feature", "properties": { "DECADE": "1900", "NHGISNAM": "Otter Tail", "GISJOIN": "G2701110", "JOIN": "G2701110_1900", "NATIVE_POP": 9 }, "geometry": { "type": "Point", "coordinates": [ -95.708001683459813, 46.408796056782556 ] } },
{ "type": "Feature", "properties": { "DECADE": "1900", "NHGISNAM": "Outagamie", "GISJOIN": "G5500870", "JOIN": "G5500870_1900", "NATIVE_POP": 999 }, "geometry": { "type": "Point", "coordinates": [ -88.464941862481822, 44.416095308143305 ] } },
{ "type": "Feature", "properties": { "DECADE": "1900", "NHGISNAM": "Ozaukee", "GISJOIN": "G5500890", "JOIN": "G5500890_1900", "NATIVE_POP": 0 }, "geometry": { "type": "Point", "coordinates": [ -87.950820495423002, 43.384069033071256 ] } },
{ "type": "Feature", "properties": { "DECADE": "1900", "NHGISNAM": "Pepin", "GISJOIN": "G5500910", "JOIN": "G5500910_1900", "NATIVE_POP": 0 }, "geometry": { "type": "Point", "coordinates": [ -92.001561440373791, 44.582914105789754 ] } },
{ "type": "Feature", "properties": { "DECADE": "1900", "NHGISNAM": "Pierce", "GISJOIN": "G5500930", "JOIN": "G5500930_1900", "NATIVE_POP": 0 }, "geometry": { "type": "Point", "coordinates": [ -92.4224851137634, 44.719630658020861 ] } },
{ "type": "Feature", "properties": { "DECADE": "1900", "NHGISNAM": "Pine", "GISJOIN": "G2701150", "JOIN": "G2701150_1900", "NATIVE_POP": 156 }, "geometry": { "type": "Point", "coordinates": [ -92.741270017689899, 46.12076762598852 ] } },
{ "type": "Feature", "properties": { "DECADE": "1900", "NHGISNAM": "Pipestone", "GISJOIN": "G2701170", "JOIN": "G2701170_1900", "NATIVE_POP": 110 }, "geometry": { "type": "Point", "coordinates": [ -96.258644562371785, 44.022995170209995 ] } },
{ "type": "Feature", "properties": { "DECADE": "1900", "NHGISNAM": "Polk", "GISJOIN": "G2701190", "JOIN": "G2701190_1900", "NATIVE_POP": 1 }, "geometry": { "type": "Point", "coordinates": [ -96.401812097750295, 47.773857905131386 ] } },
{ "type": "Feature", "properties": { "DECADE": "1900", "NHGISNAM": "Polk", "GISJOIN": "G5500950", "JOIN": "G5500950_1900", "NATIVE_POP": 113 }, "geometry": { "type": "Point", "coordinates": [ -92.44139461855589, 45.461418858569672 ] } },
{ "type": "Feature", "properties": { "DECADE": "1900", "NHGISNAM": "Pope", "GISJOIN": "G2701210", "JOIN": "G2701210_1900", "NATIVE_POP": 0 }, "geometry": { "type": "Point", "coordinates": [ -95.444484060759038, 45.586030285774946 ] } },
{ "type": "Feature", "properties": { "DECADE": "1900", "NHGISNAM": "Portage", "GISJOIN": "G5500970", "JOIN": "G5500970_1900", "NATIVE_POP": 0 }, "geometry": { "type": "Point", "coordinates": [ -89.501410317651377, 44.47604670860931 ] } },
{ "type": "Feature", "properties": { "DECADE": "1900", "NHGISNAM": "Presque Isle", "GISJOIN": "G2601410", "JOIN": "G2601410_1900", "NATIVE_POP": 18 }, "geometry": { "type": "Point", "coordinates": [ -83.917831737286065, 45.34016392115366 ] } },
{ "type": "Feature", "properties": { "DECADE": "1900", "NHGISNAM": "Price", "GISJOIN": "G5500990", "JOIN": "G5500990_1900", "NATIVE_POP": 0 }, "geometry": { "type": "Point", "coordinates": [ -90.36138780264136, 45.680429777192614 ] } },
{ "type": "Feature", "properties": { "DECADE": "1900", "NHGISNAM": "Racine", "GISJOIN": "G5501010", "JOIN": "G5501010_1900", "NATIVE_POP": 1 }, "geometry": { "type": "Point", "coordinates": [ -88.061131974507163, 42.747481173420049 ] } },
{ "type": "Feature", "properties": { "DECADE": "1900", "NHGISNAM": "Ramsey", "GISJOIN": "G2701230", "JOIN": "G2701230_1900", "NATIVE_POP": 5 }, "geometry": { "type": "Point", "coordinates": [ -93.099602133378028, 45.017062123848333 ] } },
{ "type": "Feature", "properties": { "DECADE": "1900", "NHGISNAM": "Red Lake", "GISJOIN": "G2701250", "JOIN": "G2701250_1900", "NATIVE_POP": null }, "geometry": { "type": "Point", "coordinates": [ -96.060750339223461, 47.986334089697621 ] } },
{ "type": "Feature", "properties": { "DECADE": "1900", "NHGISNAM": "Redwood", "GISJOIN": "G2701270", "JOIN": "G2701270_1900", "NATIVE_POP": 139 }, "geometry": { "type": "Point", "coordinates": [ -95.253834816565785, 44.403660796973554 ] } },
{ "type": "Feature", "properties": { "DECADE": "1900", "NHGISNAM": "Renville", "GISJOIN": "G2701290", "JOIN": "G2701290_1900", "NATIVE_POP": 0 }, "geometry": { "type": "Point", "coordinates": [ -94.94716854307795, 44.726817621660942 ] } },
{ "type": "Feature", "properties": { "DECADE": "1900", "NHGISNAM": "Rice", "GISJOIN": "G2701310", "JOIN": "G2701310_1900", "NATIVE_POP": 0 }, "geometry": { "type": "Point", "coordinates": [ -93.296677480617362, 44.354261452102214 ] } },
{ "type": "Feature", "properties": { "DECADE": "1900", "NHGISNAM": "Richland", "GISJOIN": "G5501030", "JOIN": "G5501030_1900", "NATIVE_POP": 0 }, "geometry": { "type": "Point", "coordinates": [ -90.429489903296357, 43.375626845066307 ] } },
{ "type": "Feature", "properties": { "DECADE": "1900", "NHGISNAM": "Rock", "GISJOIN": "G2701330", "JOIN": "G2701330_1900", "NATIVE_POP": 0 }, "geometry": { "type": "Point", "coordinates": [ -96.253209002569463, 43.674631542443692 ] } },
{ "type": "Feature", "properties": { "DECADE": "1900", "NHGISNAM": "Rock", "GISJOIN": "G5501050", "JOIN": "G5501050_1900", "NATIVE_POP": 0 }, "geometry": { "type": "Point", "coordinates": [ -89.071578501797688, 42.671223766313666 ] } },
{ "type": "Feature", "properties": { "DECADE": "1900", "NHGISNAM": "Roscommon", "GISJOIN": "G2601430", "JOIN": "G2601430_1900", "NATIVE_POP": 0 }, "geometry": { "type": "Point", "coordinates": [ -84.611599836046906, 44.335607746170119 ] } },
{ "type": "Feature", "properties": { "DECADE": "1900", "NHGISNAM": "Roseau", "GISJOIN": "G2701350", "JOIN": "G2701350_1900", "NATIVE_POP": 38 }, "geometry": { "type": "Point", "coordinates": [ -95.810790174758196, 48.775147211882285 ] } },
{ "type": "Feature", "properties": { "DECADE": "1900", "NHGISNAM": "Saginaw", "GISJOIN": "G2601450", "JOIN": "G2601450_1900", "NATIVE_POP": 130 }, "geometry": { "type": "Point", "coordinates": [ -84.05318703916349, 43.335028744293176 ] } },
{ "type": "Feature", "properties": { "DECADE": "1900", "NHGISNAM": "Sanilac", "GISJOIN": "G2601510", "JOIN": "G2601510_1900", "NATIVE_POP": 0 }, "geometry": { "type": "Point", "coordinates": [ -82.820131619135338, 43.423563219781741 ] } },
{ "type": "Feature", "properties": { "DECADE": "1900", "NHGISNAM": "Sauk", "GISJOIN": "G5501110", "JOIN": "G5501110_1900", "NATIVE_POP": 2 }, "geometry": { "type": "Point", "coordinates": [ -89.948371749009752, 43.426770017785543 ] } },
{ "type": "Feature", "properties": { "DECADE": "1900", "NHGISNAM": "Sawyer", "GISJOIN": "G5501130", "JOIN": "G5501130_1900", "NATIVE_POP": 921 }, "geometry": { "type": "Point", "coordinates": [ -91.144671674172457, 45.879971177175342 ] } },
{ "type": "Feature", "properties": { "DECADE": "1900", "NHGISNAM": "Schoolcraft", "GISJOIN": "G2601530", "JOIN": "G2601530_1900", "NATIVE_POP": 32 }, "geometry": { "type": "Point", "coordinates": [ -86.199613310858552, 46.19657192903918 ] } },
{ "type": "Feature", "properties": { "DECADE": "1900", "NHGISNAM": "Scott", "GISJOIN": "G2701390", "JOIN": "G2701390_1900", "NATIVE_POP": 12 }, "geometry": { "type": "Point", "coordinates": [ -93.535927163517812, 44.648415547949128 ] } },
{ "type": "Feature", "properties": { "DECADE": "1900", "NHGISNAM": "Shawano", "GISJOIN": "G5501150", "JOIN": "G5501150_1900", "NATIVE_POP": 1768 }, "geometry": { "type": "Point", "coordinates": [ -88.768179341118241, 44.837991232264045 ] } },
{ "type": "Feature", "properties": { "DECADE": "1900", "NHGISNAM": "Sheboygan", "GISJOIN": "G5501170", "JOIN": "G5501170_1900", "NATIVE_POP": 5 }, "geometry": { "type": "Point", "coordinates": [ -87.945422112298772, 43.721165816029462 ] } },
{ "type": "Feature", "properties": { "DECADE": "1900", "NHGISNAM": "Sherburne", "GISJOIN": "G2701410", "JOIN": "G2701410_1900", "NATIVE_POP": 0 }, "geometry": { "type": "Point", "coordinates": [ -93.774581062011535, 45.443956293986083 ] } },
{ "type": "Feature", "properties": { "DECADE": "1900", "NHGISNAM": "Shiawassee", "GISJOIN": "G2601550", "JOIN": "G2601550_1900", "NATIVE_POP": 0 }, "geometry": { "type": "Point", "coordinates": [ -84.146733126857839, 42.953734757756095 ] } },
{ "type": "Feature", "properties": { "DECADE": "1900", "NHGISNAM": "Sibley", "GISJOIN": "G2701430", "JOIN": "G2701430_1900", "NATIVE_POP": 0 }, "geometry": { "type": "Point", "coordinates": [ -94.23213772107934, 44.579488466106277 ] } },
{ "type": "Feature", "properties": { "DECADE": "1900", "NHGISNAM": "St Clair", "GISJOIN": "G2601470", "JOIN": "G2601470_1900", "NATIVE_POP": 1 }, "geometry": { "type": "Point", "coordinates": [ -82.683233559526556, 42.941845603691107 ] } },
{ "type": "Feature", "properties": { "DECADE": "1900", "NHGISNAM": "St Croix", "GISJOIN": "G5501090", "JOIN": "G5501090_1900", "NATIVE_POP": 0 }, "geometry": { "type": "Point", "coordinates": [ -92.452782989231878, 45.034067205001016 ] } },
{ "type": "Feature", "properties": { "DECADE": "1900", "NHGISNAM": "St Joseph", "GISJOIN": "G2601490", "JOIN": "G2601490_1900", "NATIVE_POP": 0 }, "geometry": { "type": "Point", "coordinates": [ -85.52774236778663, 41.914414243025803 ] } },
{ "type": "Feature", "properties": { "DECADE": "1900", "NHGISNAM": "St. Louis", "GISJOIN": "G2701370", "JOIN": "G2701370_1900", "NATIVE_POP": 972 }, "geometry": { "type": "Point", "coordinates": [ -92.471058810243491, 47.604157593459689 ] } },
{ "type": "Feature", "properties": { "DECADE": "1900", "NHGISNAM": "Stearns", "GISJOIN": "G2701450", "JOIN": "G2701450_1900", "NATIVE_POP": 0 }, "geometry": { "type": "Point", "coordinates": [ -94.613023295422849, 45.552151049702715 ] } },
{ "type": "Feature", "properties": { "DECADE": "1900", "NHGISNAM": "Steele", "GISJOIN": "G2701470", "JOIN": "G2701470_1900", "NATIVE_POP": 0 }, "geometry": { "type": "Point", "coordinates": [ -93.226041102768221, 44.022343759890539 ] } },
{ "type": "Feature", "properties": { "DECADE": "1900", "NHGISNAM": "Stevens", "GISJOIN": "G2701490", "JOIN": "G2701490_1900", "NATIVE_POP": 164 }, "geometry": { "type": "Point", "coordinates": [ -96.000302726066579, 45.586125681449339 ] } },
{ "type": "Feature", "properties": { "DECADE": "1900", "NHGISNAM": "Swift", "GISJOIN": "G2701510", "JOIN": "G2701510_1900", "NATIVE_POP": 0 }, "geometry": { "type": "Point", "coordinates": [ -95.681426624132001, 45.282714289693438 ] } },
{ "type": "Feature", "properties": { "DECADE": "1900", "NHGISNAM": "Taylor", "GISJOIN": "G5501190", "JOIN": "G5501190_1900", "NATIVE_POP": 0 }, "geometry": { "type": "Point", "coordinates": [ -90.501200477615427, 45.211557268528409 ] } },
{ "type": "Feature", "properties": { "DECADE": "1900", "NHGISNAM": "Todd", "GISJOIN": "G2701530", "JOIN": "G2701530_1900", "NATIVE_POP": 0 }, "geometry": { "type": "Point", "coordinates": [ -94.897615195602285, 46.070605846052068 ] } },
{ "type": "Feature", "properties": { "DECADE": "1900", "NHGISNAM": "Traverse", "GISJOIN": "G2701550", "JOIN": "G2701550_1900", "NATIVE_POP": 0 }, "geometry": { "type": "Point", "coordinates": [ -96.471641155395432, 45.772185854440593 ] } },
{ "type": "Feature", "properties": { "DECADE": "1900", "NHGISNAM": "Trempealeau", "GISJOIN": "G5501210", "JOIN": "G5501210_1900", "NATIVE_POP": 0 }, "geometry": { "type": "Point", "coordinates": [ -91.358463799917473, 44.303947269870456 ] } },
{ "type": "Feature", "properties": { "DECADE": "1900", "NHGISNAM": "Tuscola", "GISJOIN": "G2601570", "JOIN": "G2601570_1900", "NATIVE_POP": 50 }, "geometry": { "type": "Point", "coordinates": [ -83.41677774461624, 43.464116369489673 ] } },
{ "type": "Feature", "properties": { "DECADE": "1900", "NHGISNAM": "Van Buren", "GISJOIN": "G2601590", "JOIN": "G2601590_1900", "NATIVE_POP": 67 }, "geometry": { "type": "Point", "coordinates": [ -86.018906986229482, 42.25129938016444 ] } },
{ "type": "Feature", "properties": { "DECADE": "1900", "NHGISNAM": "Vernon", "GISJOIN": "G5501230", "JOIN": "G5501230_1900", "NATIVE_POP": 22 }, "geometry": { "type": "Point", "coordinates": [ -90.834383988787209, 43.593865496624723 ] } },
{ "type": "Feature", "properties": { "DECADE": "1900", "NHGISNAM": "Vilas", "GISJOIN": "G5501250", "JOIN": "G5501250_1900", "NATIVE_POP": 259 }, "geometry": { "type": "Point", "coordinates": [ -89.548747971275034, 46.040990945695924 ] } },
{ "type": "Feature", "properties": { "DECADE": "1900", "NHGISNAM": "Wabasha", "GISJOIN": "G2701570", "JOIN": "G2701570_1900", "NATIVE_POP": 0 }, "geometry": { "type": "Point", "coordinates": [ -92.23029667282195, 44.284270587440538 ] } },
{ "type": "Feature", "properties": { "DECADE": "1900", "NHGISNAM": "Wadena", "GISJOIN": "G2701590", "JOIN": "G2701590_1900", "NATIVE_POP": 0 }, "geometry": { "type": "Point", "coordinates": [ -94.969431373377375, 46.585763441172688 ] } },
{ "type": "Feature", "properties": { "DECADE": "1900", "NHGISNAM": "Walworth", "GISJOIN": "G5501270", "JOIN": "G5501270_1900", "NATIVE_POP": 0 }, "geometry": { "type": "Point", "coordinates": [ -88.541922050348447, 42.668477331201323 ] } },
{ "type": "Feature", "properties": { "DECADE": "1900", "NHGISNAM": "Waseca", "GISJOIN": "G2701610", "JOIN": "G2701610_1900", "NATIVE_POP": 0 }, "geometry": { "type": "Point", "coordinates": [ -93.587283402560857, 44.022123177247067 ] } },
{ "type": "Feature", "properties": { "DECADE": "1900", "NHGISNAM": "Washburn", "GISJOIN": "G5501290", "JOIN": "G5501290_1900", "NATIVE_POP": 90 }, "geometry": { "type": "Point", "coordinates": [ -91.7912340079545, 45.899179686931483 ] } },
{ "type": "Feature", "properties": { "DECADE": "1900", "NHGISNAM": "Washington", "GISJOIN": "G2701630", "JOIN": "G2701630_1900", "NATIVE_POP": 28 }, "geometry": { "type": "Point", "coordinates": [ -92.883956062216598, 45.038732820408214 ] } },
{ "type": "Feature", "properties": { "DECADE": "1900", "NHGISNAM": "Washington", "GISJOIN": "G5501310", "JOIN": "G5501310_1900", "NATIVE_POP": 0 }, "geometry": { "type": "Point", "coordinates": [ -88.230781325055688, 43.368471158424654 ] } },
{ "type": "Feature", "properties": { "DECADE": "1900", "NHGISNAM": "Washtenaw", "GISJOIN": "G2601610", "JOIN": "G2601610_1900", "NATIVE_POP": 0 }, "geometry": { "type": "Point", "coordinates": [ -83.838770695725131, 42.253225589733475 ] } },
{ "type": "Feature", "properties": { "DECADE": "1900", "NHGISNAM": "Watonwan", "GISJOIN": "G2701650", "JOIN": "G2701650_1900", "NATIVE_POP": 0 }, "geometry": { "type": "Point", "coordinates": [ -94.614061023558833, 43.9784277052864 ] } },
{ "type": "Feature", "properties": { "DECADE": "1900", "NHGISNAM": "Waukesha", "GISJOIN": "G5501330", "JOIN": "G5501330_1900", "NATIVE_POP": 2 }, "geometry": { "type": "Point", "coordinates": [ -88.304537215816822, 43.018182811191757 ] } },
{ "type": "Feature", "properties": { "DECADE": "1900", "NHGISNAM": "Waupaca", "GISJOIN": "G5501350", "JOIN": "G5501350_1900", "NATIVE_POP": 0 }, "geometry": { "type": "Point", "coordinates": [ -88.964819829814985, 44.470424831800898 ] } },
{ "type": "Feature", "properties": { "DECADE": "1900", "NHGISNAM": "Waushara", "GISJOIN": "G5501370", "JOIN": "G5501370_1900", "NATIVE_POP": 0 }, "geometry": { "type": "Point", "coordinates": [ -89.242877745065726, 44.113126357143692 ] } },
{ "type": "Feature", "properties": { "DECADE": "1900", "NHGISNAM": "Wayne", "GISJOIN": "G2601630", "JOIN": "G2601630_1900", "NATIVE_POP": 0 }, "geometry": { "type": "Point", "coordinates": [ -83.286677258457999, 42.284188118537216 ] } },
{ "type": "Feature", "properties": { "DECADE": "1900", "NHGISNAM": "Wexford", "GISJOIN": "G2601650", "JOIN": "G2601650_1900", "NATIVE_POP": 0 }, "geometry": { "type": "Point", "coordinates": [ -85.578418023715315, 44.33835548528301 ] } },
{ "type": "Feature", "properties": { "DECADE": "1900", "NHGISNAM": "Wilkin", "GISJOIN": "G2701670", "JOIN": "G2701670_1900", "NATIVE_POP": 0 }, "geometry": { "type": "Point", "coordinates": [ -96.468346156460768, 46.357079289199646 ] } },
{ "type": "Feature", "properties": { "DECADE": "1900", "NHGISNAM": "Winnebago", "GISJOIN": "G5501390", "JOIN": "G5501390_1900", "NATIVE_POP": 22 }, "geometry": { "type": "Point", "coordinates": [ -88.644656572894746, 44.068879200321653 ] } },
{ "type": "Feature", "properties": { "DECADE": "1900", "NHGISNAM": "Winona", "GISJOIN": "G2701690", "JOIN": "G2701690_1900", "NATIVE_POP": 1 }, "geometry": { "type": "Point", "coordinates": [ -91.779128632433071, 43.986848154087369 ] } },
{ "type": "Feature", "properties": { "DECADE": "1900", "NHGISNAM": "Wood", "GISJOIN": "G5501410", "JOIN": "G5501410_1900", "NATIVE_POP": 22 }, "geometry": { "type": "Point", "coordinates": [ -90.041560492952399, 44.455320426570431 ] } },
{ "type": "Feature", "properties": { "DECADE": "1900", "NHGISNAM": "Wright", "GISJOIN": "G2701710", "JOIN": "G2701710_1900", "NATIVE_POP": 0 }, "geometry": { "type": "Point", "coordinates": [ -93.963030908105253, 45.17392390607737 ] } },
{ "type": "Feature", "properties": { "DECADE": "1900", "NHGISNAM": "Yellow Medicine", "GISJOIN": "G2701730", "JOIN": "G2701730_1900", "NATIVE_POP": 59 }, "geometry": { "type": "Point", "coordinates": [ -95.8683410338773, 44.716255325518361 ] } },
{ "type": "Feature", "properties": { "DECADE": "1910", "NHGISNAM": "Adams", "GISJOIN": "G5500010", "JOIN": "G5500010_1910", "NATIVE_POP": 2 }, "geometry": { "type": "Point", "coordinates": [ -89.77063651438749, 43.969625711543962 ] } },
{ "type": "Feature", "properties": { "DECADE": "1910", "NHGISNAM": "Aitkin", "GISJOIN": "G2700010", "JOIN": "G2700010_1910", "NATIVE_POP": 54 }, "geometry": { "type": "Point", "coordinates": [ -93.415433070159565, 46.608254689238443 ] } },
{ "type": "Feature", "properties": { "DECADE": "1910", "NHGISNAM": "Alcona", "GISJOIN": "G2600010", "JOIN": "G2600010_1910", "NATIVE_POP": 50 }, "geometry": { "type": "Point", "coordinates": [ -83.593755383651583, 44.685414496148688 ] } },
{ "type": "Feature", "properties": { "DECADE": "1910", "NHGISNAM": "Alger", "GISJOIN": "G2600030", "JOIN": "G2600030_1910", "NATIVE_POP": 28 }, "geometry": { "type": "Point", "coordinates": [ -86.603842402344213, 46.408614774216332 ] } },
{ "type": "Feature", "properties": { "DECADE": "1910", "NHGISNAM": "Allegan", "GISJOIN": "G2600050", "JOIN": "G2600050_1910", "NATIVE_POP": 156 }, "geometry": { "type": "Point", "coordinates": [ -85.888413035318464, 42.591288541854304 ] } },
{ "type": "Feature", "properties": { "DECADE": "1910", "NHGISNAM": "Alpena", "GISJOIN": "G2600070", "JOIN": "G2600070_1910", "NATIVE_POP": 8 }, "geometry": { "type": "Point", "coordinates": [ -83.627672253803894, 45.034809219267331 ] } },
{ "type": "Feature", "properties": { "DECADE": "1910", "NHGISNAM": "Anoka", "GISJOIN": "G2700030", "JOIN": "G2700030_1910", "NATIVE_POP": 0 }, "geometry": { "type": "Point", "coordinates": [ -93.246452745039747, 45.27323408201174 ] } },
{ "type": "Feature", "properties": { "DECADE": "1910", "NHGISNAM": "Antrim", "GISJOIN": "G2600090", "JOIN": "G2600090_1910", "NATIVE_POP": 96 }, "geometry": { "type": "Point", "coordinates": [ -85.140284507346692, 44.999073174221934 ] } },
{ "type": "Feature", "properties": { "DECADE": "1910", "NHGISNAM": "Arenac", "GISJOIN": "G2600110", "JOIN": "G2600110_1910", "NATIVE_POP": 99 }, "geometry": { "type": "Point", "coordinates": [ -83.895006735873963, 44.065421888759765 ] } },
{ "type": "Feature", "properties": { "DECADE": "1910", "NHGISNAM": "Ashland", "GISJOIN": "G5500030", "JOIN": "G5500030_1910", "NATIVE_POP": 1096 }, "geometry": { "type": "Point", "coordinates": [ -90.678010129378194, 46.314776803098489 ] } },
{ "type": "Feature", "properties": { "DECADE": "1910", "NHGISNAM": "Baraga", "GISJOIN": "G2600130", "JOIN": "G2600130_1910", "NATIVE_POP": 592 }, "geometry": { "type": "Point", "coordinates": [ -88.365286823047242, 46.662482195469416 ] } },
{ "type": "Feature", "properties": { "DECADE": "1910", "NHGISNAM": "Barron", "GISJOIN": "G5500050", "JOIN": "G5500050_1910", "NATIVE_POP": 54 }, "geometry": { "type": "Point", "coordinates": [ -91.848309433665321, 45.423723224602099 ] } },
{ "type": "Feature", "properties": { "DECADE": "1910", "NHGISNAM": "Barry", "GISJOIN": "G2600150", "JOIN": "G2600150_1910", "NATIVE_POP": 0 }, "geometry": { "type": "Point", "coordinates": [ -85.308968240337705, 42.595027583108596 ] } },
{ "type": "Feature", "properties": { "DECADE": "1910", "NHGISNAM": "Bay", "GISJOIN": "G2600170", "JOIN": "G2600170_1910", "NATIVE_POP": 119 }, "geometry": { "type": "Point", "coordinates": [ -83.99201046509009, 43.70724590795399 ] } },
{ "type": "Feature", "properties": { "DECADE": "1910", "NHGISNAM": "Bayfield", "GISJOIN": "G5500070", "JOIN": "G5500070_1910", "NATIVE_POP": 458 }, "geometry": { "type": "Point", "coordinates": [ -91.200878387349675, 46.523647103333715 ] } },
{ "type": "Feature", "properties": { "DECADE": "1910", "NHGISNAM": "Becker", "GISJOIN": "G2700050", "JOIN": "G2700050_1910", "NATIVE_POP": 1636 }, "geometry": { "type": "Point", "coordinates": [ -95.673925588143987, 46.934649065428552 ] } },
{ "type": "Feature", "properties": { "DECADE": "1910", "NHGISNAM": "Beltrami", "GISJOIN": "G2700070", "JOIN": "G2700070_1910", "NATIVE_POP": 1402 }, "geometry": { "type": "Point", "coordinates": [ -94.925541354960231, 48.269369863371722 ] } },
{ "type": "Feature", "properties": { "DECADE": "1910", "NHGISNAM": "Benton", "GISJOIN": "G2700090", "JOIN": "G2700090_1910", "NATIVE_POP": 0 }, "geometry": { "type": "Point", "coordinates": [ -93.9988620763814, 45.699135387592058 ] } },
{ "type": "Feature", "properties": { "DECADE": "1910", "NHGISNAM": "Benzie", "GISJOIN": "G2600190", "JOIN": "G2600190_1910", "NATIVE_POP": 140 }, "geometry": { "type": "Point", "coordinates": [ -86.015521445711585, 44.63870072497636 ] } },
{ "type": "Feature", "properties": { "DECADE": "1910", "NHGISNAM": "Berrien", "GISJOIN": "G2600210", "JOIN": "G2600210_1910", "NATIVE_POP": 26 }, "geometry": { "type": "Point", "coordinates": [ -86.412279294567284, 41.954671724419796 ] } },
{ "type": "Feature", "properties": { "DECADE": "1910", "NHGISNAM": "Big Stone", "GISJOIN": "G2700110", "JOIN": "G2700110_1910", "NATIVE_POP": 0 }, "geometry": { "type": "Point", "coordinates": [ -96.410848338421388, 45.426569267140955 ] } },
{ "type": "Feature", "properties": { "DECADE": "1910", "NHGISNAM": "Blue Earth", "GISJOIN": "G2700130", "JOIN": "G2700130_1910", "NATIVE_POP": 1 }, "geometry": { "type": "Point", "coordinates": [ -94.067034366436687, 44.034588426433785 ] } },
{ "type": "Feature", "properties": { "DECADE": "1910", "NHGISNAM": "Branch", "GISJOIN": "G2600230", "JOIN": "G2600230_1910", "NATIVE_POP": 3 }, "geometry": { "type": "Point", "coordinates": [ -85.059041587716408, 41.916118332804814 ] } },
{ "type": "Feature", "properties": { "DECADE": "1910", "NHGISNAM": "Brown", "GISJOIN": "G2700150", "JOIN": "G2700150_1910", "NATIVE_POP": 0 }, "geometry": { "type": "Point", "coordinates": [ -94.727477762089009, 44.242172491538575 ] } },
{ "type": "Feature", "properties": { "DECADE": "1910", "NHGISNAM": "Brown", "GISJOIN": "G5500090", "JOIN": "G5500090_1910", "NATIVE_POP": 876 }, "geometry": { "type": "Point", "coordinates": [ -88.003317789993972, 44.452104404749036 ] } },
{ "type": "Feature", "properties": { "DECADE": "1910", "NHGISNAM": "Buffalo", "GISJOIN": "G5500110", "JOIN": "G5500110_1910", "NATIVE_POP": 0 }, "geometry": { "type": "Point", "coordinates": [ -91.754469654736496, 44.37983216688157 ] } },
{ "type": "Feature", "properties": { "DECADE": "1910", "NHGISNAM": "Burnett", "GISJOIN": "G5500130", "JOIN": "G5500130_1910", "NATIVE_POP": 238 }, "geometry": { "type": "Point", "coordinates": [ -92.367566410655243, 45.86271543683241 ] } },
{ "type": "Feature", "properties": { "DECADE": "1910", "NHGISNAM": "Calhoun", "GISJOIN": "G2600250", "JOIN": "G2600250_1910", "NATIVE_POP": 68 }, "geometry": { "type": "Point", "coordinates": [ -85.005583897896557, 42.24653934087312 ] } },
{ "type": "Feature", "properties": { "DECADE": "1910", "NHGISNAM": "Calumet", "GISJOIN": "G5500150", "JOIN": "G5500150_1910", "NATIVE_POP": 237 }, "geometry": { "type": "Point", "coordinates": [ -88.218058048068158, 44.081603583981604 ] } },
{ "type": "Feature", "properties": { "DECADE": "1910", "NHGISNAM": "Carlton", "GISJOIN": "G2700170", "JOIN": "G2700170_1910", "NATIVE_POP": 394 }, "geometry": { "type": "Point", "coordinates": [ -92.677051702057597, 46.592402502335794 ] } },
{ "type": "Feature", "properties": { "DECADE": "1910", "NHGISNAM": "Carver", "GISJOIN": "G2700190", "JOIN": "G2700190_1910", "NATIVE_POP": 0 }, "geometry": { "type": "Point", "coordinates": [ -93.802575816627424, 44.820764687547324 ] } },
{ "type": "Feature", "properties": { "DECADE": "1910", "NHGISNAM": "Cass", "GISJOIN": "G2600270", "JOIN": "G2600270_1910", "NATIVE_POP": 132 }, "geometry": { "type": "Point", "coordinates": [ -85.993457939957722, 41.915400188050363 ] } },
{ "type": "Feature", "properties": { "DECADE": "1910", "NHGISNAM": "Cass", "GISJOIN": "G2700210", "JOIN": "G2700210_1910", "NATIVE_POP": 1172 }, "geometry": { "type": "Point", "coordinates": [ -94.325354726998043, 46.949582446658205 ] } },
{ "type": "Feature", "properties": { "DECADE": "1910", "NHGISNAM": "Charlevoix", "GISJOIN": "G2600290", "JOIN": "G2600290_1910", "NATIVE_POP": 334 }, "geometry": { "type": "Point", "coordinates": [ -85.125081958613151, 45.300805114774818 ] } },
{ "type": "Feature", "properties": { "DECADE": "1910", "NHGISNAM": "Cheboygan", "GISJOIN": "G2600310", "JOIN": "G2600310_1910", "NATIVE_POP": 199 }, "geometry": { "type": "Point", "coordinates": [ -84.499870843218474, 45.446393249567855 ] } },
{ "type": "Feature", "properties": { "DECADE": "1910", "NHGISNAM": "Chippewa", "GISJOIN": "G2600330", "JOIN": "G2600330_1910", "NATIVE_POP": 690 }, "geometry": { "type": "Point", "coordinates": [ -84.592503841584005, 46.303434950140527 ] } },
{ "type": "Feature", "properties": { "DECADE": "1910", "NHGISNAM": "Chippewa", "GISJOIN": "G2700230", "JOIN": "G2700230_1910", "NATIVE_POP": 0 }, "geometry": { "type": "Point", "coordinates": [ -95.5666899472495, 45.022366403915058 ] } },
{ "type": "Feature", "properties": { "DECADE": "1910", "NHGISNAM": "Chippewa", "GISJOIN": "G5500170", "JOIN": "G5500170_1910", "NATIVE_POP": 67 }, "geometry": { "type": "Point", "coordinates": [ -91.279888660524676, 45.069404268467672 ] } },
{ "type": "Feature", "properties": { "DECADE": "1910", "NHGISNAM": "Chisago", "GISJOIN": "G2700250", "JOIN": "G2700250_1910", "NATIVE_POP": 24 }, "geometry": { "type": "Point", "coordinates": [ -92.908338581826243, 45.502465666330856 ] } },
{ "type": "Feature", "properties": { "DECADE": "1910", "NHGISNAM": "Clare", "GISJOIN": "G2600350", "JOIN": "G2600350_1910", "NATIVE_POP": 25 }, "geometry": { "type": "Point", "coordinates": [ -84.847832030671228, 43.987871678612002 ] } },
{ "type": "Feature", "properties": { "DECADE": "1910", "NHGISNAM": "Clark", "GISJOIN": "G5500190", "JOIN": "G5500190_1910", "NATIVE_POP": 29 }, "geometry": { "type": "Point", "coordinates": [ -90.612073258463269, 44.734714418794951 ] } },
{ "type": "Feature", "properties": { "DECADE": "1910", "NHGISNAM": "Clay", "GISJOIN": "G2700270", "JOIN": "G2700270_1910", "NATIVE_POP": 0 }, "geometry": { "type": "Point", "coordinates": [ -96.490646987324197, 46.892341928023832 ] } },
{ "type": "Feature", "properties": { "DECADE": "1910", "NHGISNAM": "Clearwater", "GISJOIN": "G2700290", "JOIN": "G2700290_1910", "NATIVE_POP": 250 }, "geometry": { "type": "Point", "coordinates": [ -95.379030945056428, 47.577655799393746 ] } },
{ "type": "Feature", "properties": { "DECADE": "1910", "NHGISNAM": "Clinton", "GISJOIN": "G2600370", "JOIN": "G2600370_1910", "NATIVE_POP": 0 }, "geometry": { "type": "Point", "coordinates": [ -84.601516200545603, 42.943651118796481 ] } },
{ "type": "Feature", "properties": { "DECADE": "1910", "NHGISNAM": "Columbia", "GISJOIN": "G5500210", "JOIN": "G5500210_1910", "NATIVE_POP": 14 }, "geometry": { "type": "Point", "coordinates": [ -89.333734371542747, 43.466599922797819 ] } },
{ "type": "Feature", "properties": { "DECADE": "1910", "NHGISNAM": "Cook", "GISJOIN": "G2700310", "JOIN": "G2700310_1910", "NATIVE_POP": 220 }, "geometry": { "type": "Point", "coordinates": [ -90.535590295529062, 47.902551182867136 ] } },
{ "type": "Feature", "properties": { "DECADE": "1910", "NHGISNAM": "Cottonwood", "GISJOIN": "G2700330", "JOIN": "G2700330_1910", "NATIVE_POP": 0 }, "geometry": { "type": "Point", "coordinates": [ -95.181152900154842, 44.00710630175459 ] } },
{ "type": "Feature", "properties": { "DECADE": "1910", "NHGISNAM": "Crawford", "GISJOIN": "G2600390", "JOIN": "G2600390_1910", "NATIVE_POP": 19 }, "geometry": { "type": "Point", "coordinates": [ -84.610335654718838, 44.683609842718553 ] } },
{ "type": "Feature", "properties": { "DECADE": "1910", "NHGISNAM": "Crawford", "GISJOIN": "G5500230", "JOIN": "G5500230_1910", "NATIVE_POP": 23 }, "geometry": { "type": "Point", "coordinates": [ -90.93104836696196, 43.239461118998278 ] } },
{ "type": "Feature", "properties": { "DECADE": "1910", "NHGISNAM": "Crow Wing", "GISJOIN": "G2700350", "JOIN": "G2700350_1910", "NATIVE_POP": 17 }, "geometry": { "type": "Point", "coordinates": [ -94.070878428823931, 46.482374720567577 ] } },
{ "type": "Feature", "properties": { "DECADE": "1910", "NHGISNAM": "Dakota", "GISJOIN": "G2700370", "JOIN": "G2700370_1910", "NATIVE_POP": 90 }, "geometry": { "type": "Point", "coordinates": [ -93.065440704916753, 44.671892690926086 ] } },
{ "type": "Feature", "properties": { "DECADE": "1910", "NHGISNAM": "Dane", "GISJOIN": "G5500250", "JOIN": "G5500250_1910", "NATIVE_POP": 20 }, "geometry": { "type": "Point", "coordinates": [ -89.418324010998077, 43.067349644004103 ] } },
{ "type": "Feature", "properties": { "DECADE": "1910", "NHGISNAM": "Delta", "GISJOIN": "G2600410", "JOIN": "G2600410_1910", "NATIVE_POP": 245 }, "geometry": { "type": "Point", "coordinates": [ -86.9245676280335, 45.919654967610228 ] } },
{ "type": "Feature", "properties": { "DECADE": "1910", "NHGISNAM": "Dickinson", "GISJOIN": "G2600430", "JOIN": "G2600430_1910", "NATIVE_POP": 15 }, "geometry": { "type": "Point", "coordinates": [ -87.870257370839269, 46.009237312438621 ] } },
{ "type": "Feature", "properties": { "DECADE": "1910", "NHGISNAM": "Dodge", "GISJOIN": "G2700390", "JOIN": "G2700390_1910", "NATIVE_POP": 0 }, "geometry": { "type": "Point", "coordinates": [ -92.862053289396769, 44.022588553808674 ] } },
{ "type": "Feature", "properties": { "DECADE": "1910", "NHGISNAM": "Dodge", "GISJOIN": "G5500270", "JOIN": "G5500270_1910", "NATIVE_POP": 17 }, "geometry": { "type": "Point", "coordinates": [ -88.70752418388804, 43.416301988058493 ] } },
{ "type": "Feature", "properties": { "DECADE": "1910", "NHGISNAM": "Door", "GISJOIN": "G5500290", "JOIN": "G5500290_1910", "NATIVE_POP": 9 }, "geometry": { "type": "Point", "coordinates": [ -87.316998528133126, 44.943784297471886 ] } },
{ "type": "Feature", "properties": { "DECADE": "1910", "NHGISNAM": "Douglas", "GISJOIN": "G2700410", "JOIN": "G2700410_1910", "NATIVE_POP": 6 }, "geometry": { "type": "Point", "coordinates": [ -95.453518303478532, 45.933723103704395 ] } },
{ "type": "Feature", "properties": { "DECADE": "1910", "NHGISNAM": "Douglas", "GISJOIN": "G5500310", "JOIN": "G5500310_1910", "NATIVE_POP": 264 }, "geometry": { "type": "Point", "coordinates": [ -91.914826046298586, 46.431034539692561 ] } },
{ "type": "Feature", "properties": { "DECADE": "1910", "NHGISNAM": "Dunn", "GISJOIN": "G5500330", "JOIN": "G5500330_1910", "NATIVE_POP": 0 }, "geometry": { "type": "Point", "coordinates": [ -91.896414047885742, 44.946588171771474 ] } },
{ "type": "Feature", "properties": { "DECADE": "1910", "NHGISNAM": "Eaton", "GISJOIN": "G2600450", "JOIN": "G2600450_1910", "NATIVE_POP": 0 }, "geometry": { "type": "Point", "coordinates": [ -84.838314733144202, 42.596070000972681 ] } },
{ "type": "Feature", "properties": { "DECADE": "1910", "NHGISNAM": "Eau Claire", "GISJOIN": "G5500350", "JOIN": "G5500350_1910", "NATIVE_POP": 17 }, "geometry": { "type": "Point", "coordinates": [ -91.285997728642343, 44.726769879767048 ] } },
{ "type": "Feature", "properties": { "DECADE": "1910", "NHGISNAM": "Emmet", "GISJOIN": "G2600470", "JOIN": "G2600470_1910", "NATIVE_POP": 890 }, "geometry": { "type": "Point", "coordinates": [ -84.890453150649762, 45.520444919957939 ] } },
{ "type": "Feature", "properties": { "DECADE": "1910", "NHGISNAM": "Faribault", "GISJOIN": "G2700430", "JOIN": "G2700430_1910", "NATIVE_POP": 0 }, "geometry": { "type": "Point", "coordinates": [ -93.94799814233032, 43.673929010021688 ] } },
{ "type": "Feature", "properties": { "DECADE": "1910", "NHGISNAM": "Fillmore", "GISJOIN": "G2700450", "JOIN": "G2700450_1910", "NATIVE_POP": 0 }, "geometry": { "type": "Point", "coordinates": [ -92.090167308549269, 43.673997210397744 ] } },
{ "type": "Feature", "properties": { "DECADE": "1910", "NHGISNAM": "Florence", "GISJOIN": "G5500370", "JOIN": "G5500370_1910", "NATIVE_POP": 0 }, "geometry": { "type": "Point", "coordinates": [ -88.39815537289553, 45.848463951640717 ] } },
{ "type": "Feature", "properties": { "DECADE": "1910", "NHGISNAM": "Fond Du Lac", "GISJOIN": "G5500390", "JOIN": "G5500390_1910", "NATIVE_POP": 35 }, "geometry": { "type": "Point", "coordinates": [ -88.488259553277658, 43.753590247599334 ] } },
{ "type": "Feature", "properties": { "DECADE": "1910", "NHGISNAM": "Forest", "GISJOIN": "G5500410", "JOIN": "G5500410_1910", "NATIVE_POP": 148 }, "geometry": { "type": "Point", "coordinates": [ -88.770381833195898, 45.667261377606081 ] } },
{ "type": "Feature", "properties": { "DECADE": "1910", "NHGISNAM": "Freeborn", "GISJOIN": "G2700470", "JOIN": "G2700470_1910", "NATIVE_POP": 0 }, "geometry": { "type": "Point", "coordinates": [ -93.348815685966485, 43.673844097339909 ] } },
{ "type": "Feature", "properties": { "DECADE": "1910", "NHGISNAM": "Genesee", "GISJOIN": "G2600490", "JOIN": "G2600490_1910", "NATIVE_POP": 1 }, "geometry": { "type": "Point", "coordinates": [ -83.706711027968851, 43.021723562934042 ] } },
{ "type": "Feature", "properties": { "DECADE": "1910", "NHGISNAM": "Gladwin", "GISJOIN": "G2600510", "JOIN": "G2600510_1910", "NATIVE_POP": 9 }, "geometry": { "type": "Point", "coordinates": [ -84.388245789074574, 43.990673080437041 ] } },
{ "type": "Feature", "properties": { "DECADE": "1910", "NHGISNAM": "Gogebic", "GISJOIN": "G2600530", "JOIN": "G2600530_1910", "NATIVE_POP": 35 }, "geometry": { "type": "Point", "coordinates": [ -89.694408276851675, 46.408788407606266 ] } },
{ "type": "Feature", "properties": { "DECADE": "1910", "NHGISNAM": "Goodhue", "GISJOIN": "G2700490", "JOIN": "G2700490_1910", "NATIVE_POP": 27 }, "geometry": { "type": "Point", "coordinates": [ -92.722589996139064, 44.409850230246477 ] } },
{ "type": "Feature", "properties": { "DECADE": "1910", "NHGISNAM": "Grand Traverse", "GISJOIN": "G2600550", "JOIN": "G2600550_1910", "NATIVE_POP": 36 }, "geometry": { "type": "Point", "coordinates": [ -85.56049838940578, 44.668666887645358 ] } },
{ "type": "Feature", "properties": { "DECADE": "1910", "NHGISNAM": "Grant", "GISJOIN": "G2700510", "JOIN": "G2700510_1910", "NATIVE_POP": 0 }, "geometry": { "type": "Point", "coordinates": [ -96.012181437184751, 45.934046542171544 ] } },
{ "type": "Feature", "properties": { "DECADE": "1910", "NHGISNAM": "Grant", "GISJOIN": "G5500430", "JOIN": "G5500430_1910", "NATIVE_POP": 0 }, "geometry": { "type": "Point", "coordinates": [ -90.706227635314008, 42.8674742159521 ] } },
{ "type": "Feature", "properties": { "DECADE": "1910", "NHGISNAM": "Gratiot", "GISJOIN": "G2600570", "JOIN": "G2600570_1910", "NATIVE_POP": 2 }, "geometry": { "type": "Point", "coordinates": [ -84.604911617265273, 43.292733086978259 ] } },
{ "type": "Feature", "properties": { "DECADE": "1910", "NHGISNAM": "Green", "GISJOIN": "G5500450", "JOIN": "G5500450_1910", "NATIVE_POP": 0 }, "geometry": { "type": "Point", "coordinates": [ -89.602214510935923, 42.679988344534301 ] } },
{ "type": "Feature", "properties": { "DECADE": "1910", "NHGISNAM": "Green Lake", "GISJOIN": "G5500470", "JOIN": "G5500470_1910", "NATIVE_POP": 0 }, "geometry": { "type": "Point", "coordinates": [ -89.044946919283888, 43.800358639174576 ] } },
{ "type": "Feature", "properties": { "DECADE": "1910", "NHGISNAM": "Hennepin", "GISJOIN": "G2700530", "JOIN": "G2700530_1910", "NATIVE_POP": 27 }, "geometry": { "type": "Point", "coordinates": [ -93.476864272497238, 45.004540015464066 ] } },
{ "type": "Feature", "properties": { "DECADE": "1910", "NHGISNAM": "Hillsdale", "GISJOIN": "G2600590", "JOIN": "G2600590_1910", "NATIVE_POP": 2 }, "geometry": { "type": "Point", "coordinates": [ -84.592928022714332, 41.887767279671756 ] } },
{ "type": "Feature", "properties": { "DECADE": "1910", "NHGISNAM": "Houghton", "GISJOIN": "G2600610", "JOIN": "G2600610_1910", "NATIVE_POP": 8 }, "geometry": { "type": "Point", "coordinates": [ -88.687504086664561, 46.897664212461159 ] } },
{ "type": "Feature", "properties": { "DECADE": "1910", "NHGISNAM": "Houston", "GISJOIN": "G2700550", "JOIN": "G2700550_1910", "NATIVE_POP": 0 }, "geometry": { "type": "Point", "coordinates": [ -91.492832629465127, 43.671444196142424 ] } },
{ "type": "Feature", "properties": { "DECADE": "1910", "NHGISNAM": "Hubbard", "GISJOIN": "G2700570", "JOIN": "G2700570_1910", "NATIVE_POP": 1 }, "geometry": { "type": "Point", "coordinates": [ -94.916634729838137, 47.108642649014463 ] } },
{ "type": "Feature", "properties": { "DECADE": "1910", "NHGISNAM": "Huron", "GISJOIN": "G2600630", "JOIN": "G2600630_1910", "NATIVE_POP": 0 }, "geometry": { "type": "Point", "coordinates": [ -83.019480864735783, 43.833294892896703 ] } },
{ "type": "Feature", "properties": { "DECADE": "1910", "NHGISNAM": "Ingham", "GISJOIN": "G2600650", "JOIN": "G2600650_1910", "NATIVE_POP": 0 }, "geometry": { "type": "Point", "coordinates": [ -84.373537294348935, 42.597098805667194 ] } },
{ "type": "Feature", "properties": { "DECADE": "1910", "NHGISNAM": "Ionia", "GISJOIN": "G2600670", "JOIN": "G2600670_1910", "NATIVE_POP": 2 }, "geometry": { "type": "Point", "coordinates": [ -85.074601615701084, 42.945094187469458 ] } },
{ "type": "Feature", "properties": { "DECADE": "1910", "NHGISNAM": "Iosco", "GISJOIN": "G2600690", "JOIN": "G2600690_1910", "NATIVE_POP": 47 }, "geometry": { "type": "Point", "coordinates": [ -83.635937196341033, 44.355801853265518 ] } },
{ "type": "Feature", "properties": { "DECADE": "1910", "NHGISNAM": "Iowa", "GISJOIN": "G5500490", "JOIN": "G5500490_1910", "NATIVE_POP": 6 }, "geometry": { "type": "Point", "coordinates": [ -90.135433164196215, 43.000476971496887 ] } },
{ "type": "Feature", "properties": { "DECADE": "1910", "NHGISNAM": "Iron", "GISJOIN": "G2600710", "JOIN": "G2600710_1910", "NATIVE_POP": 0 }, "geometry": { "type": "Point", "coordinates": [ -88.530546656969364, 46.208671578740379 ] } },
{ "type": "Feature", "properties": { "DECADE": "1910", "NHGISNAM": "Iron", "GISJOIN": "G5500510", "JOIN": "G5500510_1910", "NATIVE_POP": 28 }, "geometry": { "type": "Point", "coordinates": [ -90.242067486679687, 46.262272249779201 ] } },
{ "type": "Feature", "properties": { "DECADE": "1910", "NHGISNAM": "Isabella", "GISJOIN": "G2600730", "JOIN": "G2600730_1910", "NATIVE_POP": 502 }, "geometry": { "type": "Point", "coordinates": [ -84.846802217106159, 43.640596722687498 ] } },
{ "type": "Feature", "properties": { "DECADE": "1910", "NHGISNAM": "Isanti", "GISJOIN": "G2700590", "JOIN": "G2700590_1910", "NATIVE_POP": 0 }, "geometry": { "type": "Point", "coordinates": [ -93.295178806019038, 45.561485726273418 ] } },
{ "type": "Feature", "properties": { "DECADE": "1910", "NHGISNAM": "Itasca", "GISJOIN": "G2700610", "JOIN": "G2700610_1910", "NATIVE_POP": 225 }, "geometry": { "type": "Point", "coordinates": [ -93.632006114503397, 47.509527308501298 ] } },
{ "type": "Feature", "properties": { "DECADE": "1910", "NHGISNAM": "Jackson", "GISJOIN": "G2600750", "JOIN": "G2600750_1910", "NATIVE_POP": 2 }, "geometry": { "type": "Point", "coordinates": [ -84.423437332694093, 42.248487316822008 ] } },
{ "type": "Feature", "properties": { "DECADE": "1910", "NHGISNAM": "Jackson", "GISJOIN": "G2700630", "JOIN": "G2700630_1910", "NATIVE_POP": 0 }, "geometry": { "type": "Point", "coordinates": [ -95.154112867149578, 43.674171807790145 ] } },
{ "type": "Feature", "properties": { "DECADE": "1910", "NHGISNAM": "Jackson", "GISJOIN": "G5500530", "JOIN": "G5500530_1910", "NATIVE_POP": 230 }, "geometry": { "type": "Point", "coordinates": [ -90.805174864712981, 44.319130247390525 ] } },
{ "type": "Feature", "properties": { "DECADE": "1910", "NHGISNAM": "Jefferson", "GISJOIN": "G5500550", "JOIN": "G5500550_1910", "NATIVE_POP": 0 }, "geometry": { "type": "Point", "coordinates": [ -88.775873161485961, 43.020822009432884 ] } },
{ "type": "Feature", "properties": { "DECADE": "1910", "NHGISNAM": "Juneau", "GISJOIN": "G5500570", "JOIN": "G5500570_1910", "NATIVE_POP": 16 }, "geometry": { "type": "Point", "coordinates": [ -90.114017928101887, 43.924441111632781 ] } },
{ "type": "Feature", "properties": { "DECADE": "1910", "NHGISNAM": "Kalamazoo", "GISJOIN": "G2600770", "JOIN": "G2600770_1910", "NATIVE_POP": 4 }, "geometry": { "type": "Point", "coordinates": [ -85.531183515696355, 42.245453291892311 ] } },
{ "type": "Feature", "properties": { "DECADE": "1910", "NHGISNAM": "Kalkaska", "GISJOIN": "G2600790", "JOIN": "G2600790_1910", "NATIVE_POP": 74 }, "geometry": { "type": "Point", "coordinates": [ -85.090249879925025, 44.684675975235521 ] } },
{ "type": "Feature", "properties": { "DECADE": "1910", "NHGISNAM": "Kanabec", "GISJOIN": "G2700650", "JOIN": "G2700650_1910", "NATIVE_POP": 3 }, "geometry": { "type": "Point", "coordinates": [ -93.293423587908151, 45.945218455365698 ] } },
{ "type": "Feature", "properties": { "DECADE": "1910", "NHGISNAM": "Kandiyohi", "GISJOIN": "G2700670", "JOIN": "G2700670_1910", "NATIVE_POP": 0 }, "geometry": { "type": "Point", "coordinates": [ -95.004740712120181, 45.152381923345416 ] } },
{ "type": "Feature", "properties": { "DECADE": "1910", "NHGISNAM": "Kenosha", "GISJOIN": "G5500590", "JOIN": "G5500590_1910", "NATIVE_POP": 0 }, "geometry": { "type": "Point", "coordinates": [ -88.042711476798559, 42.576798853408931 ] } },
{ "type": "Feature", "properties": { "DECADE": "1910", "NHGISNAM": "Kent", "GISJOIN": "G2600810", "JOIN": "G2600810_1910", "NATIVE_POP": 4 }, "geometry": { "type": "Point", "coordinates": [ -85.549295929343486, 43.032155644630372 ] } },
{ "type": "Feature", "properties": { "DECADE": "1910", "NHGISNAM": "Kewaunee", "GISJOIN": "G5500610", "JOIN": "G5500610_1910", "NATIVE_POP": 0 }, "geometry": { "type": "Point", "coordinates": [ -87.615291567750774, 44.516112043380943 ] } },
{ "type": "Feature", "properties": { "DECADE": "1910", "NHGISNAM": "Keweenaw", "GISJOIN": "G2600830", "JOIN": "G2600830_1910", "NATIVE_POP": 0 }, "geometry": { "type": "Point", "coordinates": [ -88.426582579584093, 47.608386449827805 ] } },
{ "type": "Feature", "properties": { "DECADE": "1910", "NHGISNAM": "Kittson", "GISJOIN": "G2700690", "JOIN": "G2700690_1910", "NATIVE_POP": 84 }, "geometry": { "type": "Point", "coordinates": [ -96.782851499785281, 48.776627430059683 ] } },
{ "type": "Feature", "properties": { "DECADE": "1910", "NHGISNAM": "Koochiching", "GISJOIN": "G2700710", "JOIN": "G2700710_1910", "NATIVE_POP": 97 }, "geometry": { "type": "Point", "coordinates": [ -93.783365475361549, 48.245268309435005 ] } },
{ "type": "Feature", "properties": { "DECADE": "1910", "NHGISNAM": "La Crosse", "GISJOIN": "G5500630", "JOIN": "G5500630_1910", "NATIVE_POP": 37 }, "geometry": { "type": "Point", "coordinates": [ -91.115201544708071, 43.906532178500235 ] } },
{ "type": "Feature", "properties": { "DECADE": "1910", "NHGISNAM": "Lac Qui Parle", "GISJOIN": "G2700730", "JOIN": "G2700730_1910", "NATIVE_POP": 0 }, "geometry": { "type": "Point", "coordinates": [ -96.174032226831102, 44.996101531369646 ] } },
{ "type": "Feature", "properties": { "DECADE": "1910", "NHGISNAM": "Lafayette", "GISJOIN": "G5500650", "JOIN": "G5500650_1910", "NATIVE_POP": 0 }, "geometry": { "type": "Point", "coordinates": [ -90.131721976474836, 42.660499382908796 ] } },
{ "type": "Feature", "properties": { "DECADE": "1910", "NHGISNAM": "Lake", "GISJOIN": "G2600850", "JOIN": "G2600850_1910", "NATIVE_POP": 4 }, "geometry": { "type": "Point", "coordinates": [ -85.801692461559014, 43.990011929047029 ] } },
{ "type": "Feature", "properties": { "DECADE": "1910", "NHGISNAM": "Lake", "GISJOIN": "G2700750", "JOIN": "G2700750_1910", "NATIVE_POP": 97 }, "geometry": { "type": "Point", "coordinates": [ -91.445782745994322, 47.641024525630016 ] } },
{ "type": "Feature", "properties": { "DECADE": "1910", "NHGISNAM": "Langlade", "GISJOIN": "G5500670", "JOIN": "G5500670_1910", "NATIVE_POP": 82 }, "geometry": { "type": "Point", "coordinates": [ -89.07191239300937, 45.262365108991617 ] } },
{ "type": "Feature", "properties": { "DECADE": "1910", "NHGISNAM": "Lapeer", "GISJOIN": "G2600870", "JOIN": "G2600870_1910", "NATIVE_POP": 1 }, "geometry": { "type": "Point", "coordinates": [ -83.221783901719746, 43.090147290745001 ] } },
{ "type": "Feature", "properties": { "DECADE": "1910", "NHGISNAM": "Le Sueur", "GISJOIN": "G2700790", "JOIN": "G2700790_1910", "NATIVE_POP": 4 }, "geometry": { "type": "Point", "coordinates": [ -93.73008373170029, 44.371435448234074 ] } },
{ "type": "Feature", "properties": { "DECADE": "1910", "NHGISNAM": "Leelanau", "GISJOIN": "G2600890", "JOIN": "G2600890_1910", "NATIVE_POP": 454 }, "geometry": { "type": "Point", "coordinates": [ -85.811973257656049, 44.938367327804947 ] } },
{ "type": "Feature", "properties": { "DECADE": "1910", "NHGISNAM": "Lenawee", "GISJOIN": "G2600910", "JOIN": "G2600910_1910", "NATIVE_POP": 17 }, "geometry": { "type": "Point", "coordinates": [ -84.066364810628997, 41.895082455562466 ] } },
{ "type": "Feature", "properties": { "DECADE": "1910", "NHGISNAM": "Lincoln", "GISJOIN": "G2700810", "JOIN": "G2700810_1910", "NATIVE_POP": 0 }, "geometry": { "type": "Point", "coordinates": [ -96.267088738924599, 44.412597860803494 ] } },
{ "type": "Feature", "properties": { "DECADE": "1910", "NHGISNAM": "Lincoln", "GISJOIN": "G5500690", "JOIN": "G5500690_1910", "NATIVE_POP": 68 }, "geometry": { "type": "Point", "coordinates": [ -89.734612484258548, 45.337463671134991 ] } },
{ "type": "Feature", "properties": { "DECADE": "1910", "NHGISNAM": "Livingston", "GISJOIN": "G2600930", "JOIN": "G2600930_1910", "NATIVE_POP": 1 }, "geometry": { "type": "Point", "coordinates": [ -83.911528216594277, 42.602915863117829 ] } },
{ "type": "Feature", "properties": { "DECADE": "1910", "NHGISNAM": "Luce", "GISJOIN": "G2600950", "JOIN": "G2600950_1910", "NATIVE_POP": 7 }, "geometry": { "type": "Point", "coordinates": [ -85.54436357025196, 46.470667296319199 ] } },
{ "type": "Feature", "properties": { "DECADE": "1910", "NHGISNAM": "Lyon", "GISJOIN": "G2700830", "JOIN": "G2700830_1910", "NATIVE_POP": 0 }, "geometry": { "type": "Point", "coordinates": [ -95.838978853539217, 44.41348912796866 ] } },
{ "type": "Feature", "properties": { "DECADE": "1910", "NHGISNAM": "Mackinac", "GISJOIN": "G2600970", "JOIN": "G2600970_1910", "NATIVE_POP": 990 }, "geometry": { "type": "Point", "coordinates": [ -85.09488195972331, 46.081608214483943 ] } },
{ "type": "Feature", "properties": { "DECADE": "1910", "NHGISNAM": "Macomb", "GISJOIN": "G2600990", "JOIN": "G2600990_1910", "NATIVE_POP": 16 }, "geometry": { "type": "Point", "coordinates": [ -82.9323170650338, 42.695765557454543 ] } },
{ "type": "Feature", "properties": { "DECADE": "1910", "NHGISNAM": "Mahnomen", "GISJOIN": "G2700870", "JOIN": "G2700870_1910", "NATIVE_POP": 1635 }, "geometry": { "type": "Point", "coordinates": [ -95.809045856119468, 47.325238619342088 ] } },
{ "type": "Feature", "properties": { "DECADE": "1910", "NHGISNAM": "Manistee", "GISJOIN": "G2601010", "JOIN": "G2601010_1910", "NATIVE_POP": 24 }, "geometry": { "type": "Point", "coordinates": [ -86.056633518748228, 44.332940083830294 ] } },
{ "type": "Feature", "properties": { "DECADE": "1910", "NHGISNAM": "Manitowoc", "GISJOIN": "G5500710", "JOIN": "G5500710_1910", "NATIVE_POP": 2 }, "geometry": { "type": "Point", "coordinates": [ -87.809648012808708, 44.119941856155044 ] } },
{ "type": "Feature", "properties": { "DECADE": "1910", "NHGISNAM": "Marathon", "GISJOIN": "G5500730", "JOIN": "G5500730_1910", "NATIVE_POP": 26 }, "geometry": { "type": "Point", "coordinates": [ -89.759051643934853, 44.898286651868794 ] } },
{ "type": "Feature", "properties": { "DECADE": "1910", "NHGISNAM": "Marinette", "GISJOIN": "G5500750", "JOIN": "G5500750_1910", "NATIVE_POP": 152 }, "geometry": { "type": "Point", "coordinates": [ -88.033573122400256, 45.383158054922504 ] } },
{ "type": "Feature", "properties": { "DECADE": "1910", "NHGISNAM": "Marquette", "GISJOIN": "G2601030", "JOIN": "G2601030_1910", "NATIVE_POP": 37 }, "geometry": { "type": "Point", "coordinates": [ -87.641611509236952, 46.431275017335224 ] } },
{ "type": "Feature", "properties": { "DECADE": "1910", "NHGISNAM": "Marquette", "GISJOIN": "G5500770", "JOIN": "G5500770_1910", "NATIVE_POP": 35 }, "geometry": { "type": "Point", "coordinates": [ -89.398811928377469, 43.819605856794666 ] } },
{ "type": "Feature", "properties": { "DECADE": "1910", "NHGISNAM": "Marshall", "GISJOIN": "G2700890", "JOIN": "G2700890_1910", "NATIVE_POP": 1 }, "geometry": { "type": "Point", "coordinates": [ -96.368466634981601, 48.358125975050015 ] } },
{ "type": "Feature", "properties": { "DECADE": "1910", "NHGISNAM": "Martin", "GISJOIN": "G2700910", "JOIN": "G2700910_1910", "NATIVE_POP": 0 }, "geometry": { "type": "Point", "coordinates": [ -94.551069636657857, 43.674362583372002 ] } },
{ "type": "Feature", "properties": { "DECADE": "1910", "NHGISNAM": "Mason", "GISJOIN": "G2601050", "JOIN": "G2601050_1910", "NATIVE_POP": 308 }, "geometry": { "type": "Point", "coordinates": [ -86.249974951263525, 43.995264790430511 ] } },
{ "type": "Feature", "properties": { "DECADE": "1910", "NHGISNAM": "Mcleod", "GISJOIN": "G2700850", "JOIN": "G2700850_1910", "NATIVE_POP": 0 }, "geometry": { "type": "Point", "coordinates": [ -94.272420251126832, 44.823543945357542 ] } },
{ "type": "Feature", "properties": { "DECADE": "1910", "NHGISNAM": "Mecosta", "GISJOIN": "G2601070", "JOIN": "G2601070_1910", "NATIVE_POP": 39 }, "geometry": { "type": "Point", "coordinates": [ -85.324631377005957, 43.640796880009326 ] } },
{ "type": "Feature", "properties": { "DECADE": "1910", "NHGISNAM": "Meeker", "GISJOIN": "G2700930", "JOIN": "G2700930_1910", "NATIVE_POP": 0 }, "geometry": { "type": "Point", "coordinates": [ -94.527309488337465, 45.123115388952982 ] } },
{ "type": "Feature", "properties": { "DECADE": "1910", "NHGISNAM": "Menominee", "GISJOIN": "G2601090", "JOIN": "G2601090_1910", "NATIVE_POP": 39 }, "geometry": { "type": "Point", "coordinates": [ -87.55663348453534, 45.580107205566392 ] } },
{ "type": "Feature", "properties": { "DECADE": "1910", "NHGISNAM": "Midland", "GISJOIN": "G2601110", "JOIN": "G2601110_1910", "NATIVE_POP": 0 }, "geometry": { "type": "Point", "coordinates": [ -84.388109196434087, 43.646856437236231 ] } },
{ "type": "Feature", "properties": { "DECADE": "1910", "NHGISNAM": "Mille Lacs", "GISJOIN": "G2700950", "JOIN": "G2700950_1910", "NATIVE_POP": 227 }, "geometry": { "type": "Point", "coordinates": [ -93.63008723896445, 45.93804797058484 ] } },
{ "type": "Feature", "properties": { "DECADE": "1910", "NHGISNAM": "Milwaukee", "GISJOIN": "G5500790", "JOIN": "G5500790_1910", "NATIVE_POP": 17 }, "geometry": { "type": "Point", "coordinates": [ -87.966756028269529, 43.007143909425707 ] } },
{ "type": "Feature", "properties": { "DECADE": "1910", "NHGISNAM": "Missaukee", "GISJOIN": "G2601130", "JOIN": "G2601130_1910", "NATIVE_POP": 35 }, "geometry": { "type": "Point", "coordinates": [ -85.094676209639815, 44.33731710844161 ] } },
{ "type": "Feature", "properties": { "DECADE": "1910", "NHGISNAM": "Monroe", "GISJOIN": "G2601150", "JOIN": "G2601150_1910", "NATIVE_POP": 0 }, "geometry": { "type": "Point", "coordinates": [ -83.540059892284475, 41.92963697841865 ] } },
{ "type": "Feature", "properties": { "DECADE": "1910", "NHGISNAM": "Monroe", "GISJOIN": "G5500810", "JOIN": "G5500810_1910", "NATIVE_POP": 369 }, "geometry": { "type": "Point", "coordinates": [ -90.617863175723613, 43.945746636886724 ] } },
{ "type": "Feature", "properties": { "DECADE": "1910", "NHGISNAM": "Montcalm", "GISJOIN": "G2601170", "JOIN": "G2601170_1910", "NATIVE_POP": 5 }, "geometry": { "type": "Point", "coordinates": [ -85.152516170753643, 43.310955178348756 ] } },
{ "type": "Feature", "properties": { "DECADE": "1910", "NHGISNAM": "Montmorency", "GISJOIN": "G2601190", "JOIN": "G2601190_1910", "NATIVE_POP": 0 }, "geometry": { "type": "Point", "coordinates": [ -84.127207206821524, 45.02754731951245 ] } },
{ "type": "Feature", "properties": { "DECADE": "1910", "NHGISNAM": "Morrison", "GISJOIN": "G2700970", "JOIN": "G2700970_1910", "NATIVE_POP": 0 }, "geometry": { "type": "Point", "coordinates": [ -94.268440312535631, 46.012632648004093 ] } },
{ "type": "Feature", "properties": { "DECADE": "1910", "NHGISNAM": "Mower", "GISJOIN": "G2700990", "JOIN": "G2700990_1910", "NATIVE_POP": 0 }, "geometry": { "type": "Point", "coordinates": [ -92.752512948363432, 43.671469805701769 ] } },
{ "type": "Feature", "properties": { "DECADE": "1910", "NHGISNAM": "Murray", "GISJOIN": "G2701010", "JOIN": "G2701010_1910", "NATIVE_POP": 0 }, "geometry": { "type": "Point", "coordinates": [ -95.763274981832637, 44.022121976991428 ] } },
{ "type": "Feature", "properties": { "DECADE": "1910", "NHGISNAM": "Muskegon", "GISJOIN": "G2601210", "JOIN": "G2601210_1910", "NATIVE_POP": 1 }, "geometry": { "type": "Point", "coordinates": [ -86.152056382707045, 43.291223904083289 ] } },
{ "type": "Feature", "properties": { "DECADE": "1910", "NHGISNAM": "Newaygo", "GISJOIN": "G2601230", "JOIN": "G2601230_1910", "NATIVE_POP": 21 }, "geometry": { "type": "Point", "coordinates": [ -85.800923436216237, 43.554165911152332 ] } },
{ "type": "Feature", "properties": { "DECADE": "1910", "NHGISNAM": "Nicollet", "GISJOIN": "G2701030", "JOIN": "G2701030_1910", "NATIVE_POP": 0 }, "geometry": { "type": "Point", "coordinates": [ -94.247276872442896, 44.349880602087879 ] } },
{ "type": "Feature", "properties": { "DECADE": "1910", "NHGISNAM": "Nobles", "GISJOIN": "G2701050", "JOIN": "G2701050_1910", "NATIVE_POP": 0 }, "geometry": { "type": "Point", "coordinates": [ -95.753388456832226, 43.674238751492247 ] } },
{ "type": "Feature", "properties": { "DECADE": "1910", "NHGISNAM": "Norman", "GISJOIN": "G2701070", "JOIN": "G2701070_1910", "NATIVE_POP": 0 }, "geometry": { "type": "Point", "coordinates": [ -96.455275026126998, 47.326479730615276 ] } },
{ "type": "Feature", "properties": { "DECADE": "1910", "NHGISNAM": "Oakland", "GISJOIN": "G2601250", "JOIN": "G2601250_1910", "NATIVE_POP": 0 }, "geometry": { "type": "Point", "coordinates": [ -83.385817914689753, 42.66040092272813 ] } },
{ "type": "Feature", "properties": { "DECADE": "1910", "NHGISNAM": "Oceana", "GISJOIN": "G2601270", "JOIN": "G2601270_1910", "NATIVE_POP": 281 }, "geometry": { "type": "Point", "coordinates": [ -86.267602731857451, 43.640917137424864 ] } },
{ "type": "Feature", "properties": { "DECADE": "1910", "NHGISNAM": "Oconto", "GISJOIN": "G5500830", "JOIN": "G5500830_1910", "NATIVE_POP": 219 }, "geometry": { "type": "Point", "coordinates": [ -88.296470301882977, 45.022214249579363 ] } },
{ "type": "Feature", "properties": { "DECADE": "1910", "NHGISNAM": "Ogemaw", "GISJOIN": "G2601290", "JOIN": "G2601290_1910", "NATIVE_POP": 42 }, "geometry": { "type": "Point", "coordinates": [ -84.126414304694009, 44.33493803657997 ] } },
{ "type": "Feature", "properties": { "DECADE": "1910", "NHGISNAM": "Olmsted", "GISJOIN": "G2701090", "JOIN": "G2701090_1910", "NATIVE_POP": 0 }, "geometry": { "type": "Point", "coordinates": [ -92.401760817559051, 44.003732709694482 ] } },
{ "type": "Feature", "properties": { "DECADE": "1910", "NHGISNAM": "Oneida", "GISJOIN": "G5500850", "JOIN": "G5500850_1910", "NATIVE_POP": 78 }, "geometry": { "type": "Point", "coordinates": [ -89.521713487101437, 45.705593926149852 ] } },
{ "type": "Feature", "properties": { "DECADE": "1910", "NHGISNAM": "Ontonagon", "GISJOIN": "G2601310", "JOIN": "G2601310_1910", "NATIVE_POP": 2 }, "geometry": { "type": "Point", "coordinates": [ -89.314993622653787, 46.664315015865796 ] } },
{ "type": "Feature", "properties": { "DECADE": "1910", "NHGISNAM": "Osceola", "GISJOIN": "G2601330", "JOIN": "G2601330_1910", "NATIVE_POP": 21 }, "geometry": { "type": "Point", "coordinates": [ -85.325274987508053, 43.989868768405394 ] } },
{ "type": "Feature", "properties": { "DECADE": "1910", "NHGISNAM": "Oscoda", "GISJOIN": "G2601350", "JOIN": "G2601350_1910", "NATIVE_POP": 0 }, "geometry": { "type": "Point", "coordinates": [ -84.129735082028688, 44.681745389742332 ] } },
{ "type": "Feature", "properties": { "DECADE": "1910", "NHGISNAM": "Otsego", "GISJOIN": "G2601370", "JOIN": "G2601370_1910", "NATIVE_POP": 0 }, "geometry": { "type": "Point", "coordinates": [ -84.599001846496137, 45.021433866743102 ] } },
{ "type": "Feature", "properties": { "DECADE": "1910", "NHGISNAM": "Ottawa", "GISJOIN": "G2601390", "JOIN": "G2601390_1910", "NATIVE_POP": 18 }, "geometry": { "type": "Point", "coordinates": [ -85.996116597943981, 42.959847307964658 ] } },
{ "type": "Feature", "properties": { "DECADE": "1910", "NHGISNAM": "Otter Tail", "GISJOIN": "G2701110", "JOIN": "G2701110_1910", "NATIVE_POP": 0 }, "geometry": { "type": "Point", "coordinates": [ -95.708001683459628, 46.408796056782492 ] } },
{ "type": "Feature", "properties": { "DECADE": "1910", "NHGISNAM": "Outagamie", "GISJOIN": "G5500870", "JOIN": "G5500870_1910", "NATIVE_POP": 1136 }, "geometry": { "type": "Point", "coordinates": [ -88.464941862481766, 44.416095308143191 ] } },
{ "type": "Feature", "properties": { "DECADE": "1910", "NHGISNAM": "Ozaukee", "GISJOIN": "G5500890", "JOIN": "G5500890_1910", "NATIVE_POP": 0 }, "geometry": { "type": "Point", "coordinates": [ -87.950820495422718, 43.384069033071036 ] } },
{ "type": "Feature", "properties": { "DECADE": "1910", "NHGISNAM": "Pennington", "GISJOIN": "G2701130", "JOIN": "G2701130_1910", "NATIVE_POP": 7 }, "geometry": { "type": "Point", "coordinates": [ -96.036668385778867, 48.06623212650215 ] } },
{ "type": "Feature", "properties": { "DECADE": "1910", "NHGISNAM": "Pepin", "GISJOIN": "G5500910", "JOIN": "G5500910_1910", "NATIVE_POP": 0 }, "geometry": { "type": "Point", "coordinates": [ -92.001561440373536, 44.582914105789783 ] } },
{ "type": "Feature", "properties": { "DECADE": "1910", "NHGISNAM": "Pierce", "GISJOIN": "G5500930", "JOIN": "G5500930_1910", "NATIVE_POP": 0 }, "geometry": { "type": "Point", "coordinates": [ -92.42248511376313, 44.719630658020776 ] } },
{ "type": "Feature", "properties": { "DECADE": "1910", "NHGISNAM": "Pine", "GISJOIN": "G2701150", "JOIN": "G2701150_1910", "NATIVE_POP": 174 }, "geometry": { "type": "Point", "coordinates": [ -92.741270017689686, 46.120767625988478 ] } },
{ "type": "Feature", "properties": { "DECADE": "1910", "NHGISNAM": "Pipestone", "GISJOIN": "G2701170", "JOIN": "G2701170_1910", "NATIVE_POP": 220 }, "geometry": { "type": "Point", "coordinates": [ -96.258644562371686, 44.022995170209917 ] } },
{ "type": "Feature", "properties": { "DECADE": "1910", "NHGISNAM": "Polk", "GISJOIN": "G2701190", "JOIN": "G2701190_1910", "NATIVE_POP": 7 }, "geometry": { "type": "Point", "coordinates": [ -96.401812097750536, 47.773857905131621 ] } },
{ "type": "Feature", "properties": { "DECADE": "1910", "NHGISNAM": "Polk", "GISJOIN": "G5500950", "JOIN": "G5500950_1910", "NATIVE_POP": 115 }, "geometry": { "type": "Point", "coordinates": [ -92.44139461855633, 45.461418858569786 ] } },
{ "type": "Feature", "properties": { "DECADE": "1910", "NHGISNAM": "Pope", "GISJOIN": "G2701210", "JOIN": "G2701210_1910", "NATIVE_POP": 0 }, "geometry": { "type": "Point", "coordinates": [ -95.444484060759564, 45.58603028577491 ] } },
{ "type": "Feature", "properties": { "DECADE": "1910", "NHGISNAM": "Portage", "GISJOIN": "G5500970", "JOIN": "G5500970_1910", "NATIVE_POP": 0 }, "geometry": { "type": "Point", "coordinates": [ -89.501410317651519, 44.476046708609253 ] } },
{ "type": "Feature", "properties": { "DECADE": "1910", "NHGISNAM": "Presque Isle", "GISJOIN": "G2601410", "JOIN": "G2601410_1910", "NATIVE_POP": 4 }, "geometry": { "type": "Point", "coordinates": [ -83.917831737285454, 45.34016392115327 ] } },
{ "type": "Feature", "properties": { "DECADE": "1910", "NHGISNAM": "Price", "GISJOIN": "G5500990", "JOIN": "G5500990_1910", "NATIVE_POP": 0 }, "geometry": { "type": "Point", "coordinates": [ -90.361387802641119, 45.680429777192479 ] } },
{ "type": "Feature", "properties": { "DECADE": "1910", "NHGISNAM": "Racine", "GISJOIN": "G5501010", "JOIN": "G5501010_1910", "NATIVE_POP": 3 }, "geometry": { "type": "Point", "coordinates": [ -88.061131974507248, 42.747481173420105 ] } },
{ "type": "Feature", "properties": { "DECADE": "1910", "NHGISNAM": "Ramsey", "GISJOIN": "G2701230", "JOIN": "G2701230_1910", "NATIVE_POP": 10 }, "geometry": { "type": "Point", "coordinates": [ -93.09960213337817, 45.017062123848355 ] } },
{ "type": "Feature", "properties": { "DECADE": "1910", "NHGISNAM": "Red Lake", "GISJOIN": "G2701250", "JOIN": "G2701250_1910", "NATIVE_POP": null }, "geometry": { "type": "Point", "coordinates": [ -96.095303731199735, 47.87169437866897 ] } },
{ "type": "Feature", "properties": { "DECADE": "1910", "NHGISNAM": "Redwood", "GISJOIN": "G2701270", "JOIN": "G2701270_1910", "NATIVE_POP": 167 }, "geometry": { "type": "Point", "coordinates": [ -95.253834816566268, 44.403660796973611 ] } },
{ "type": "Feature", "properties": { "DECADE": "1910", "NHGISNAM": "Renville", "GISJOIN": "G2701290", "JOIN": "G2701290_1910", "NATIVE_POP": 1 }, "geometry": { "type": "Point", "coordinates": [ -94.947168543077836, 44.726817621660743 ] } },
{ "type": "Feature", "properties": { "DECADE": "1910", "NHGISNAM": "Rice", "GISJOIN": "G2701310", "JOIN": "G2701310_1910", "NATIVE_POP": 0 }, "geometry": { "type": "Point", "coordinates": [ -93.296677480617433, 44.35426145210225 ] } },
{ "type": "Feature", "properties": { "DECADE": "1910", "NHGISNAM": "Richland", "GISJOIN": "G5501030", "JOIN": "G5501030_1910", "NATIVE_POP": 0 }, "geometry": { "type": "Point", "coordinates": [ -90.429489903296258, 43.375626845066236 ] } },
{ "type": "Feature", "properties": { "DECADE": "1910", "NHGISNAM": "Rock", "GISJOIN": "G2701330", "JOIN": "G2701330_1910", "NATIVE_POP": 0 }, "geometry": { "type": "Point", "coordinates": [ -96.253209002569619, 43.674631542443784 ] } },
{ "type": "Feature", "properties": { "DECADE": "1910", "NHGISNAM": "Rock", "GISJOIN": "G5501050", "JOIN": "G5501050_1910", "NATIVE_POP": 0 }, "geometry": { "type": "Point", "coordinates": [ -89.071578501797717, 42.671223766313766 ] } },
{ "type": "Feature", "properties": { "DECADE": "1910", "NHGISNAM": "Roscommon", "GISJOIN": "G2601430", "JOIN": "G2601430_1910", "NATIVE_POP": 6 }, "geometry": { "type": "Point", "coordinates": [ -84.611599836047262, 44.33560774617019 ] } },
{ "type": "Feature", "properties": { "DECADE": "1910", "NHGISNAM": "Roseau", "GISJOIN": "G2701350", "JOIN": "G2701350_1910", "NATIVE_POP": 75 }, "geometry": { "type": "Point", "coordinates": [ -95.810790174758111, 48.775147211882128 ] } },
{ "type": "Feature", "properties": { "DECADE": "1910", "NHGISNAM": "Rusk", "GISJOIN": "G5501070", "JOIN": "G5501070_1910", "NATIVE_POP": 55 }, "geometry": { "type": "Point", "coordinates": [ -91.133114360136631, 45.475135571560507 ] } },
{ "type": "Feature", "properties": { "DECADE": "1910", "NHGISNAM": "Saginaw", "GISJOIN": "G2601450", "JOIN": "G2601450_1910", "NATIVE_POP": 141 }, "geometry": { "type": "Point", "coordinates": [ -84.053187039163561, 43.335028744293211 ] } },
{ "type": "Feature", "properties": { "DECADE": "1910", "NHGISNAM": "Sanilac", "GISJOIN": "G2601510", "JOIN": "G2601510_1910", "NATIVE_POP": 0 }, "geometry": { "type": "Point", "coordinates": [ -82.820131619135609, 43.423563219781983 ] } },
{ "type": "Feature", "properties": { "DECADE": "1910", "NHGISNAM": "Sauk", "GISJOIN": "G5501110", "JOIN": "G5501110_1910", "NATIVE_POP": 6 }, "geometry": { "type": "Point", "coordinates": [ -89.948371749009624, 43.42677001778533 ] } },
{ "type": "Feature", "properties": { "DECADE": "1910", "NHGISNAM": "Sawyer", "GISJOIN": "G5501130", "JOIN": "G5501130_1910", "NATIVE_POP": 1224 }, "geometry": { "type": "Point", "coordinates": [ -91.144671674172514, 45.879971177175342 ] } },
{ "type": "Feature", "properties": { "DECADE": "1910", "NHGISNAM": "Schoolcraft", "GISJOIN": "G2601530", "JOIN": "G2601530_1910", "NATIVE_POP": 35 }, "geometry": { "type": "Point", "coordinates": [ -86.199613310858467, 46.196571929039123 ] } },
{ "type": "Feature", "properties": { "DECADE": "1910", "NHGISNAM": "Scott", "GISJOIN": "G2701390", "JOIN": "G2701390_1910", "NATIVE_POP": 4 }, "geometry": { "type": "Point", "coordinates": [ -93.535927163517698, 44.648415547949114 ] } },
{ "type": "Feature", "properties": { "DECADE": "1910", "NHGISNAM": "Shawano", "GISJOIN": "G5501150", "JOIN": "G5501150_1910", "NATIVE_POP": 1743 }, "geometry": { "type": "Point", "coordinates": [ -88.768179462060246, 44.837991114125209 ] } },
{ "type": "Feature", "properties": { "DECADE": "1910", "NHGISNAM": "Sheboygan", "GISJOIN": "G5501170", "JOIN": "G5501170_1910", "NATIVE_POP": 0 }, "geometry": { "type": "Point", "coordinates": [ -87.945422112298289, 43.721165816029277 ] } },
{ "type": "Feature", "properties": { "DECADE": "1910", "NHGISNAM": "Sherburne", "GISJOIN": "G2701410", "JOIN": "G2701410_1910", "NATIVE_POP": 5 }, "geometry": { "type": "Point", "coordinates": [ -93.774581062011492, 45.443956293986012 ] } },
{ "type": "Feature", "properties": { "DECADE": "1910", "NHGISNAM": "Shiawassee", "GISJOIN": "G2601550", "JOIN": "G2601550_1910", "NATIVE_POP": 0 }, "geometry": { "type": "Point", "coordinates": [ -84.146733126857825, 42.953734757756074 ] } },
{ "type": "Feature", "properties": { "DECADE": "1910", "NHGISNAM": "Sibley", "GISJOIN": "G2701430", "JOIN": "G2701430_1910", "NATIVE_POP": 0 }, "geometry": { "type": "Point", "coordinates": [ -94.232137721079255, 44.579488466106241 ] } },
{ "type": "Feature", "properties": { "DECADE": "1910", "NHGISNAM": "St Clair", "GISJOIN": "G2601470", "JOIN": "G2601470_1910", "NATIVE_POP": 15 }, "geometry": { "type": "Point", "coordinates": [ -82.683233559526855, 42.94184560369137 ] } },
{ "type": "Feature", "properties": { "DECADE": "1910", "NHGISNAM": "St Croix", "GISJOIN": "G5501090", "JOIN": "G5501090_1910", "NATIVE_POP": 0 }, "geometry": { "type": "Point", "coordinates": [ -92.452782989231522, 45.034067205000945 ] } },
{ "type": "Feature", "properties": { "DECADE": "1910", "NHGISNAM": "St Joseph", "GISJOIN": "G2601490", "JOIN": "G2601490_1910", "NATIVE_POP": 1 }, "geometry": { "type": "Point", "coordinates": [ -85.527742367786587, 41.914414243025789 ] } },
{ "type": "Feature", "properties": { "DECADE": "1910", "NHGISNAM": "St. Louis", "GISJOIN": "G2701370", "JOIN": "G2701370_1910", "NATIVE_POP": 628 }, "geometry": { "type": "Point", "coordinates": [ -92.471058810243477, 47.604157593459846 ] } },
{ "type": "Feature", "properties": { "DECADE": "1910", "NHGISNAM": "Stearns", "GISJOIN": "G2701450", "JOIN": "G2701450_1910", "NATIVE_POP": 0 }, "geometry": { "type": "Point", "coordinates": [ -94.613023295422892, 45.552151049702601 ] } },
{ "type": "Feature", "properties": { "DECADE": "1910", "NHGISNAM": "Steele", "GISJOIN": "G2701470", "JOIN": "G2701470_1910", "NATIVE_POP": 0 }, "geometry": { "type": "Point", "coordinates": [ -93.22604110276832, 44.02234375989056 ] } },
{ "type": "Feature", "properties": { "DECADE": "1910", "NHGISNAM": "Stevens", "GISJOIN": "G2701490", "JOIN": "G2701490_1910", "NATIVE_POP": 0 }, "geometry": { "type": "Point", "coordinates": [ -96.000302726066806, 45.586125681449317 ] } },
{ "type": "Feature", "properties": { "DECADE": "1910", "NHGISNAM": "Swift", "GISJOIN": "G2701510", "JOIN": "G2701510_1910", "NATIVE_POP": 0 }, "geometry": { "type": "Point", "coordinates": [ -95.6814266241323, 45.282714289693502 ] } },
{ "type": "Feature", "properties": { "DECADE": "1910", "NHGISNAM": "Taylor", "GISJOIN": "G5501190", "JOIN": "G5501190_1910", "NATIVE_POP": 10 }, "geometry": { "type": "Point", "coordinates": [ -90.501200477615214, 45.211557268528331 ] } },
{ "type": "Feature", "properties": { "DECADE": "1910", "NHGISNAM": "Todd", "GISJOIN": "G2701530", "JOIN": "G2701530_1910", "NATIVE_POP": 0 }, "geometry": { "type": "Point", "coordinates": [ -94.897615195602128, 46.070605846052082 ] } },
{ "type": "Feature", "properties": { "DECADE": "1910", "NHGISNAM": "Traverse", "GISJOIN": "G2701550", "JOIN": "G2701550_1910", "NATIVE_POP": 0 }, "geometry": { "type": "Point", "coordinates": [ -96.471641155395446, 45.772185854440792 ] } },
{ "type": "Feature", "properties": { "DECADE": "1910", "NHGISNAM": "Trempealeau", "GISJOIN": "G5501210", "JOIN": "G5501210_1910", "NATIVE_POP": 10 }, "geometry": { "type": "Point", "coordinates": [ -91.358463799917416, 44.303947269870463 ] } },
{ "type": "Feature", "properties": { "DECADE": "1910", "NHGISNAM": "Tuscola", "GISJOIN": "G2601570", "JOIN": "G2601570_1910", "NATIVE_POP": 38 }, "geometry": { "type": "Point", "coordinates": [ -83.416777744616354, 43.464116369489673 ] } },
{ "type": "Feature", "properties": { "DECADE": "1910", "NHGISNAM": "Van Buren", "GISJOIN": "G2601590", "JOIN": "G2601590_1910", "NATIVE_POP": 112 }, "geometry": { "type": "Point", "coordinates": [ -86.018906986229311, 42.251299380164362 ] } },
{ "type": "Feature", "properties": { "DECADE": "1910", "NHGISNAM": "Vernon", "GISJOIN": "G5501230", "JOIN": "G5501230_1910", "NATIVE_POP": 25 }, "geometry": { "type": "Point", "coordinates": [ -90.834383988787081, 43.593865496624744 ] } },
{ "type": "Feature", "properties": { "DECADE": "1910", "NHGISNAM": "Vilas", "GISJOIN": "G5501250", "JOIN": "G5501250_1910", "NATIVE_POP": 568 }, "geometry": { "type": "Point", "coordinates": [ -89.514767975036719, 46.05288783952912 ] } },
{ "type": "Feature", "properties": { "DECADE": "1910", "NHGISNAM": "Wabasha", "GISJOIN": "G2701570", "JOIN": "G2701570_1910", "NATIVE_POP": 0 }, "geometry": { "type": "Point", "coordinates": [ -92.230296672822362, 44.284270587440517 ] } },
{ "type": "Feature", "properties": { "DECADE": "1910", "NHGISNAM": "Wadena", "GISJOIN": "G2701590", "JOIN": "G2701590_1910", "NATIVE_POP": 0 }, "geometry": { "type": "Point", "coordinates": [ -94.969431373377532, 46.585763441172887 ] } },
{ "type": "Feature", "properties": { "DECADE": "1910", "NHGISNAM": "Walworth", "GISJOIN": "G5501270", "JOIN": "G5501270_1910", "NATIVE_POP": 0 }, "geometry": { "type": "Point", "coordinates": [ -88.541922050348504, 42.668477331201302 ] } },
{ "type": "Feature", "properties": { "DECADE": "1910", "NHGISNAM": "Waseca", "GISJOIN": "G2701610", "JOIN": "G2701610_1910", "NATIVE_POP": 0 }, "geometry": { "type": "Point", "coordinates": [ -93.587283402560928, 44.02212317724716 ] } },
{ "type": "Feature", "properties": { "DECADE": "1910", "NHGISNAM": "Washburn", "GISJOIN": "G5501290", "JOIN": "G5501290_1910", "NATIVE_POP": 151 }, "geometry": { "type": "Point", "coordinates": [ -91.791234007954529, 45.899179686931518 ] } },
{ "type": "Feature", "properties": { "DECADE": "1910", "NHGISNAM": "Washington", "GISJOIN": "G2701630", "JOIN": "G2701630_1910", "NATIVE_POP": 30 }, "geometry": { "type": "Point", "coordinates": [ -92.883956062216711, 45.038732820408264 ] } },
{ "type": "Feature", "properties": { "DECADE": "1910", "NHGISNAM": "Washington", "GISJOIN": "G5501310", "JOIN": "G5501310_1910", "NATIVE_POP": 0 }, "geometry": { "type": "Point", "coordinates": [ -88.230781325055773, 43.368471158424725 ] } },
{ "type": "Feature", "properties": { "DECADE": "1910", "NHGISNAM": "Washtenaw", "GISJOIN": "G2601610", "JOIN": "G2601610_1910", "NATIVE_POP": 4 }, "geometry": { "type": "Point", "coordinates": [ -83.838770695724946, 42.253225589733439 ] } },
{ "type": "Feature", "properties": { "DECADE": "1910", "NHGISNAM": "Watonwan", "GISJOIN": "G2701650", "JOIN": "G2701650_1910", "NATIVE_POP": 0 }, "geometry": { "type": "Point", "coordinates": [ -94.614061023558762, 43.978427705286435 ] } },
{ "type": "Feature", "properties": { "DECADE": "1910", "NHGISNAM": "Waukesha", "GISJOIN": "G5501330", "JOIN": "G5501330_1910", "NATIVE_POP": 3 }, "geometry": { "type": "Point", "coordinates": [ -88.304537215816907, 43.01818281119175 ] } },
{ "type": "Feature", "properties": { "DECADE": "1910", "NHGISNAM": "Waupaca", "GISJOIN": "G5501350", "JOIN": "G5501350_1910", "NATIVE_POP": 1 }, "geometry": { "type": "Point", "coordinates": [ -88.964819829815141, 44.470424831800948 ] } },
{ "type": "Feature", "properties": { "DECADE": "1910", "NHGISNAM": "Waushara", "GISJOIN": "G5501370", "JOIN": "G5501370_1910", "NATIVE_POP": 0 }, "geometry": { "type": "Point", "coordinates": [ -89.242877745065528, 44.11312635714367 ] } },
{ "type": "Feature", "properties": { "DECADE": "1910", "NHGISNAM": "Wayne", "GISJOIN": "G2601630", "JOIN": "G2601630_1910", "NATIVE_POP": 4 }, "geometry": { "type": "Point", "coordinates": [ -83.286677258457985, 42.284188118537074 ] } },
{ "type": "Feature", "properties": { "DECADE": "1910", "NHGISNAM": "Wexford", "GISJOIN": "G2601650", "JOIN": "G2601650_1910", "NATIVE_POP": 34 }, "geometry": { "type": "Point", "coordinates": [ -85.578418023715003, 44.338355485282925 ] } },
{ "type": "Feature", "properties": { "DECADE": "1910", "NHGISNAM": "Wilkin", "GISJOIN": "G2701670", "JOIN": "G2701670_1910", "NATIVE_POP": 0 }, "geometry": { "type": "Point", "coordinates": [ -96.468346156459361, 46.357079289199433 ] } },
{ "type": "Feature", "properties": { "DECADE": "1910", "NHGISNAM": "Winnebago", "GISJOIN": "G5501390", "JOIN": "G5501390_1910", "NATIVE_POP": 21 }, "geometry": { "type": "Point", "coordinates": [ -88.644656572894604, 44.068879200321646 ] } },
{ "type": "Feature", "properties": { "DECADE": "1910", "NHGISNAM": "Winona", "GISJOIN": "G2701690", "JOIN": "G2701690_1910", "NATIVE_POP": 0 }, "geometry": { "type": "Point", "coordinates": [ -91.779128632432716, 43.986848154087269 ] } },
{ "type": "Feature", "properties": { "DECADE": "1910", "NHGISNAM": "Wood", "GISJOIN": "G5501410", "JOIN": "G5501410_1910", "NATIVE_POP": 108 }, "geometry": { "type": "Point", "coordinates": [ -90.041560492952584, 44.455320426570552 ] } },
{ "type": "Feature", "properties": { "DECADE": "1910", "NHGISNAM": "Wright", "GISJOIN": "G2701710", "JOIN": "G2701710_1910", "NATIVE_POP": 0 }, "geometry": { "type": "Point", "coordinates": [ -93.963030908105097, 45.173923906077455 ] } },
{ "type": "Feature", "properties": { "DECADE": "1910", "NHGISNAM": "Yellow Medicine", "GISJOIN": "G2701730", "JOIN": "G2701730_1910", "NATIVE_POP": 57 }, "geometry": { "type": "Point", "coordinates": [ -95.86834103387757, 44.71625532551856 ] } },
{ "type": "Feature", "properties": { "DECADE": "1920", "NHGISNAM": "Adams", "GISJOIN": "G5500010", "JOIN": "G5500010_1920", "NATIVE_POP": 9 }, "geometry": { "type": "Point", "coordinates": [ -89.77063651438749, 43.969625711543962 ] } },
{ "type": "Feature", "properties": { "DECADE": "1920", "NHGISNAM": "Aitkin", "GISJOIN": "G2700010", "JOIN": "G2700010_1920", "NATIVE_POP": 84 }, "geometry": { "type": "Point", "coordinates": [ -93.415433070159565, 46.608254689238443 ] } },
{ "type": "Feature", "properties": { "DECADE": "1920", "NHGISNAM": "Alcona", "GISJOIN": "G2600010", "JOIN": "G2600010_1920", "NATIVE_POP": 45 }, "geometry": { "type": "Point", "coordinates": [ -83.593755383651583, 44.685414496148688 ] } },
{ "type": "Feature", "properties": { "DECADE": "1920", "NHGISNAM": "Alger", "GISJOIN": "G2600030", "JOIN": "G2600030_1920", "NATIVE_POP": 12 }, "geometry": { "type": "Point", "coordinates": [ -86.603842402344213, 46.408614774216332 ] } },
{ "type": "Feature", "properties": { "DECADE": "1920", "NHGISNAM": "Allegan", "GISJOIN": "G2600050", "JOIN": "G2600050_1920", "NATIVE_POP": 106 }, "geometry": { "type": "Point", "coordinates": [ -85.888413035318464, 42.591288541854304 ] } },
{ "type": "Feature", "properties": { "DECADE": "1920", "NHGISNAM": "Alpena", "GISJOIN": "G2600070", "JOIN": "G2600070_1920", "NATIVE_POP": 5 }, "geometry": { "type": "Point", "coordinates": [ -83.627672253803894, 45.034809219267331 ] } },
{ "type": "Feature", "properties": { "DECADE": "1920", "NHGISNAM": "Anoka", "GISJOIN": "G2700030", "JOIN": "G2700030_1920", "NATIVE_POP": 0 }, "geometry": { "type": "Point", "coordinates": [ -93.246452745039747, 45.27323408201174 ] } },
{ "type": "Feature", "properties": { "DECADE": "1920", "NHGISNAM": "Antrim", "GISJOIN": "G2600090", "JOIN": "G2600090_1920", "NATIVE_POP": 126 }, "geometry": { "type": "Point", "coordinates": [ -85.140284507346692, 44.999073174221934 ] } },
{ "type": "Feature", "properties": { "DECADE": "1920", "NHGISNAM": "Arenac", "GISJOIN": "G2600110", "JOIN": "G2600110_1920", "NATIVE_POP": 80 }, "geometry": { "type": "Point", "coordinates": [ -83.895006735873963, 44.065421888759765 ] } },
{ "type": "Feature", "properties": { "DECADE": "1920", "NHGISNAM": "Ashland", "GISJOIN": "G5500030", "JOIN": "G5500030_1920", "NATIVE_POP": 1288 }, "geometry": { "type": "Point", "coordinates": [ -90.678010129378194, 46.314776803098489 ] } },
{ "type": "Feature", "properties": { "DECADE": "1920", "NHGISNAM": "Baraga", "GISJOIN": "G2600130", "JOIN": "G2600130_1920", "NATIVE_POP": 420 }, "geometry": { "type": "Point", "coordinates": [ -88.365286823047242, 46.662482195469416 ] } },
{ "type": "Feature", "properties": { "DECADE": "1920", "NHGISNAM": "Barron", "GISJOIN": "G5500050", "JOIN": "G5500050_1920", "NATIVE_POP": 28 }, "geometry": { "type": "Point", "coordinates": [ -91.848309433665321, 45.423723224602099 ] } },
{ "type": "Feature", "properties": { "DECADE": "1920", "NHGISNAM": "Barry", "GISJOIN": "G2600150", "JOIN": "G2600150_1920", "NATIVE_POP": 1 }, "geometry": { "type": "Point", "coordinates": [ -85.308968240337705, 42.595027583108596 ] } },
{ "type": "Feature", "properties": { "DECADE": "1920", "NHGISNAM": "Bay", "GISJOIN": "G2600170", "JOIN": "G2600170_1920", "NATIVE_POP": 115 }, "geometry": { "type": "Point", "coordinates": [ -83.99201046509009, 43.70724590795399 ] } },
{ "type": "Feature", "properties": { "DECADE": "1920", "NHGISNAM": "Bayfield", "GISJOIN": "G5500070", "JOIN": "G5500070_1920", "NATIVE_POP": 469 }, "geometry": { "type": "Point", "coordinates": [ -91.200878387349675, 46.523647103333715 ] } },
{ "type": "Feature", "properties": { "DECADE": "1920", "NHGISNAM": "Becker", "GISJOIN": "G2700050", "JOIN": "G2700050_1920", "NATIVE_POP": 1694 }, "geometry": { "type": "Point", "coordinates": [ -95.673925588143987, 46.934649065428552 ] } },
{ "type": "Feature", "properties": { "DECADE": "1920", "NHGISNAM": "Beltrami", "GISJOIN": "G2700070", "JOIN": "G2700070_1920", "NATIVE_POP": 1580 }, "geometry": { "type": "Point", "coordinates": [ -94.925541354960231, 48.269369863371722 ] } },
{ "type": "Feature", "properties": { "DECADE": "1920", "NHGISNAM": "Benton", "GISJOIN": "G2700090", "JOIN": "G2700090_1920", "NATIVE_POP": 0 }, "geometry": { "type": "Point", "coordinates": [ -93.9988620763814, 45.699135387592058 ] } },
{ "type": "Feature", "properties": { "DECADE": "1920", "NHGISNAM": "Benzie", "GISJOIN": "G2600190", "JOIN": "G2600190_1920", "NATIVE_POP": 32 }, "geometry": { "type": "Point", "coordinates": [ -86.015521445711585, 44.63870072497636 ] } },
{ "type": "Feature", "properties": { "DECADE": "1920", "NHGISNAM": "Berrien", "GISJOIN": "G2600210", "JOIN": "G2600210_1920", "NATIVE_POP": 17 }, "geometry": { "type": "Point", "coordinates": [ -86.412279294567284, 41.954671724419796 ] } },
{ "type": "Feature", "properties": { "DECADE": "1920", "NHGISNAM": "Big Stone", "GISJOIN": "G2700110", "JOIN": "G2700110_1920", "NATIVE_POP": 0 }, "geometry": { "type": "Point", "coordinates": [ -96.410848338421388, 45.426569267140955 ] } },
{ "type": "Feature", "properties": { "DECADE": "1920", "NHGISNAM": "Blue Earth", "GISJOIN": "G2700130", "JOIN": "G2700130_1920", "NATIVE_POP": 4 }, "geometry": { "type": "Point", "coordinates": [ -94.067034366436687, 44.034588426433785 ] } },
{ "type": "Feature", "properties": { "DECADE": "1920", "NHGISNAM": "Branch", "GISJOIN": "G2600230", "JOIN": "G2600230_1920", "NATIVE_POP": 7 }, "geometry": { "type": "Point", "coordinates": [ -85.059041587716408, 41.916118332804814 ] } },
{ "type": "Feature", "properties": { "DECADE": "1920", "NHGISNAM": "Brown", "GISJOIN": "G2700150", "JOIN": "G2700150_1920", "NATIVE_POP": 0 }, "geometry": { "type": "Point", "coordinates": [ -94.727477762089009, 44.242172491538575 ] } },
{ "type": "Feature", "properties": { "DECADE": "1920", "NHGISNAM": "Brown", "GISJOIN": "G5500090", "JOIN": "G5500090_1920", "NATIVE_POP": 707 }, "geometry": { "type": "Point", "coordinates": [ -88.003732393944176, 44.452482738014055 ] } },
{ "type": "Feature", "properties": { "DECADE": "1920", "NHGISNAM": "Buffalo", "GISJOIN": "G5500110", "JOIN": "G5500110_1920", "NATIVE_POP": 0 }, "geometry": { "type": "Point", "coordinates": [ -91.754469654736496, 44.37983216688157 ] } },
{ "type": "Feature", "properties": { "DECADE": "1920", "NHGISNAM": "Burnett", "GISJOIN": "G5500130", "JOIN": "G5500130_1920", "NATIVE_POP": 100 }, "geometry": { "type": "Point", "coordinates": [ -92.367566410655243, 45.86271543683241 ] } },
{ "type": "Feature", "properties": { "DECADE": "1920", "NHGISNAM": "Calhoun", "GISJOIN": "G2600250", "JOIN": "G2600250_1920", "NATIVE_POP": 58 }, "geometry": { "type": "Point", "coordinates": [ -85.005583897896557, 42.24653934087312 ] } },
{ "type": "Feature", "properties": { "DECADE": "1920", "NHGISNAM": "Calumet", "GISJOIN": "G5500150", "JOIN": "G5500150_1920", "NATIVE_POP": 136 }, "geometry": { "type": "Point", "coordinates": [ -88.218058048068158, 44.081603583981604 ] } },
{ "type": "Feature", "properties": { "DECADE": "1920", "NHGISNAM": "Carlton", "GISJOIN": "G2700170", "JOIN": "G2700170_1920", "NATIVE_POP": 430 }, "geometry": { "type": "Point", "coordinates": [ -92.677051702057597, 46.592402502335794 ] } },
{ "type": "Feature", "properties": { "DECADE": "1920", "NHGISNAM": "Carver", "GISJOIN": "G2700190", "JOIN": "G2700190_1920", "NATIVE_POP": 0 }, "geometry": { "type": "Point", "coordinates": [ -93.802575816627424, 44.820764687547324 ] } },
{ "type": "Feature", "properties": { "DECADE": "1920", "NHGISNAM": "Cass", "GISJOIN": "G2600270", "JOIN": "G2600270_1920", "NATIVE_POP": 102 }, "geometry": { "type": "Point", "coordinates": [ -85.993457939957722, 41.915400188050363 ] } },
{ "type": "Feature", "properties": { "DECADE": "1920", "NHGISNAM": "Cass", "GISJOIN": "G2700210", "JOIN": "G2700210_1920", "NATIVE_POP": 1022 }, "geometry": { "type": "Point", "coordinates": [ -94.325354726998043, 46.949582446658205 ] } },
{ "type": "Feature", "properties": { "DECADE": "1920", "NHGISNAM": "Charlevoix", "GISJOIN": "G2600290", "JOIN": "G2600290_1920", "NATIVE_POP": 294 }, "geometry": { "type": "Point", "coordinates": [ -85.125081958613151, 45.300805114774818 ] } },
{ "type": "Feature", "properties": { "DECADE": "1920", "NHGISNAM": "Cheboygan", "GISJOIN": "G2600310", "JOIN": "G2600310_1920", "NATIVE_POP": 98 }, "geometry": { "type": "Point", "coordinates": [ -84.499870843218474, 45.446393249567855 ] } },
{ "type": "Feature", "properties": { "DECADE": "1920", "NHGISNAM": "Chippewa", "GISJOIN": "G2600330", "JOIN": "G2600330_1920", "NATIVE_POP": 486 }, "geometry": { "type": "Point", "coordinates": [ -84.592503841584005, 46.303434950140527 ] } },
{ "type": "Feature", "properties": { "DECADE": "1920", "NHGISNAM": "Chippewa", "GISJOIN": "G2700230", "JOIN": "G2700230_1920", "NATIVE_POP": 0 }, "geometry": { "type": "Point", "coordinates": [ -95.5666899472495, 45.022366403915058 ] } },
{ "type": "Feature", "properties": { "DECADE": "1920", "NHGISNAM": "Chippewa", "GISJOIN": "G5500170", "JOIN": "G5500170_1920", "NATIVE_POP": 11 }, "geometry": { "type": "Point", "coordinates": [ -91.279888660524676, 45.069404268467672 ] } },
{ "type": "Feature", "properties": { "DECADE": "1920", "NHGISNAM": "Chisago", "GISJOIN": "G2700250", "JOIN": "G2700250_1920", "NATIVE_POP": 11 }, "geometry": { "type": "Point", "coordinates": [ -92.908338581826243, 45.502465666330856 ] } },
{ "type": "Feature", "properties": { "DECADE": "1920", "NHGISNAM": "Clare", "GISJOIN": "G2600350", "JOIN": "G2600350_1920", "NATIVE_POP": 5 }, "geometry": { "type": "Point", "coordinates": [ -84.847832030671228, 43.987871678612002 ] } },
{ "type": "Feature", "properties": { "DECADE": "1920", "NHGISNAM": "Clark", "GISJOIN": "G5500190", "JOIN": "G5500190_1920", "NATIVE_POP": 94 }, "geometry": { "type": "Point", "coordinates": [ -90.612073258463269, 44.734714418794951 ] } },
{ "type": "Feature", "properties": { "DECADE": "1920", "NHGISNAM": "Clay", "GISJOIN": "G2700270", "JOIN": "G2700270_1920", "NATIVE_POP": 0 }, "geometry": { "type": "Point", "coordinates": [ -96.490646987324197, 46.892341928023832 ] } },
{ "type": "Feature", "properties": { "DECADE": "1920", "NHGISNAM": "Clearwater", "GISJOIN": "G2700290", "JOIN": "G2700290_1920", "NATIVE_POP": 357 }, "geometry": { "type": "Point", "coordinates": [ -95.379030945056428, 47.577655799393746 ] } },
{ "type": "Feature", "properties": { "DECADE": "1920", "NHGISNAM": "Clinton", "GISJOIN": "G2600370", "JOIN": "G2600370_1920", "NATIVE_POP": 0 }, "geometry": { "type": "Point", "coordinates": [ -84.601516200545603, 42.943651118796481 ] } },
{ "type": "Feature", "properties": { "DECADE": "1920", "NHGISNAM": "Columbia", "GISJOIN": "G5500210", "JOIN": "G5500210_1920", "NATIVE_POP": 5 }, "geometry": { "type": "Point", "coordinates": [ -89.333734371542747, 43.466599922797819 ] } },
{ "type": "Feature", "properties": { "DECADE": "1920", "NHGISNAM": "Cook", "GISJOIN": "G2700310", "JOIN": "G2700310_1920", "NATIVE_POP": 186 }, "geometry": { "type": "Point", "coordinates": [ -90.535590295529062, 47.902551182867136 ] } },
{ "type": "Feature", "properties": { "DECADE": "1920", "NHGISNAM": "Cottonwood", "GISJOIN": "G2700330", "JOIN": "G2700330_1920", "NATIVE_POP": 0 }, "geometry": { "type": "Point", "coordinates": [ -95.181152900154842, 44.00710630175459 ] } },
{ "type": "Feature", "properties": { "DECADE": "1920", "NHGISNAM": "Crawford", "GISJOIN": "G2600390", "JOIN": "G2600390_1920", "NATIVE_POP": 14 }, "geometry": { "type": "Point", "coordinates": [ -84.610335654718838, 44.683609842718553 ] } },
{ "type": "Feature", "properties": { "DECADE": "1920", "NHGISNAM": "Crawford", "GISJOIN": "G5500230", "JOIN": "G5500230_1920", "NATIVE_POP": 6 }, "geometry": { "type": "Point", "coordinates": [ -90.93104836696196, 43.239461118998278 ] } },
{ "type": "Feature", "properties": { "DECADE": "1920", "NHGISNAM": "Crow Wing", "GISJOIN": "G2700350", "JOIN": "G2700350_1920", "NATIVE_POP": 9 }, "geometry": { "type": "Point", "coordinates": [ -94.070878428823931, 46.482374720567577 ] } },
{ "type": "Feature", "properties": { "DECADE": "1920", "NHGISNAM": "Dakota", "GISJOIN": "G2700370", "JOIN": "G2700370_1920", "NATIVE_POP": 1 }, "geometry": { "type": "Point", "coordinates": [ -93.065440704916753, 44.671892690926086 ] } },
{ "type": "Feature", "properties": { "DECADE": "1920", "NHGISNAM": "Dane", "GISJOIN": "G5500250", "JOIN": "G5500250_1920", "NATIVE_POP": 0 }, "geometry": { "type": "Point", "coordinates": [ -89.418324010998077, 43.067349644004103 ] } },
{ "type": "Feature", "properties": { "DECADE": "1920", "NHGISNAM": "Delta", "GISJOIN": "G2600410", "JOIN": "G2600410_1920", "NATIVE_POP": 135 }, "geometry": { "type": "Point", "coordinates": [ -86.9245676280335, 45.919654967610228 ] } },
{ "type": "Feature", "properties": { "DECADE": "1920", "NHGISNAM": "Dickinson", "GISJOIN": "G2600430", "JOIN": "G2600430_1920", "NATIVE_POP": 3 }, "geometry": { "type": "Point", "coordinates": [ -87.870257370839269, 46.009237312438621 ] } },
{ "type": "Feature", "properties": { "DECADE": "1920", "NHGISNAM": "Dodge", "GISJOIN": "G2700390", "JOIN": "G2700390_1920", "NATIVE_POP": 0 }, "geometry": { "type": "Point", "coordinates": [ -92.862053289396769, 44.022588553808674 ] } },
{ "type": "Feature", "properties": { "DECADE": "1920", "NHGISNAM": "Dodge", "GISJOIN": "G5500270", "JOIN": "G5500270_1920", "NATIVE_POP": 7 }, "geometry": { "type": "Point", "coordinates": [ -88.70752418388804, 43.416301988058493 ] } },
{ "type": "Feature", "properties": { "DECADE": "1920", "NHGISNAM": "Door", "GISJOIN": "G5500290", "JOIN": "G5500290_1920", "NATIVE_POP": 0 }, "geometry": { "type": "Point", "coordinates": [ -87.316998528133126, 44.943784297471886 ] } },
{ "type": "Feature", "properties": { "DECADE": "1920", "NHGISNAM": "Douglas", "GISJOIN": "G2700410", "JOIN": "G2700410_1920", "NATIVE_POP": 0 }, "geometry": { "type": "Point", "coordinates": [ -95.453518303478532, 45.933723103704395 ] } },
{ "type": "Feature", "properties": { "DECADE": "1920", "NHGISNAM": "Douglas", "GISJOIN": "G5500310", "JOIN": "G5500310_1920", "NATIVE_POP": 184 }, "geometry": { "type": "Point", "coordinates": [ -91.914826046298586, 46.431034539692561 ] } },
{ "type": "Feature", "properties": { "DECADE": "1920", "NHGISNAM": "Dunn", "GISJOIN": "G5500330", "JOIN": "G5500330_1920", "NATIVE_POP": 7 }, "geometry": { "type": "Point", "coordinates": [ -91.896414047885742, 44.946588171771474 ] } },
{ "type": "Feature", "properties": { "DECADE": "1920", "NHGISNAM": "Eaton", "GISJOIN": "G2600450", "JOIN": "G2600450_1920", "NATIVE_POP": 0 }, "geometry": { "type": "Point", "coordinates": [ -84.838314733144202, 42.596070000972681 ] } },
{ "type": "Feature", "properties": { "DECADE": "1920", "NHGISNAM": "Eau Claire", "GISJOIN": "G5500350", "JOIN": "G5500350_1920", "NATIVE_POP": 0 }, "geometry": { "type": "Point", "coordinates": [ -91.285997728642343, 44.726769879767048 ] } },
{ "type": "Feature", "properties": { "DECADE": "1920", "NHGISNAM": "Emmet", "GISJOIN": "G2600470", "JOIN": "G2600470_1920", "NATIVE_POP": 888 }, "geometry": { "type": "Point", "coordinates": [ -84.890453150649762, 45.520444919957939 ] } },
{ "type": "Feature", "properties": { "DECADE": "1920", "NHGISNAM": "Faribault", "GISJOIN": "G2700430", "JOIN": "G2700430_1920", "NATIVE_POP": 0 }, "geometry": { "type": "Point", "coordinates": [ -93.94799814233032, 43.673929010021688 ] } },
{ "type": "Feature", "properties": { "DECADE": "1920", "NHGISNAM": "Fillmore", "GISJOIN": "G2700450", "JOIN": "G2700450_1920", "NATIVE_POP": 0 }, "geometry": { "type": "Point", "coordinates": [ -92.090167308549269, 43.673997210397744 ] } },
{ "type": "Feature", "properties": { "DECADE": "1920", "NHGISNAM": "Florence", "GISJOIN": "G5500370", "JOIN": "G5500370_1920", "NATIVE_POP": 0 }, "geometry": { "type": "Point", "coordinates": [ -88.39815537289553, 45.848463951640717 ] } },
{ "type": "Feature", "properties": { "DECADE": "1920", "NHGISNAM": "Fond Du Lac", "GISJOIN": "G5500390", "JOIN": "G5500390_1920", "NATIVE_POP": 27 }, "geometry": { "type": "Point", "coordinates": [ -88.488259553277658, 43.753590247599334 ] } },
{ "type": "Feature", "properties": { "DECADE": "1920", "NHGISNAM": "Forest", "GISJOIN": "G5500410", "JOIN": "G5500410_1920", "NATIVE_POP": 373 }, "geometry": { "type": "Point", "coordinates": [ -88.770381833195898, 45.667261377606081 ] } },
{ "type": "Feature", "properties": { "DECADE": "1920", "NHGISNAM": "Freeborn", "GISJOIN": "G2700470", "JOIN": "G2700470_1920", "NATIVE_POP": 0 }, "geometry": { "type": "Point", "coordinates": [ -93.348815685966485, 43.673844097339909 ] } },
{ "type": "Feature", "properties": { "DECADE": "1920", "NHGISNAM": "Genesee", "GISJOIN": "G2600490", "JOIN": "G2600490_1920", "NATIVE_POP": 49 }, "geometry": { "type": "Point", "coordinates": [ -83.706711027968851, 43.021723562934042 ] } },
{ "type": "Feature", "properties": { "DECADE": "1920", "NHGISNAM": "Gladwin", "GISJOIN": "G2600510", "JOIN": "G2600510_1920", "NATIVE_POP": 0 }, "geometry": { "type": "Point", "coordinates": [ -84.388245789074574, 43.990673080437041 ] } },
{ "type": "Feature", "properties": { "DECADE": "1920", "NHGISNAM": "Gogebic", "GISJOIN": "G2600530", "JOIN": "G2600530_1920", "NATIVE_POP": 11 }, "geometry": { "type": "Point", "coordinates": [ -89.694408276851675, 46.408788407606266 ] } },
{ "type": "Feature", "properties": { "DECADE": "1920", "NHGISNAM": "Goodhue", "GISJOIN": "G2700490", "JOIN": "G2700490_1920", "NATIVE_POP": 43 }, "geometry": { "type": "Point", "coordinates": [ -92.722589996139064, 44.409850230246477 ] } },
{ "type": "Feature", "properties": { "DECADE": "1920", "NHGISNAM": "Grand Traverse", "GISJOIN": "G2600550", "JOIN": "G2600550_1920", "NATIVE_POP": 50 }, "geometry": { "type": "Point", "coordinates": [ -85.56049838940578, 44.668666887645358 ] } },
{ "type": "Feature", "properties": { "DECADE": "1920", "NHGISNAM": "Grant", "GISJOIN": "G2700510", "JOIN": "G2700510_1920", "NATIVE_POP": 0 }, "geometry": { "type": "Point", "coordinates": [ -96.012181437184751, 45.934046542171544 ] } },
{ "type": "Feature", "properties": { "DECADE": "1920", "NHGISNAM": "Grant", "GISJOIN": "G5500430", "JOIN": "G5500430_1920", "NATIVE_POP": 0 }, "geometry": { "type": "Point", "coordinates": [ -90.706227635314008, 42.8674742159521 ] } },
{ "type": "Feature", "properties": { "DECADE": "1920", "NHGISNAM": "Gratiot", "GISJOIN": "G2600570", "JOIN": "G2600570_1920", "NATIVE_POP": 5 }, "geometry": { "type": "Point", "coordinates": [ -84.604911617265273, 43.292733086978259 ] } },
{ "type": "Feature", "properties": { "DECADE": "1920", "NHGISNAM": "Green", "GISJOIN": "G5500450", "JOIN": "G5500450_1920", "NATIVE_POP": 0 }, "geometry": { "type": "Point", "coordinates": [ -89.602214510935923, 42.679988344534301 ] } },
{ "type": "Feature", "properties": { "DECADE": "1920", "NHGISNAM": "Green Lake", "GISJOIN": "G5500470", "JOIN": "G5500470_1920", "NATIVE_POP": 0 }, "geometry": { "type": "Point", "coordinates": [ -89.044946919283888, 43.800358639174576 ] } },
{ "type": "Feature", "properties": { "DECADE": "1920", "NHGISNAM": "Hennepin", "GISJOIN": "G2700530", "JOIN": "G2700530_1920", "NATIVE_POP": 45 }, "geometry": { "type": "Point", "coordinates": [ -93.476864272497238, 45.004540015464066 ] } },
{ "type": "Feature", "properties": { "DECADE": "1920", "NHGISNAM": "Hillsdale", "GISJOIN": "G2600590", "JOIN": "G2600590_1920", "NATIVE_POP": 3 }, "geometry": { "type": "Point", "coordinates": [ -84.592928022714332, 41.887767279671756 ] } },
{ "type": "Feature", "properties": { "DECADE": "1920", "NHGISNAM": "Houghton", "GISJOIN": "G2600610", "JOIN": "G2600610_1920", "NATIVE_POP": 0 }, "geometry": { "type": "Point", "coordinates": [ -88.687504086664561, 46.897664212461159 ] } },
{ "type": "Feature", "properties": { "DECADE": "1920", "NHGISNAM": "Houston", "GISJOIN": "G2700550", "JOIN": "G2700550_1920", "NATIVE_POP": 5 }, "geometry": { "type": "Point", "coordinates": [ -91.492832629465127, 43.671444196142424 ] } },
{ "type": "Feature", "properties": { "DECADE": "1920", "NHGISNAM": "Hubbard", "GISJOIN": "G2700570", "JOIN": "G2700570_1920", "NATIVE_POP": 3 }, "geometry": { "type": "Point", "coordinates": [ -94.916634729838137, 47.108642649014463 ] } },
{ "type": "Feature", "properties": { "DECADE": "1920", "NHGISNAM": "Huron", "GISJOIN": "G2600630", "JOIN": "G2600630_1920", "NATIVE_POP": 0 }, "geometry": { "type": "Point", "coordinates": [ -83.019480864735783, 43.833294892896703 ] } },
{ "type": "Feature", "properties": { "DECADE": "1920", "NHGISNAM": "Ingham", "GISJOIN": "G2600650", "JOIN": "G2600650_1920", "NATIVE_POP": 16 }, "geometry": { "type": "Point", "coordinates": [ -84.373537294348935, 42.597098805667194 ] } },
{ "type": "Feature", "properties": { "DECADE": "1920", "NHGISNAM": "Ionia", "GISJOIN": "G2600670", "JOIN": "G2600670_1920", "NATIVE_POP": 18 }, "geometry": { "type": "Point", "coordinates": [ -85.074601615701084, 42.945094187469458 ] } },
{ "type": "Feature", "properties": { "DECADE": "1920", "NHGISNAM": "Iosco", "GISJOIN": "G2600690", "JOIN": "G2600690_1920", "NATIVE_POP": 20 }, "geometry": { "type": "Point", "coordinates": [ -83.635937196341033, 44.355801853265518 ] } },
{ "type": "Feature", "properties": { "DECADE": "1920", "NHGISNAM": "Iowa", "GISJOIN": "G5500490", "JOIN": "G5500490_1920", "NATIVE_POP": 1 }, "geometry": { "type": "Point", "coordinates": [ -90.135433164196215, 43.000476971496887 ] } },
{ "type": "Feature", "properties": { "DECADE": "1920", "NHGISNAM": "Iron", "GISJOIN": "G2600710", "JOIN": "G2600710_1920", "NATIVE_POP": 11 }, "geometry": { "type": "Point", "coordinates": [ -88.530546656969364, 46.208671578740379 ] } },
{ "type": "Feature", "properties": { "DECADE": "1920", "NHGISNAM": "Iron", "GISJOIN": "G5500510", "JOIN": "G5500510_1920", "NATIVE_POP": 12 }, "geometry": { "type": "Point", "coordinates": [ -90.242067486679687, 46.262272249779201 ] } },
{ "type": "Feature", "properties": { "DECADE": "1920", "NHGISNAM": "Isabella", "GISJOIN": "G2600730", "JOIN": "G2600730_1920", "NATIVE_POP": 437 }, "geometry": { "type": "Point", "coordinates": [ -84.846802217106159, 43.640596722687498 ] } },
{ "type": "Feature", "properties": { "DECADE": "1920", "NHGISNAM": "Isanti", "GISJOIN": "G2700590", "JOIN": "G2700590_1920", "NATIVE_POP": 0 }, "geometry": { "type": "Point", "coordinates": [ -93.295178806019038, 45.561485726273418 ] } },
{ "type": "Feature", "properties": { "DECADE": "1920", "NHGISNAM": "Itasca", "GISJOIN": "G2700610", "JOIN": "G2700610_1920", "NATIVE_POP": 448 }, "geometry": { "type": "Point", "coordinates": [ -93.632006114503397, 47.509527308501298 ] } },
{ "type": "Feature", "properties": { "DECADE": "1920", "NHGISNAM": "Jackson", "GISJOIN": "G2600750", "JOIN": "G2600750_1920", "NATIVE_POP": 6 }, "geometry": { "type": "Point", "coordinates": [ -84.423437332694093, 42.248487316822008 ] } },
{ "type": "Feature", "properties": { "DECADE": "1920", "NHGISNAM": "Jackson", "GISJOIN": "G2700630", "JOIN": "G2700630_1920", "NATIVE_POP": 0 }, "geometry": { "type": "Point", "coordinates": [ -95.154112867149578, 43.674171807790145 ] } },
{ "type": "Feature", "properties": { "DECADE": "1920", "NHGISNAM": "Jackson", "GISJOIN": "G5500530", "JOIN": "G5500530_1920", "NATIVE_POP": 180 }, "geometry": { "type": "Point", "coordinates": [ -90.805174864712981, 44.319130247390525 ] } },
{ "type": "Feature", "properties": { "DECADE": "1920", "NHGISNAM": "Jefferson", "GISJOIN": "G5500550", "JOIN": "G5500550_1920", "NATIVE_POP": 0 }, "geometry": { "type": "Point", "coordinates": [ -88.775873161485961, 43.020822009432884 ] } },
{ "type": "Feature", "properties": { "DECADE": "1920", "NHGISNAM": "Juneau", "GISJOIN": "G5500570", "JOIN": "G5500570_1920", "NATIVE_POP": 94 }, "geometry": { "type": "Point", "coordinates": [ -90.114017928101887, 43.924441111632781 ] } },
{ "type": "Feature", "properties": { "DECADE": "1920", "NHGISNAM": "Kalamazoo", "GISJOIN": "G2600770", "JOIN": "G2600770_1920", "NATIVE_POP": 20 }, "geometry": { "type": "Point", "coordinates": [ -85.531183515696355, 42.245453291892311 ] } },
{ "type": "Feature", "properties": { "DECADE": "1920", "NHGISNAM": "Kalkaska", "GISJOIN": "G2600790", "JOIN": "G2600790_1920", "NATIVE_POP": 73 }, "geometry": { "type": "Point", "coordinates": [ -85.090249879925025, 44.684675975235521 ] } },
{ "type": "Feature", "properties": { "DECADE": "1920", "NHGISNAM": "Kanabec", "GISJOIN": "G2700650", "JOIN": "G2700650_1920", "NATIVE_POP": 0 }, "geometry": { "type": "Point", "coordinates": [ -93.293423587908151, 45.945218455365698 ] } },
{ "type": "Feature", "properties": { "DECADE": "1920", "NHGISNAM": "Kandiyohi", "GISJOIN": "G2700670", "JOIN": "G2700670_1920", "NATIVE_POP": 0 }, "geometry": { "type": "Point", "coordinates": [ -95.004740712120181, 45.152381923345416 ] } },
{ "type": "Feature", "properties": { "DECADE": "1920", "NHGISNAM": "Kenosha", "GISJOIN": "G5500590", "JOIN": "G5500590_1920", "NATIVE_POP": 0 }, "geometry": { "type": "Point", "coordinates": [ -88.042711476798559, 42.576798853408931 ] } },
{ "type": "Feature", "properties": { "DECADE": "1920", "NHGISNAM": "Kent", "GISJOIN": "G2600810", "JOIN": "G2600810_1920", "NATIVE_POP": 29 }, "geometry": { "type": "Point", "coordinates": [ -85.549295929343486, 43.032155644630372 ] } },
{ "type": "Feature", "properties": { "DECADE": "1920", "NHGISNAM": "Kewaunee", "GISJOIN": "G5500610", "JOIN": "G5500610_1920", "NATIVE_POP": 7 }, "geometry": { "type": "Point", "coordinates": [ -87.615291567750774, 44.516112043380943 ] } },
{ "type": "Feature", "properties": { "DECADE": "1920", "NHGISNAM": "Keweenaw", "GISJOIN": "G2600830", "JOIN": "G2600830_1920", "NATIVE_POP": 0 }, "geometry": { "type": "Point", "coordinates": [ -88.426582579584093, 47.608386449827805 ] } },
{ "type": "Feature", "properties": { "DECADE": "1920", "NHGISNAM": "Kittson", "GISJOIN": "G2700690", "JOIN": "G2700690_1920", "NATIVE_POP": 11 }, "geometry": { "type": "Point", "coordinates": [ -96.782851499785281, 48.776627430059683 ] } },
{ "type": "Feature", "properties": { "DECADE": "1920", "NHGISNAM": "Koochiching", "GISJOIN": "G2700710", "JOIN": "G2700710_1920", "NATIVE_POP": 99 }, "geometry": { "type": "Point", "coordinates": [ -93.783365475361549, 48.245268309435005 ] } },
{ "type": "Feature", "properties": { "DECADE": "1920", "NHGISNAM": "La Crosse", "GISJOIN": "G5500630", "JOIN": "G5500630_1920", "NATIVE_POP": 7 }, "geometry": { "type": "Point", "coordinates": [ -91.115201544708071, 43.906532178500235 ] } },
{ "type": "Feature", "properties": { "DECADE": "1920", "NHGISNAM": "Lac Qui Parle", "GISJOIN": "G2700730", "JOIN": "G2700730_1920", "NATIVE_POP": 0 }, "geometry": { "type": "Point", "coordinates": [ -96.174032226831102, 44.996101531369646 ] } },
{ "type": "Feature", "properties": { "DECADE": "1920", "NHGISNAM": "Lafayette", "GISJOIN": "G5500650", "JOIN": "G5500650_1920", "NATIVE_POP": 0 }, "geometry": { "type": "Point", "coordinates": [ -90.131721976474836, 42.660499382908796 ] } },
{ "type": "Feature", "properties": { "DECADE": "1920", "NHGISNAM": "Lake", "GISJOIN": "G2600850", "JOIN": "G2600850_1920", "NATIVE_POP": 28 }, "geometry": { "type": "Point", "coordinates": [ -85.801692461559014, 43.990011929047029 ] } },
{ "type": "Feature", "properties": { "DECADE": "1920", "NHGISNAM": "Lake", "GISJOIN": "G2700750", "JOIN": "G2700750_1920", "NATIVE_POP": 99 }, "geometry": { "type": "Point", "coordinates": [ -91.445782745994322, 47.641024525630016 ] } },
{ "type": "Feature", "properties": { "DECADE": "1920", "NHGISNAM": "Langlade", "GISJOIN": "G5500670", "JOIN": "G5500670_1920", "NATIVE_POP": 96 }, "geometry": { "type": "Point", "coordinates": [ -89.07191239300937, 45.262365108991617 ] } },
{ "type": "Feature", "properties": { "DECADE": "1920", "NHGISNAM": "Lapeer", "GISJOIN": "G2600870", "JOIN": "G2600870_1920", "NATIVE_POP": 0 }, "geometry": { "type": "Point", "coordinates": [ -83.221783901719746, 43.090147290745001 ] } },
{ "type": "Feature", "properties": { "DECADE": "1920", "NHGISNAM": "Le Sueur", "GISJOIN": "G2700790", "JOIN": "G2700790_1920", "NATIVE_POP": 0 }, "geometry": { "type": "Point", "coordinates": [ -93.73008373170029, 44.371435448234074 ] } },
{ "type": "Feature", "properties": { "DECADE": "1920", "NHGISNAM": "Leelanau", "GISJOIN": "G2600890", "JOIN": "G2600890_1920", "NATIVE_POP": 236 }, "geometry": { "type": "Point", "coordinates": [ -85.811973257656049, 44.938367327804947 ] } },
{ "type": "Feature", "properties": { "DECADE": "1920", "NHGISNAM": "Lenawee", "GISJOIN": "G2600910", "JOIN": "G2600910_1920", "NATIVE_POP": 2 }, "geometry": { "type": "Point", "coordinates": [ -84.066364810628997, 41.895082455562466 ] } },
{ "type": "Feature", "properties": { "DECADE": "1920", "NHGISNAM": "Lincoln", "GISJOIN": "G2700810", "JOIN": "G2700810_1920", "NATIVE_POP": 0 }, "geometry": { "type": "Point", "coordinates": [ -96.267088738924599, 44.412597860803494 ] } },
{ "type": "Feature", "properties": { "DECADE": "1920", "NHGISNAM": "Lincoln", "GISJOIN": "G5500690", "JOIN": "G5500690_1920", "NATIVE_POP": 21 }, "geometry": { "type": "Point", "coordinates": [ -89.734612484258548, 45.337463671134991 ] } },
{ "type": "Feature", "properties": { "DECADE": "1920", "NHGISNAM": "Livingston", "GISJOIN": "G2600930", "JOIN": "G2600930_1920", "NATIVE_POP": 6 }, "geometry": { "type": "Point", "coordinates": [ -83.911528216594277, 42.602915863117829 ] } },
{ "type": "Feature", "properties": { "DECADE": "1920", "NHGISNAM": "Luce", "GISJOIN": "G2600950", "JOIN": "G2600950_1920", "NATIVE_POP": 103 }, "geometry": { "type": "Point", "coordinates": [ -85.54436357025196, 46.470667296319199 ] } },
{ "type": "Feature", "properties": { "DECADE": "1920", "NHGISNAM": "Lyon", "GISJOIN": "G2700830", "JOIN": "G2700830_1920", "NATIVE_POP": 0 }, "geometry": { "type": "Point", "coordinates": [ -95.838978853539217, 44.41348912796866 ] } },
{ "type": "Feature", "properties": { "DECADE": "1920", "NHGISNAM": "Mackinac", "GISJOIN": "G2600970", "JOIN": "G2600970_1920", "NATIVE_POP": 122 }, "geometry": { "type": "Point", "coordinates": [ -85.09488195972331, 46.081608214483943 ] } },
{ "type": "Feature", "properties": { "DECADE": "1920", "NHGISNAM": "Macomb", "GISJOIN": "G2600990", "JOIN": "G2600990_1920", "NATIVE_POP": 2 }, "geometry": { "type": "Point", "coordinates": [ -82.9323170650338, 42.695765557454543 ] } },
{ "type": "Feature", "properties": { "DECADE": "1920", "NHGISNAM": "Mahnomen", "GISJOIN": "G2700870", "JOIN": "G2700870_1920", "NATIVE_POP": 1405 }, "geometry": { "type": "Point", "coordinates": [ -95.809045856119468, 47.325238619342088 ] } },
{ "type": "Feature", "properties": { "DECADE": "1920", "NHGISNAM": "Manistee", "GISJOIN": "G2601010", "JOIN": "G2601010_1920", "NATIVE_POP": 87 }, "geometry": { "type": "Point", "coordinates": [ -86.056633518748228, 44.332940083830294 ] } },
{ "type": "Feature", "properties": { "DECADE": "1920", "NHGISNAM": "Manitowoc", "GISJOIN": "G5500710", "JOIN": "G5500710_1920", "NATIVE_POP": 33 }, "geometry": { "type": "Point", "coordinates": [ -87.809648012808708, 44.119941856155044 ] } },
{ "type": "Feature", "properties": { "DECADE": "1920", "NHGISNAM": "Marathon", "GISJOIN": "G5500730", "JOIN": "G5500730_1920", "NATIVE_POP": 45 }, "geometry": { "type": "Point", "coordinates": [ -89.759051643934853, 44.898286651868794 ] } },
{ "type": "Feature", "properties": { "DECADE": "1920", "NHGISNAM": "Marinette", "GISJOIN": "G5500750", "JOIN": "G5500750_1920", "NATIVE_POP": 38 }, "geometry": { "type": "Point", "coordinates": [ -88.033573122400256, 45.383158054922504 ] } },
{ "type": "Feature", "properties": { "DECADE": "1920", "NHGISNAM": "Marquette", "GISJOIN": "G2601030", "JOIN": "G2601030_1920", "NATIVE_POP": 28 }, "geometry": { "type": "Point", "coordinates": [ -87.641611509236952, 46.431275017335224 ] } },
{ "type": "Feature", "properties": { "DECADE": "1920", "NHGISNAM": "Marquette", "GISJOIN": "G5500770", "JOIN": "G5500770_1920", "NATIVE_POP": 0 }, "geometry": { "type": "Point", "coordinates": [ -89.398811928377469, 43.819605856794666 ] } },
{ "type": "Feature", "properties": { "DECADE": "1920", "NHGISNAM": "Marshall", "GISJOIN": "G2700890", "JOIN": "G2700890_1920", "NATIVE_POP": 0 }, "geometry": { "type": "Point", "coordinates": [ -96.368466634981601, 48.358125975050015 ] } },
{ "type": "Feature", "properties": { "DECADE": "1920", "NHGISNAM": "Martin", "GISJOIN": "G2700910", "JOIN": "G2700910_1920", "NATIVE_POP": 0 }, "geometry": { "type": "Point", "coordinates": [ -94.551069636657857, 43.674362583372002 ] } },
{ "type": "Feature", "properties": { "DECADE": "1920", "NHGISNAM": "Mason", "GISJOIN": "G2601050", "JOIN": "G2601050_1920", "NATIVE_POP": 139 }, "geometry": { "type": "Point", "coordinates": [ -86.249974951263525, 43.995264790430511 ] } },
{ "type": "Feature", "properties": { "DECADE": "1920", "NHGISNAM": "Mcleod", "GISJOIN": "G2700850", "JOIN": "G2700850_1920", "NATIVE_POP": 0 }, "geometry": { "type": "Point", "coordinates": [ -94.272420251126832, 44.823543945357542 ] } },
{ "type": "Feature", "properties": { "DECADE": "1920", "NHGISNAM": "Mecosta", "GISJOIN": "G2601070", "JOIN": "G2601070_1920", "NATIVE_POP": 11 }, "geometry": { "type": "Point", "coordinates": [ -85.324631377005957, 43.640796880009326 ] } },
{ "type": "Feature", "properties": { "DECADE": "1920", "NHGISNAM": "Meeker", "GISJOIN": "G2700930", "JOIN": "G2700930_1920", "NATIVE_POP": 0 }, "geometry": { "type": "Point", "coordinates": [ -94.527309488337465, 45.123115388952982 ] } },
{ "type": "Feature", "properties": { "DECADE": "1920", "NHGISNAM": "Menominee", "GISJOIN": "G2601090", "JOIN": "G2601090_1920", "NATIVE_POP": 70 }, "geometry": { "type": "Point", "coordinates": [ -87.55663348453534, 45.580107205566392 ] } },
{ "type": "Feature", "properties": { "DECADE": "1920", "NHGISNAM": "Midland", "GISJOIN": "G2601110", "JOIN": "G2601110_1920", "NATIVE_POP": 28 }, "geometry": { "type": "Point", "coordinates": [ -84.388109196434087, 43.646856437236231 ] } },
{ "type": "Feature", "properties": { "DECADE": "1920", "NHGISNAM": "Mille Lacs", "GISJOIN": "G2700950", "JOIN": "G2700950_1920", "NATIVE_POP": 278 }, "geometry": { "type": "Point", "coordinates": [ -93.63008723896445, 45.93804797058484 ] } },
{ "type": "Feature", "properties": { "DECADE": "1920", "NHGISNAM": "Milwaukee", "GISJOIN": "G5500790", "JOIN": "G5500790_1920", "NATIVE_POP": 31 }, "geometry": { "type": "Point", "coordinates": [ -87.966756028269529, 43.007143909425707 ] } },
{ "type": "Feature", "properties": { "DECADE": "1920", "NHGISNAM": "Missaukee", "GISJOIN": "G2601130", "JOIN": "G2601130_1920", "NATIVE_POP": 26 }, "geometry": { "type": "Point", "coordinates": [ -85.094676209639815, 44.33731710844161 ] } },
{ "type": "Feature", "properties": { "DECADE": "1920", "NHGISNAM": "Monroe", "GISJOIN": "G2601150", "JOIN": "G2601150_1920", "NATIVE_POP": 1 }, "geometry": { "type": "Point", "coordinates": [ -83.540059892284475, 41.92963697841865 ] } },
{ "type": "Feature", "properties": { "DECADE": "1920", "NHGISNAM": "Monroe", "GISJOIN": "G5500810", "JOIN": "G5500810_1920", "NATIVE_POP": 126 }, "geometry": { "type": "Point", "coordinates": [ -90.617863175723613, 43.945746636886724 ] } },
{ "type": "Feature", "properties": { "DECADE": "1920", "NHGISNAM": "Montcalm", "GISJOIN": "G2601170", "JOIN": "G2601170_1920", "NATIVE_POP": 0 }, "geometry": { "type": "Point", "coordinates": [ -85.152516170753643, 43.310955178348756 ] } },
{ "type": "Feature", "properties": { "DECADE": "1920", "NHGISNAM": "Montmorency", "GISJOIN": "G2601190", "JOIN": "G2601190_1920", "NATIVE_POP": 9 }, "geometry": { "type": "Point", "coordinates": [ -84.127207206821524, 45.02754731951245 ] } },
{ "type": "Feature", "properties": { "DECADE": "1920", "NHGISNAM": "Morrison", "GISJOIN": "G2700970", "JOIN": "G2700970_1920", "NATIVE_POP": 1 }, "geometry": { "type": "Point", "coordinates": [ -94.268440312535631, 46.012632648004093 ] } },
{ "type": "Feature", "properties": { "DECADE": "1920", "NHGISNAM": "Mower", "GISJOIN": "G2700990", "JOIN": "G2700990_1920", "NATIVE_POP": 0 }, "geometry": { "type": "Point", "coordinates": [ -92.752512948363432, 43.671469805701769 ] } },
{ "type": "Feature", "properties": { "DECADE": "1920", "NHGISNAM": "Murray", "GISJOIN": "G2701010", "JOIN": "G2701010_1920", "NATIVE_POP": 0 }, "geometry": { "type": "Point", "coordinates": [ -95.763274981832637, 44.022121976991428 ] } },
{ "type": "Feature", "properties": { "DECADE": "1920", "NHGISNAM": "Muskegon", "GISJOIN": "G2601210", "JOIN": "G2601210_1920", "NATIVE_POP": 76 }, "geometry": { "type": "Point", "coordinates": [ -86.152056382707045, 43.291223904083289 ] } },
{ "type": "Feature", "properties": { "DECADE": "1920", "NHGISNAM": "Newaygo", "GISJOIN": "G2601230", "JOIN": "G2601230_1920", "NATIVE_POP": 0 }, "geometry": { "type": "Point", "coordinates": [ -85.800923436216237, 43.554165911152332 ] } },
{ "type": "Feature", "properties": { "DECADE": "1920", "NHGISNAM": "Nicollet", "GISJOIN": "G2701030", "JOIN": "G2701030_1920", "NATIVE_POP": 0 }, "geometry": { "type": "Point", "coordinates": [ -94.247276872442896, 44.349880602087879 ] } },
{ "type": "Feature", "properties": { "DECADE": "1920", "NHGISNAM": "Nobles", "GISJOIN": "G2701050", "JOIN": "G2701050_1920", "NATIVE_POP": 0 }, "geometry": { "type": "Point", "coordinates": [ -95.753388456832226, 43.674238751492247 ] } },
{ "type": "Feature", "properties": { "DECADE": "1920", "NHGISNAM": "Norman", "GISJOIN": "G2701070", "JOIN": "G2701070_1920", "NATIVE_POP": 0 }, "geometry": { "type": "Point", "coordinates": [ -96.455275026126998, 47.326479730615276 ] } },
{ "type": "Feature", "properties": { "DECADE": "1920", "NHGISNAM": "Oakland", "GISJOIN": "G2601250", "JOIN": "G2601250_1920", "NATIVE_POP": 4 }, "geometry": { "type": "Point", "coordinates": [ -83.385817914689753, 42.66040092272813 ] } },
{ "type": "Feature", "properties": { "DECADE": "1920", "NHGISNAM": "Oceana", "GISJOIN": "G2601270", "JOIN": "G2601270_1920", "NATIVE_POP": 209 }, "geometry": { "type": "Point", "coordinates": [ -86.267602731857451, 43.640917137424864 ] } },
{ "type": "Feature", "properties": { "DECADE": "1920", "NHGISNAM": "Oconto", "GISJOIN": "G5500830", "JOIN": "G5500830_1920", "NATIVE_POP": 319 }, "geometry": { "type": "Point", "coordinates": [ -88.296485269085068, 45.022301210636492 ] } },
{ "type": "Feature", "properties": { "DECADE": "1920", "NHGISNAM": "Ogemaw", "GISJOIN": "G2601290", "JOIN": "G2601290_1920", "NATIVE_POP": 0 }, "geometry": { "type": "Point", "coordinates": [ -84.126414304694009, 44.33493803657997 ] } },
{ "type": "Feature", "properties": { "DECADE": "1920", "NHGISNAM": "Olmsted", "GISJOIN": "G2701090", "JOIN": "G2701090_1920", "NATIVE_POP": 0 }, "geometry": { "type": "Point", "coordinates": [ -92.401760817559051, 44.003732709694482 ] } },
{ "type": "Feature", "properties": { "DECADE": "1920", "NHGISNAM": "Oneida", "GISJOIN": "G5500850", "JOIN": "G5500850_1920", "NATIVE_POP": 39 }, "geometry": { "type": "Point", "coordinates": [ -89.521713487101437, 45.705593926149852 ] } },
{ "type": "Feature", "properties": { "DECADE": "1920", "NHGISNAM": "Ontonagon", "GISJOIN": "G2601310", "JOIN": "G2601310_1920", "NATIVE_POP": 6 }, "geometry": { "type": "Point", "coordinates": [ -89.314993622653787, 46.664315015865796 ] } },
{ "type": "Feature", "properties": { "DECADE": "1920", "NHGISNAM": "Osceola", "GISJOIN": "G2601330", "JOIN": "G2601330_1920", "NATIVE_POP": 6 }, "geometry": { "type": "Point", "coordinates": [ -85.325274987508053, 43.989868768405394 ] } },
{ "type": "Feature", "properties": { "DECADE": "1920", "NHGISNAM": "Oscoda", "GISJOIN": "G2601350", "JOIN": "G2601350_1920", "NATIVE_POP": 0 }, "geometry": { "type": "Point", "coordinates": [ -84.129735082028688, 44.681745389742332 ] } },
{ "type": "Feature", "properties": { "DECADE": "1920", "NHGISNAM": "Otsego", "GISJOIN": "G2601370", "JOIN": "G2601370_1920", "NATIVE_POP": 18 }, "geometry": { "type": "Point", "coordinates": [ -84.599001846496137, 45.021433866743102 ] } },
{ "type": "Feature", "properties": { "DECADE": "1920", "NHGISNAM": "Ottawa", "GISJOIN": "G2601390", "JOIN": "G2601390_1920", "NATIVE_POP": 0 }, "geometry": { "type": "Point", "coordinates": [ -85.996116597943981, 42.959847307964658 ] } },
{ "type": "Feature", "properties": { "DECADE": "1920", "NHGISNAM": "Otter Tail", "GISJOIN": "G2701110", "JOIN": "G2701110_1920", "NATIVE_POP": 6 }, "geometry": { "type": "Point", "coordinates": [ -95.708001683459628, 46.408796056782492 ] } },
{ "type": "Feature", "properties": { "DECADE": "1920", "NHGISNAM": "Outagamie", "GISJOIN": "G5500870", "JOIN": "G5500870_1920", "NATIVE_POP": 943 }, "geometry": { "type": "Point", "coordinates": [ -88.464941862481766, 44.416095308143191 ] } },
{ "type": "Feature", "properties": { "DECADE": "1920", "NHGISNAM": "Ozaukee", "GISJOIN": "G5500890", "JOIN": "G5500890_1920", "NATIVE_POP": 0 }, "geometry": { "type": "Point", "coordinates": [ -87.950820495422718, 43.384069033071036 ] } },
{ "type": "Feature", "properties": { "DECADE": "1920", "NHGISNAM": "Pennington", "GISJOIN": "G2701130", "JOIN": "G2701130_1920", "NATIVE_POP": 0 }, "geometry": { "type": "Point", "coordinates": [ -96.036668385778867, 48.06623212650215 ] } },
{ "type": "Feature", "properties": { "DECADE": "1920", "NHGISNAM": "Pepin", "GISJOIN": "G5500910", "JOIN": "G5500910_1920", "NATIVE_POP": 0 }, "geometry": { "type": "Point", "coordinates": [ -92.001561440373536, 44.582914105789783 ] } },
{ "type": "Feature", "properties": { "DECADE": "1920", "NHGISNAM": "Pierce", "GISJOIN": "G5500930", "JOIN": "G5500930_1920", "NATIVE_POP": 0 }, "geometry": { "type": "Point", "coordinates": [ -92.42248511376313, 44.719630658020776 ] } },
{ "type": "Feature", "properties": { "DECADE": "1920", "NHGISNAM": "Pine", "GISJOIN": "G2701150", "JOIN": "G2701150_1920", "NATIVE_POP": 198 }, "geometry": { "type": "Point", "coordinates": [ -92.741270017689686, 46.120767625988478 ] } },
{ "type": "Feature", "properties": { "DECADE": "1920", "NHGISNAM": "Pipestone", "GISJOIN": "G2701170", "JOIN": "G2701170_1920", "NATIVE_POP": 23 }, "geometry": { "type": "Point", "coordinates": [ -96.258644562371686, 44.022995170209917 ] } },
{ "type": "Feature", "properties": { "DECADE": "1920", "NHGISNAM": "Polk", "GISJOIN": "G2701190", "JOIN": "G2701190_1920", "NATIVE_POP": 3 }, "geometry": { "type": "Point", "coordinates": [ -96.401812097750536, 47.773857905131621 ] } },
{ "type": "Feature", "properties": { "DECADE": "1920", "NHGISNAM": "Polk", "GISJOIN": "G5500950", "JOIN": "G5500950_1920", "NATIVE_POP": 61 }, "geometry": { "type": "Point", "coordinates": [ -92.44139461855633, 45.461418858569786 ] } },
{ "type": "Feature", "properties": { "DECADE": "1920", "NHGISNAM": "Pope", "GISJOIN": "G2701210", "JOIN": "G2701210_1920", "NATIVE_POP": 0 }, "geometry": { "type": "Point", "coordinates": [ -95.444484060759564, 45.58603028577491 ] } },
{ "type": "Feature", "properties": { "DECADE": "1920", "NHGISNAM": "Portage", "GISJOIN": "G5500970", "JOIN": "G5500970_1920", "NATIVE_POP": 0 }, "geometry": { "type": "Point", "coordinates": [ -89.501410317651519, 44.476046708609253 ] } },
{ "type": "Feature", "properties": { "DECADE": "1920", "NHGISNAM": "Presque Isle", "GISJOIN": "G2601410", "JOIN": "G2601410_1920", "NATIVE_POP": 5 }, "geometry": { "type": "Point", "coordinates": [ -83.917831737285454, 45.34016392115327 ] } },
{ "type": "Feature", "properties": { "DECADE": "1920", "NHGISNAM": "Price", "GISJOIN": "G5500990", "JOIN": "G5500990_1920", "NATIVE_POP": 1 }, "geometry": { "type": "Point", "coordinates": [ -90.361387802641119, 45.680429777192479 ] } },
{ "type": "Feature", "properties": { "DECADE": "1920", "NHGISNAM": "Racine", "GISJOIN": "G5501010", "JOIN": "G5501010_1920", "NATIVE_POP": 12 }, "geometry": { "type": "Point", "coordinates": [ -88.061131974507248, 42.747481173420105 ] } },
{ "type": "Feature", "properties": { "DECADE": "1920", "NHGISNAM": "Ramsey", "GISJOIN": "G2701230", "JOIN": "G2701230_1920", "NATIVE_POP": 32 }, "geometry": { "type": "Point", "coordinates": [ -93.09960213337817, 45.017062123848355 ] } },
{ "type": "Feature", "properties": { "DECADE": "1920", "NHGISNAM": "Red Lake", "GISJOIN": "G2701250", "JOIN": "G2701250_1920", "NATIVE_POP": null }, "geometry": { "type": "Point", "coordinates": [ -96.095303731199735, 47.87169437866897 ] } },
{ "type": "Feature", "properties": { "DECADE": "1920", "NHGISNAM": "Redwood", "GISJOIN": "G2701270", "JOIN": "G2701270_1920", "NATIVE_POP": 137 }, "geometry": { "type": "Point", "coordinates": [ -95.253834816566268, 44.403660796973611 ] } },
{ "type": "Feature", "properties": { "DECADE": "1920", "NHGISNAM": "Renville", "GISJOIN": "G2701290", "JOIN": "G2701290_1920", "NATIVE_POP": 8 }, "geometry": { "type": "Point", "coordinates": [ -94.947168543077836, 44.726817621660743 ] } },
{ "type": "Feature", "properties": { "DECADE": "1920", "NHGISNAM": "Rice", "GISJOIN": "G2701310", "JOIN": "G2701310_1920", "NATIVE_POP": 2 }, "geometry": { "type": "Point", "coordinates": [ -93.296677480617433, 44.35426145210225 ] } },
{ "type": "Feature", "properties": { "DECADE": "1920", "NHGISNAM": "Richland", "GISJOIN": "G5501030", "JOIN": "G5501030_1920", "NATIVE_POP": 0 }, "geometry": { "type": "Point", "coordinates": [ -90.429489903296258, 43.375626845066236 ] } },
{ "type": "Feature", "properties": { "DECADE": "1920", "NHGISNAM": "Rock", "GISJOIN": "G2701330", "JOIN": "G2701330_1920", "NATIVE_POP": 0 }, "geometry": { "type": "Point", "coordinates": [ -96.253209002569619, 43.674631542443784 ] } },
{ "type": "Feature", "properties": { "DECADE": "1920", "NHGISNAM": "Rock", "GISJOIN": "G5501050", "JOIN": "G5501050_1920", "NATIVE_POP": 8 }, "geometry": { "type": "Point", "coordinates": [ -89.071578501797717, 42.671223766313766 ] } },
{ "type": "Feature", "properties": { "DECADE": "1920", "NHGISNAM": "Roscommon", "GISJOIN": "G2601430", "JOIN": "G2601430_1920", "NATIVE_POP": 0 }, "geometry": { "type": "Point", "coordinates": [ -84.611599836047262, 44.33560774617019 ] } },
{ "type": "Feature", "properties": { "DECADE": "1920", "NHGISNAM": "Roseau", "GISJOIN": "G2701350", "JOIN": "G2701350_1920", "NATIVE_POP": 9 }, "geometry": { "type": "Point", "coordinates": [ -95.810790174758111, 48.775147211882128 ] } },
{ "type": "Feature", "properties": { "DECADE": "1920", "NHGISNAM": "Rusk", "GISJOIN": "G5501070", "JOIN": "G5501070_1920", "NATIVE_POP": 41 }, "geometry": { "type": "Point", "coordinates": [ -91.133114360136631, 45.475135571560507 ] } },
{ "type": "Feature", "properties": { "DECADE": "1920", "NHGISNAM": "Saginaw", "GISJOIN": "G2601450", "JOIN": "G2601450_1920", "NATIVE_POP": 154 }, "geometry": { "type": "Point", "coordinates": [ -84.053187039163561, 43.335028744293211 ] } },
{ "type": "Feature", "properties": { "DECADE": "1920", "NHGISNAM": "Sanilac", "GISJOIN": "G2601510", "JOIN": "G2601510_1920", "NATIVE_POP": 0 }, "geometry": { "type": "Point", "coordinates": [ -82.820131619135609, 43.423563219781983 ] } },
{ "type": "Feature", "properties": { "DECADE": "1920", "NHGISNAM": "Sauk", "GISJOIN": "G5501110", "JOIN": "G5501110_1920", "NATIVE_POP": 1 }, "geometry": { "type": "Point", "coordinates": [ -89.948371749009624, 43.42677001778533 ] } },
{ "type": "Feature", "properties": { "DECADE": "1920", "NHGISNAM": "Sawyer", "GISJOIN": "G5501130", "JOIN": "G5501130_1920", "NATIVE_POP": 879 }, "geometry": { "type": "Point", "coordinates": [ -91.144671674172514, 45.879971177175342 ] } },
{ "type": "Feature", "properties": { "DECADE": "1920", "NHGISNAM": "Schoolcraft", "GISJOIN": "G2601530", "JOIN": "G2601530_1920", "NATIVE_POP": 54 }, "geometry": { "type": "Point", "coordinates": [ -86.199613310858467, 46.196571929039123 ] } },
{ "type": "Feature", "properties": { "DECADE": "1920", "NHGISNAM": "Scott", "GISJOIN": "G2701390", "JOIN": "G2701390_1920", "NATIVE_POP": 7 }, "geometry": { "type": "Point", "coordinates": [ -93.535927163517698, 44.648415547949114 ] } },
{ "type": "Feature", "properties": { "DECADE": "1920", "NHGISNAM": "Shawano", "GISJOIN": "G5501150", "JOIN": "G5501150_1920", "NATIVE_POP": 2380 }, "geometry": { "type": "Point", "coordinates": [ -88.768461426944441, 44.838082046788898 ] } },
{ "type": "Feature", "properties": { "DECADE": "1920", "NHGISNAM": "Sheboygan", "GISJOIN": "G5501170", "JOIN": "G5501170_1920", "NATIVE_POP": 1 }, "geometry": { "type": "Point", "coordinates": [ -87.945422112298289, 43.721165816029277 ] } },
{ "type": "Feature", "properties": { "DECADE": "1920", "NHGISNAM": "Sherburne", "GISJOIN": "G2701410", "JOIN": "G2701410_1920", "NATIVE_POP": 5 }, "geometry": { "type": "Point", "coordinates": [ -93.774581062011492, 45.443956293986012 ] } },
{ "type": "Feature", "properties": { "DECADE": "1920", "NHGISNAM": "Shiawassee", "GISJOIN": "G2601550", "JOIN": "G2601550_1920", "NATIVE_POP": 0 }, "geometry": { "type": "Point", "coordinates": [ -84.146733126857825, 42.953734757756074 ] } },
{ "type": "Feature", "properties": { "DECADE": "1920", "NHGISNAM": "Sibley", "GISJOIN": "G2701430", "JOIN": "G2701430_1920", "NATIVE_POP": 0 }, "geometry": { "type": "Point", "coordinates": [ -94.232137721079255, 44.579488466106241 ] } },
{ "type": "Feature", "properties": { "DECADE": "1920", "NHGISNAM": "St Clair", "GISJOIN": "G2601470", "JOIN": "G2601470_1920", "NATIVE_POP": 19 }, "geometry": { "type": "Point", "coordinates": [ -82.683233559526855, 42.94184560369137 ] } },
{ "type": "Feature", "properties": { "DECADE": "1920", "NHGISNAM": "St Croix", "GISJOIN": "G5501090", "JOIN": "G5501090_1920", "NATIVE_POP": 0 }, "geometry": { "type": "Point", "coordinates": [ -92.452782989231522, 45.034067205000945 ] } },
{ "type": "Feature", "properties": { "DECADE": "1920", "NHGISNAM": "St Joseph", "GISJOIN": "G2601490", "JOIN": "G2601490_1920", "NATIVE_POP": 3 }, "geometry": { "type": "Point", "coordinates": [ -85.527742367786587, 41.914414243025789 ] } },
{ "type": "Feature", "properties": { "DECADE": "1920", "NHGISNAM": "St. Louis", "GISJOIN": "G2701370", "JOIN": "G2701370_1920", "NATIVE_POP": 459 }, "geometry": { "type": "Point", "coordinates": [ -92.471058810243477, 47.604157593459846 ] } },
{ "type": "Feature", "properties": { "DECADE": "1920", "NHGISNAM": "Stearns", "GISJOIN": "G2701450", "JOIN": "G2701450_1920", "NATIVE_POP": 0 }, "geometry": { "type": "Point", "coordinates": [ -94.613023295422892, 45.552151049702601 ] } },
{ "type": "Feature", "properties": { "DECADE": "1920", "NHGISNAM": "Steele", "GISJOIN": "G2701470", "JOIN": "G2701470_1920", "NATIVE_POP": 3 }, "geometry": { "type": "Point", "coordinates": [ -93.22604110276832, 44.02234375989056 ] } },
{ "type": "Feature", "properties": { "DECADE": "1920", "NHGISNAM": "Stevens", "GISJOIN": "G2701490", "JOIN": "G2701490_1920", "NATIVE_POP": 0 }, "geometry": { "type": "Point", "coordinates": [ -96.000302726066806, 45.586125681449317 ] } },
{ "type": "Feature", "properties": { "DECADE": "1920", "NHGISNAM": "Swift", "GISJOIN": "G2701510", "JOIN": "G2701510_1920", "NATIVE_POP": 0 }, "geometry": { "type": "Point", "coordinates": [ -95.6814266241323, 45.282714289693502 ] } },
{ "type": "Feature", "properties": { "DECADE": "1920", "NHGISNAM": "Taylor", "GISJOIN": "G5501190", "JOIN": "G5501190_1920", "NATIVE_POP": 2 }, "geometry": { "type": "Point", "coordinates": [ -90.501200477615214, 45.211557268528331 ] } },
{ "type": "Feature", "properties": { "DECADE": "1920", "NHGISNAM": "Todd", "GISJOIN": "G2701530", "JOIN": "G2701530_1920", "NATIVE_POP": 0 }, "geometry": { "type": "Point", "coordinates": [ -94.897615195602128, 46.070605846052082 ] } },
{ "type": "Feature", "properties": { "DECADE": "1920", "NHGISNAM": "Traverse", "GISJOIN": "G2701550", "JOIN": "G2701550_1920", "NATIVE_POP": 0 }, "geometry": { "type": "Point", "coordinates": [ -96.471641155395446, 45.772185854440792 ] } },
{ "type": "Feature", "properties": { "DECADE": "1920", "NHGISNAM": "Trempealeau", "GISJOIN": "G5501210", "JOIN": "G5501210_1920", "NATIVE_POP": 2 }, "geometry": { "type": "Point", "coordinates": [ -91.358463799917416, 44.303947269870463 ] } },
{ "type": "Feature", "properties": { "DECADE": "1920", "NHGISNAM": "Tuscola", "GISJOIN": "G2601570", "JOIN": "G2601570_1920", "NATIVE_POP": 48 }, "geometry": { "type": "Point", "coordinates": [ -83.416777744616354, 43.464116369489673 ] } },
{ "type": "Feature", "properties": { "DECADE": "1920", "NHGISNAM": "Van Buren", "GISJOIN": "G2601590", "JOIN": "G2601590_1920", "NATIVE_POP": 105 }, "geometry": { "type": "Point", "coordinates": [ -86.018906986229311, 42.251299380164362 ] } },
{ "type": "Feature", "properties": { "DECADE": "1920", "NHGISNAM": "Vernon", "GISJOIN": "G5501230", "JOIN": "G5501230_1920", "NATIVE_POP": 7 }, "geometry": { "type": "Point", "coordinates": [ -90.834383988787081, 43.593865496624744 ] } },
{ "type": "Feature", "properties": { "DECADE": "1920", "NHGISNAM": "Vilas", "GISJOIN": "G5501250", "JOIN": "G5501250_1920", "NATIVE_POP": 535 }, "geometry": { "type": "Point", "coordinates": [ -89.514767975036719, 46.05288783952912 ] } },
{ "type": "Feature", "properties": { "DECADE": "1920", "NHGISNAM": "Wabasha", "GISJOIN": "G2701570", "JOIN": "G2701570_1920", "NATIVE_POP": 0 }, "geometry": { "type": "Point", "coordinates": [ -92.230296672822362, 44.284270587440517 ] } },
{ "type": "Feature", "properties": { "DECADE": "1920", "NHGISNAM": "Wadena", "GISJOIN": "G2701590", "JOIN": "G2701590_1920", "NATIVE_POP": 0 }, "geometry": { "type": "Point", "coordinates": [ -94.969431373377532, 46.585763441172887 ] } },
{ "type": "Feature", "properties": { "DECADE": "1920", "NHGISNAM": "Walworth", "GISJOIN": "G5501270", "JOIN": "G5501270_1920", "NATIVE_POP": 0 }, "geometry": { "type": "Point", "coordinates": [ -88.541922050348504, 42.668477331201302 ] } },
{ "type": "Feature", "properties": { "DECADE": "1920", "NHGISNAM": "Waseca", "GISJOIN": "G2701610", "JOIN": "G2701610_1920", "NATIVE_POP": 1 }, "geometry": { "type": "Point", "coordinates": [ -93.587283402560928, 44.02212317724716 ] } },
{ "type": "Feature", "properties": { "DECADE": "1920", "NHGISNAM": "Washburn", "GISJOIN": "G5501290", "JOIN": "G5501290_1920", "NATIVE_POP": 70 }, "geometry": { "type": "Point", "coordinates": [ -91.791234007954529, 45.899179686931518 ] } },
{ "type": "Feature", "properties": { "DECADE": "1920", "NHGISNAM": "Washington", "GISJOIN": "G2701630", "JOIN": "G2701630_1920", "NATIVE_POP": 2 }, "geometry": { "type": "Point", "coordinates": [ -92.883956062216711, 45.038732820408264 ] } },
{ "type": "Feature", "properties": { "DECADE": "1920", "NHGISNAM": "Washington", "GISJOIN": "G5501310", "JOIN": "G5501310_1920", "NATIVE_POP": 0 }, "geometry": { "type": "Point", "coordinates": [ -88.230781325055773, 43.368471158424725 ] } },
{ "type": "Feature", "properties": { "DECADE": "1920", "NHGISNAM": "Washtenaw", "GISJOIN": "G2601610", "JOIN": "G2601610_1920", "NATIVE_POP": 5 }, "geometry": { "type": "Point", "coordinates": [ -83.838770695724946, 42.253225589733439 ] } },
{ "type": "Feature", "properties": { "DECADE": "1920", "NHGISNAM": "Watonwan", "GISJOIN": "G2701650", "JOIN": "G2701650_1920", "NATIVE_POP": 0 }, "geometry": { "type": "Point", "coordinates": [ -94.614061023558762, 43.978427705286435 ] } },
{ "type": "Feature", "properties": { "DECADE": "1920", "NHGISNAM": "Waukesha", "GISJOIN": "G5501330", "JOIN": "G5501330_1920", "NATIVE_POP": 3 }, "geometry": { "type": "Point", "coordinates": [ -88.304537215816907, 43.01818281119175 ] } },
{ "type": "Feature", "properties": { "DECADE": "1920", "NHGISNAM": "Waupaca", "GISJOIN": "G5501350", "JOIN": "G5501350_1920", "NATIVE_POP": 9 }, "geometry": { "type": "Point", "coordinates": [ -88.964819829815141, 44.470424831800948 ] } },
{ "type": "Feature", "properties": { "DECADE": "1920", "NHGISNAM": "Waushara", "GISJOIN": "G5501370", "JOIN": "G5501370_1920", "NATIVE_POP": 0 }, "geometry": { "type": "Point", "coordinates": [ -89.242877745065528, 44.11312635714367 ] } },
{ "type": "Feature", "properties": { "DECADE": "1920", "NHGISNAM": "Wayne", "GISJOIN": "G2601630", "JOIN": "G2601630_1920", "NATIVE_POP": 5 }, "geometry": { "type": "Point", "coordinates": [ -83.286677258457985, 42.284188118537074 ] } },
{ "type": "Feature", "properties": { "DECADE": "1920", "NHGISNAM": "Wexford", "GISJOIN": "G2601650", "JOIN": "G2601650_1920", "NATIVE_POP": 10 }, "geometry": { "type": "Point", "coordinates": [ -85.578418023715003, 44.338355485282925 ] } },
{ "type": "Feature", "properties": { "DECADE": "1920", "NHGISNAM": "Wilkin", "GISJOIN": "G2701670", "JOIN": "G2701670_1920", "NATIVE_POP": 0 }, "geometry": { "type": "Point", "coordinates": [ -96.468346156459361, 46.357079289199433 ] } },
{ "type": "Feature", "properties": { "DECADE": "1920", "NHGISNAM": "Winnebago", "GISJOIN": "G5501390", "JOIN": "G5501390_1920", "NATIVE_POP": 61 }, "geometry": { "type": "Point", "coordinates": [ -88.644656572894604, 44.068879200321646 ] } },
{ "type": "Feature", "properties": { "DECADE": "1920", "NHGISNAM": "Winona", "GISJOIN": "G2701690", "JOIN": "G2701690_1920", "NATIVE_POP": 1 }, "geometry": { "type": "Point", "coordinates": [ -91.779128632432716, 43.986848154087269 ] } },
{ "type": "Feature", "properties": { "DECADE": "1920", "NHGISNAM": "Wood", "GISJOIN": "G5501410", "JOIN": "G5501410_1920", "NATIVE_POP": 90 }, "geometry": { "type": "Point", "coordinates": [ -90.041560492952584, 44.455320426570552 ] } },
{ "type": "Feature", "properties": { "DECADE": "1920", "NHGISNAM": "Wright", "GISJOIN": "G2701710", "JOIN": "G2701710_1920", "NATIVE_POP": 0 }, "geometry": { "type": "Point", "coordinates": [ -93.963030908105097, 45.173923906077455 ] } },
{ "type": "Feature", "properties": { "DECADE": "1920", "NHGISNAM": "Yellow Medicine", "GISJOIN": "G2701730", "JOIN": "G2701730_1920", "NATIVE_POP": 68 }, "geometry": { "type": "Point", "coordinates": [ -95.86834103387757, 44.71625532551856 ] } },
{ "type": "Feature", "properties": { "DECADE": "1930", "NHGISNAM": "Benton", "GISJOIN": "G2700090", "JOIN": "G2700090_1930", "NATIVE_POP": 0 }, "geometry": { "type": "Point", "coordinates": [ -93.998797205894078, 45.699096350929885 ] } },
{ "type": "Feature", "properties": { "DECADE": "1930", "NHGISNAM": "Benzie", "GISJOIN": "G2600190", "JOIN": "G2600190_1930", "NATIVE_POP": 48 }, "geometry": { "type": "Point", "coordinates": [ -86.015551275724576, 44.638659427983661 ] } },
{ "type": "Feature", "properties": { "DECADE": "1930", "NHGISNAM": "Kenosha", "GISJOIN": "G5500590", "JOIN": "G5500590_1930", "NATIVE_POP": 0 }, "geometry": { "type": "Point", "coordinates": [ -88.042738895494779, 42.576830136378511 ] } },
{ "type": "Feature", "properties": { "DECADE": "1930", "NHGISNAM": "Dane", "GISJOIN": "G5500250", "JOIN": "G5500250_1930", "NATIVE_POP": 11 }, "geometry": { "type": "Point", "coordinates": [ -89.418333305309147, 43.067300459792186 ] } },
{ "type": "Feature", "properties": { "DECADE": "1930", "NHGISNAM": "Charlevoix", "GISJOIN": "G2600290", "JOIN": "G2600290_1930", "NATIVE_POP": 261 }, "geometry": { "type": "Point", "coordinates": [ -85.123962587096869, 45.300413618436842 ] } },
{ "type": "Feature", "properties": { "DECADE": "1930", "NHGISNAM": "Kent", "GISJOIN": "G2600810", "JOIN": "G2600810_1930", "NATIVE_POP": 157 }, "geometry": { "type": "Point", "coordinates": [ -85.549289011023319, 43.031839833158003 ] } },
{ "type": "Feature", "properties": { "DECADE": "1930", "NHGISNAM": "Morrison", "GISJOIN": "G2700970", "JOIN": "G2700970_1930", "NATIVE_POP": 28 }, "geometry": { "type": "Point", "coordinates": [ -94.268207917653328, 46.012533004914737 ] } },
{ "type": "Feature", "properties": { "DECADE": "1930", "NHGISNAM": "Pipestone", "GISJOIN": "G2701170", "JOIN": "G2701170_1930", "NATIVE_POP": 56 }, "geometry": { "type": "Point", "coordinates": [ -96.258644512314476, 44.02286469987849 ] } },
{ "type": "Feature", "properties": { "DECADE": "1930", "NHGISNAM": "Sauk", "GISJOIN": "G5501110", "JOIN": "G5501110_1930", "NATIVE_POP": 27 }, "geometry": { "type": "Point", "coordinates": [ -89.948377373272891, 43.426595906535603 ] } },
{ "type": "Feature", "properties": { "DECADE": "1930", "NHGISNAM": "Carlton", "GISJOIN": "G2700170", "JOIN": "G2700170_1930", "NATIVE_POP": 486 }, "geometry": { "type": "Point", "coordinates": [ -92.677036496649194, 46.592381540608081 ] } },
{ "type": "Feature", "properties": { "DECADE": "1930", "NHGISNAM": "Pine", "GISJOIN": "G2701150", "JOIN": "G2701150_1930", "NATIVE_POP": 186 }, "geometry": { "type": "Point", "coordinates": [ -92.741823173010118, 46.120296448241184 ] } },
{ "type": "Feature", "properties": { "DECADE": "1930", "NHGISNAM": "Livingston", "GISJOIN": "G2600930", "JOIN": "G2600930_1930", "NATIVE_POP": 19 }, "geometry": { "type": "Point", "coordinates": [ -83.911517932742683, 42.602813373325567 ] } },
{ "type": "Feature", "properties": { "DECADE": "1930", "NHGISNAM": "Barron", "GISJOIN": "G5500050", "JOIN": "G5500050_1930", "NATIVE_POP": 51 }, "geometry": { "type": "Point", "coordinates": [ -91.848308270035901, 45.423550572932449 ] } },
{ "type": "Feature", "properties": { "DECADE": "1930", "NHGISNAM": "Monroe", "GISJOIN": "G2601150", "JOIN": "G2601150_1930", "NATIVE_POP": 0 }, "geometry": { "type": "Point", "coordinates": [ -83.540192588860208, 41.929555118573468 ] } },
{ "type": "Feature", "properties": { "DECADE": "1930", "NHGISNAM": "Sawyer", "GISJOIN": "G5501130", "JOIN": "G5501130_1930", "NATIVE_POP": 1055 }, "geometry": { "type": "Point", "coordinates": [ -91.144454744364751, 45.879779996103856 ] } },
{ "type": "Feature", "properties": { "DECADE": "1930", "NHGISNAM": "Crawford", "GISJOIN": "G2600390", "JOIN": "G2600390_1930", "NATIVE_POP": 15 }, "geometry": { "type": "Point", "coordinates": [ -84.610333282137574, 44.68349943168954 ] } },
{ "type": "Feature", "properties": { "DECADE": "1930", "NHGISNAM": "Fillmore", "GISJOIN": "G2700450", "JOIN": "G2700450_1930", "NATIVE_POP": 0 }, "geometry": { "type": "Point", "coordinates": [ -92.090166542241732, 43.67398674140366 ] } },
{ "type": "Feature", "properties": { "DECADE": "1930", "NHGISNAM": "Barry", "GISJOIN": "G2600150", "JOIN": "G2600150_1930", "NATIVE_POP": 10 }, "geometry": { "type": "Point", "coordinates": [ -85.308967025181317, 42.594930200877272 ] } },
{ "type": "Feature", "properties": { "DECADE": "1930", "NHGISNAM": "Rusk", "GISJOIN": "G5501070", "JOIN": "G5501070_1930", "NATIVE_POP": 60 }, "geometry": { "type": "Point", "coordinates": [ -91.133223353182203, 45.475176202396796 ] } },
{ "type": "Feature", "properties": { "DECADE": "1930", "NHGISNAM": "Crawford", "GISJOIN": "G5500230", "JOIN": "G5500230_1930", "NATIVE_POP": 39 }, "geometry": { "type": "Point", "coordinates": [ -90.931161222382357, 43.239309537408339 ] } },
{ "type": "Feature", "properties": { "DECADE": "1930", "NHGISNAM": "Wayne", "GISJOIN": "G2601630", "JOIN": "G2601630_1930", "NATIVE_POP": 23 }, "geometry": { "type": "Point", "coordinates": [ -83.28683873776211, 42.284102103686322 ] } },
{ "type": "Feature", "properties": { "DECADE": "1930", "NHGISNAM": "Monroe", "GISJOIN": "G5500810", "JOIN": "G5500810_1930", "NATIVE_POP": 439 }, "geometry": { "type": "Point", "coordinates": [ -90.617835852975148, 43.945586914003165 ] } },
{ "type": "Feature", "properties": { "DECADE": "1930", "NHGISNAM": "Pennington", "GISJOIN": "G2701130", "JOIN": "G2701130_1930", "NATIVE_POP": 0 }, "geometry": { "type": "Point", "coordinates": [ -96.036625555265843, 48.06640345024163 ] } },
{ "type": "Feature", "properties": { "DECADE": "1930", "NHGISNAM": "Pepin", "GISJOIN": "G5500910", "JOIN": "G5500910_1930", "NATIVE_POP": 0 }, "geometry": { "type": "Point", "coordinates": [ -92.001842824489344, 44.582922406701286 ] } },
{ "type": "Feature", "properties": { "DECADE": "1930", "NHGISNAM": "Florence", "GISJOIN": "G5500370", "JOIN": "G5500370_1930", "NATIVE_POP": 0 }, "geometry": { "type": "Point", "coordinates": [ -88.398065908027974, 45.848454333878607 ] } },
{ "type": "Feature", "properties": { "DECADE": "1930", "NHGISNAM": "Carver", "GISJOIN": "G2700190", "JOIN": "G2700190_1930", "NATIVE_POP": 0 }, "geometry": { "type": "Point", "coordinates": [ -93.802516790218505, 44.820709766467289 ] } },
{ "type": "Feature", "properties": { "DECADE": "1930", "NHGISNAM": "Montcalm", "GISJOIN": "G2601170", "JOIN": "G2601170_1930", "NATIVE_POP": 1 }, "geometry": { "type": "Point", "coordinates": [ -85.152346733498689, 43.310930809394897 ] } },
{ "type": "Feature", "properties": { "DECADE": "1930", "NHGISNAM": "Swift", "GISJOIN": "G2701510", "JOIN": "G2701510_1930", "NATIVE_POP": 0 }, "geometry": { "type": "Point", "coordinates": [ -95.681411517013487, 45.282837399210742 ] } },
{ "type": "Feature", "properties": { "DECADE": "1930", "NHGISNAM": "Saginaw", "GISJOIN": "G2601450", "JOIN": "G2601450_1930", "NATIVE_POP": 121 }, "geometry": { "type": "Point", "coordinates": [ -84.053284041272377, 43.33495870185763 ] } },
{ "type": "Feature", "properties": { "DECADE": "1930", "NHGISNAM": "Bayfield", "GISJOIN": "G5500070", "JOIN": "G5500070_1930", "NATIVE_POP": 614 }, "geometry": { "type": "Point", "coordinates": [ -91.201278672634103, 46.522888270268488 ] } },
{ "type": "Feature", "properties": { "DECADE": "1930", "NHGISNAM": "Crow Wing", "GISJOIN": "G2700350", "JOIN": "G2700350_1930", "NATIVE_POP": 33 }, "geometry": { "type": "Point", "coordinates": [ -94.070938720271144, 46.481757826657962 ] } },
{ "type": "Feature", "properties": { "DECADE": "1930", "NHGISNAM": "Bay", "GISJOIN": "G2600170", "JOIN": "G2600170_1930", "NATIVE_POP": 136 }, "geometry": { "type": "Point", "coordinates": [ -83.991709552581682, 43.706986149253019 ] } },
{ "type": "Feature", "properties": { "DECADE": "1930", "NHGISNAM": "Fond Du Lac", "GISJOIN": "G5500390", "JOIN": "G5500390_1930", "NATIVE_POP": 81 }, "geometry": { "type": "Point", "coordinates": [ -88.488193257652341, 43.75360629826347 ] } },
{ "type": "Feature", "properties": { "DECADE": "1930", "NHGISNAM": "Cass", "GISJOIN": "G2700210", "JOIN": "G2700210_1930", "NATIVE_POP": 1304 }, "geometry": { "type": "Point", "coordinates": [ -94.326419554932727, 46.948092370471791 ] } },
{ "type": "Feature", "properties": { "DECADE": "1930", "NHGISNAM": "Cass", "GISJOIN": "G2600270", "JOIN": "G2600270_1930", "NATIVE_POP": 59 }, "geometry": { "type": "Point", "coordinates": [ -85.99346029500137, 41.915341534029842 ] } },
{ "type": "Feature", "properties": { "DECADE": "1930", "NHGISNAM": "Calumet", "GISJOIN": "G5500150", "JOIN": "G5500150_1930", "NATIVE_POP": 128 }, "geometry": { "type": "Point", "coordinates": [ -88.218024543753017, 44.081490537117219 ] } },
{ "type": "Feature", "properties": { "DECADE": "1930", "NHGISNAM": "Juneau", "GISJOIN": "G5500570", "JOIN": "G5500570_1930", "NATIVE_POP": 86 }, "geometry": { "type": "Point", "coordinates": [ -90.113878116597348, 43.92390713511066 ] } },
{ "type": "Feature", "properties": { "DECADE": "1930", "NHGISNAM": "Emmet", "GISJOIN": "G2600470", "JOIN": "G2600470_1930", "NATIVE_POP": 701 }, "geometry": { "type": "Point", "coordinates": [ -84.890478565088017, 45.520166761608337 ] } },
{ "type": "Feature", "properties": { "DECADE": "1930", "NHGISNAM": "Rock", "GISJOIN": "G2701330", "JOIN": "G2701330_1930", "NATIVE_POP": 0 }, "geometry": { "type": "Point", "coordinates": [ -96.253209268306279, 43.674506555416265 ] } },
{ "type": "Feature", "properties": { "DECADE": "1930", "NHGISNAM": "Milwaukee", "GISJOIN": "G5500790", "JOIN": "G5500790_1930", "NATIVE_POP": 291 }, "geometry": { "type": "Point", "coordinates": [ -87.966728590228897, 43.006984625409174 ] } },
{ "type": "Feature", "properties": { "DECADE": "1930", "NHGISNAM": "Ozaukee", "GISJOIN": "G5500890", "JOIN": "G5500890_1930", "NATIVE_POP": 0 }, "geometry": { "type": "Point", "coordinates": [ -87.950903121446359, 43.383906348549168 ] } },
{ "type": "Feature", "properties": { "DECADE": "1930", "NHGISNAM": "Washington", "GISJOIN": "G2701630", "JOIN": "G2701630_1930", "NATIVE_POP": 50 }, "geometry": { "type": "Point", "coordinates": [ -92.883952842611549, 45.038302215731974 ] } },
{ "type": "Feature", "properties": { "DECADE": "1930", "NHGISNAM": "Cook", "GISJOIN": "G2700310", "JOIN": "G2700310_1930", "NATIVE_POP": 191 }, "geometry": { "type": "Point", "coordinates": [ -90.535965093458969, 47.902553172847412 ] } },
{ "type": "Feature", "properties": { "DECADE": "1930", "NHGISNAM": "Lincoln", "GISJOIN": "G2700810", "JOIN": "G2700810_1930", "NATIVE_POP": 1 }, "geometry": { "type": "Point", "coordinates": [ -96.267081190490259, 44.412361613390907 ] } },
{ "type": "Feature", "properties": { "DECADE": "1930", "NHGISNAM": "Rock", "GISJOIN": "G5501050", "JOIN": "G5501050_1930", "NATIVE_POP": 11 }, "geometry": { "type": "Point", "coordinates": [ -89.071569203622275, 42.671166054464983 ] } },
{ "type": "Feature", "properties": { "DECADE": "1930", "NHGISNAM": "Missaukee", "GISJOIN": "G2601130", "JOIN": "G2601130_1930", "NATIVE_POP": 31 }, "geometry": { "type": "Point", "coordinates": [ -85.09467108706373, 44.337210527382403 ] } },
{ "type": "Feature", "properties": { "DECADE": "1930", "NHGISNAM": "Cottonwood", "GISJOIN": "G2700330", "JOIN": "G2700330_1930", "NATIVE_POP": 0 }, "geometry": { "type": "Point", "coordinates": [ -95.181060684512204, 44.007057357593872 ] } },
{ "type": "Feature", "properties": { "DECADE": "1930", "NHGISNAM": "Lincoln", "GISJOIN": "G5500690", "JOIN": "G5500690_1930", "NATIVE_POP": 55 }, "geometry": { "type": "Point", "coordinates": [ -89.734613977996517, 45.337287345704006 ] } },
{ "type": "Feature", "properties": { "DECADE": "1930", "NHGISNAM": "Washington", "GISJOIN": "G5501310", "JOIN": "G5501310_1930", "NATIVE_POP": 0 }, "geometry": { "type": "Point", "coordinates": [ -88.230807379028491, 43.368337841512655 ] } },
{ "type": "Feature", "properties": { "DECADE": "1930", "NHGISNAM": "Jefferson", "GISJOIN": "G5500550", "JOIN": "G5500550_1930", "NATIVE_POP": 0 }, "geometry": { "type": "Point", "coordinates": [ -88.775873348942596, 43.02071716854833 ] } },
{ "type": "Feature", "properties": { "DECADE": "1930", "NHGISNAM": "Faribault", "GISJOIN": "G2700430", "JOIN": "G2700430_1930", "NATIVE_POP": 0 }, "geometry": { "type": "Point", "coordinates": [ -93.947998125638065, 43.673867305285789 ] } },
{ "type": "Feature", "properties": { "DECADE": "1930", "NHGISNAM": "Baraga", "GISJOIN": "G2600130", "JOIN": "G2600130_1930", "NATIVE_POP": 492 }, "geometry": { "type": "Point", "coordinates": [ -88.365435666899344, 46.662221780091279 ] } },
{ "type": "Feature", "properties": { "DECADE": "1930", "NHGISNAM": "Roseau", "GISJOIN": "G2701350", "JOIN": "G2701350_1930", "NATIVE_POP": 74 }, "geometry": { "type": "Point", "coordinates": [ -95.810836623723119, 48.775217755254168 ] } },
{ "type": "Feature", "properties": { "DECADE": "1930", "NHGISNAM": "Roscommon", "GISJOIN": "G2601430", "JOIN": "G2601430_1930", "NATIVE_POP": 0 }, "geometry": { "type": "Point", "coordinates": [ -84.61159522120542, 44.335499086200095 ] } },
{ "type": "Feature", "properties": { "DECADE": "1930", "NHGISNAM": "Watonwan", "GISJOIN": "G2701650", "JOIN": "G2701650_1930", "NATIVE_POP": 0 }, "geometry": { "type": "Point", "coordinates": [ -94.614061130725602, 43.978403744315621 ] } },
{ "type": "Feature", "properties": { "DECADE": "1930", "NHGISNAM": "Washtenaw", "GISJOIN": "G2601610", "JOIN": "G2601610_1930", "NATIVE_POP": 23 }, "geometry": { "type": "Point", "coordinates": [ -83.838785800676789, 42.253173346863001 ] } },
{ "type": "Feature", "properties": { "DECADE": "1930", "NHGISNAM": "Anoka", "GISJOIN": "G2700030", "JOIN": "G2700030_1930", "NATIVE_POP": 24 }, "geometry": { "type": "Point", "coordinates": [ -93.246388863734154, 45.273159541389802 ] } },
{ "type": "Feature", "properties": { "DECADE": "1930", "NHGISNAM": "Menominee", "GISJOIN": "G2601090", "JOIN": "G2601090_1930", "NATIVE_POP": 129 }, "geometry": { "type": "Point", "coordinates": [ -87.556865900282745, 45.579325689770457 ] } },
{ "type": "Feature", "properties": { "DECADE": "1930", "NHGISNAM": "Waushara", "GISJOIN": "G5501370", "JOIN": "G5501370_1930", "NATIVE_POP": 0 }, "geometry": { "type": "Point", "coordinates": [ -89.242877078008149, 44.113185180083001 ] } },
{ "type": "Feature", "properties": { "DECADE": "1930", "NHGISNAM": "Waupaca", "GISJOIN": "G5501350", "JOIN": "G5501350_1930", "NATIVE_POP": 14 }, "geometry": { "type": "Point", "coordinates": [ -88.964903308174343, 44.470214815464246 ] } },
{ "type": "Feature", "properties": { "DECADE": "1930", "NHGISNAM": "Waukesha", "GISJOIN": "G5501330", "JOIN": "G5501330_1930", "NATIVE_POP": 17 }, "geometry": { "type": "Point", "coordinates": [ -88.304540132611749, 43.01808149388328 ] } },
{ "type": "Feature", "properties": { "DECADE": "1930", "NHGISNAM": "Green Lake", "GISJOIN": "G5500470", "JOIN": "G5500470_1930", "NATIVE_POP": 0 }, "geometry": { "type": "Point", "coordinates": [ -89.044987262711388, 43.800216678293289 ] } },
{ "type": "Feature", "properties": { "DECADE": "1930", "NHGISNAM": "Antrim", "GISJOIN": "G2600090", "JOIN": "G2600090_1930", "NATIVE_POP": 83 }, "geometry": { "type": "Point", "coordinates": [ -85.140231524148049, 44.999019419520359 ] } },
{ "type": "Feature", "properties": { "DECADE": "1930", "NHGISNAM": "Green", "GISJOIN": "G5500450", "JOIN": "G5500450_1930", "NATIVE_POP": 0 }, "geometry": { "type": "Point", "coordinates": [ -89.602207559554074, 42.679886214503654 ] } },
{ "type": "Feature", "properties": { "DECADE": "1930", "NHGISNAM": "St. Louis", "GISJOIN": "G2701370", "JOIN": "G2701370_1930", "NATIVE_POP": 595 }, "geometry": { "type": "Point", "coordinates": [ -92.47025024281092, 47.599806671220442 ] } },
{ "type": "Feature", "properties": { "DECADE": "1930", "NHGISNAM": "Leelanau", "GISJOIN": "G2600890", "JOIN": "G2600890_1930", "NATIVE_POP": 303 }, "geometry": { "type": "Point", "coordinates": [ -85.812103553759798, 44.938150238416583 ] } },
{ "type": "Feature", "properties": { "DECADE": "1930", "NHGISNAM": "Rice", "GISJOIN": "G2701310", "JOIN": "G2701310_1930", "NATIVE_POP": 16 }, "geometry": { "type": "Point", "coordinates": [ -93.296610975920558, 44.354178199047766 ] } },
{ "type": "Feature", "properties": { "DECADE": "1930", "NHGISNAM": "Lenawee", "GISJOIN": "G2600910", "JOIN": "G2600910_1930", "NATIVE_POP": 2 }, "geometry": { "type": "Point", "coordinates": [ -84.066379829441857, 41.895022478225279 ] } },
{ "type": "Feature", "properties": { "DECADE": "1930", "NHGISNAM": "Jackson", "GISJOIN": "G2700630", "JOIN": "G2700630_1930", "NATIVE_POP": 0 }, "geometry": { "type": "Point", "coordinates": [ -95.154114650986529, 43.674110849190441 ] } },
{ "type": "Feature", "properties": { "DECADE": "1930", "NHGISNAM": "Arenac", "GISJOIN": "G2600110", "JOIN": "G2600110_1930", "NATIVE_POP": 86 }, "geometry": { "type": "Point", "coordinates": [ -83.895067419372765, 44.065444880541577 ] } },
{ "type": "Feature", "properties": { "DECADE": "1930", "NHGISNAM": "Jackson", "GISJOIN": "G2600750", "JOIN": "G2600750_1930", "NATIVE_POP": 15 }, "geometry": { "type": "Point", "coordinates": [ -84.423438618610433, 42.248430757250013 ] } },
{ "type": "Feature", "properties": { "DECADE": "1930", "NHGISNAM": "Richland", "GISJOIN": "G5501030", "JOIN": "G5501030_1930", "NATIVE_POP": 2 }, "geometry": { "type": "Point", "coordinates": [ -90.429487868624236, 43.375518223386621 ] } },
{ "type": "Feature", "properties": { "DECADE": "1930", "NHGISNAM": "Oscoda", "GISJOIN": "G2601350", "JOIN": "G2601350_1930", "NATIVE_POP": 0 }, "geometry": { "type": "Point", "coordinates": [ -84.129735984470813, 44.681635901674454 ] } },
{ "type": "Feature", "properties": { "DECADE": "1930", "NHGISNAM": "Osceola", "GISJOIN": "G2601330", "JOIN": "G2601330_1930", "NATIVE_POP": 5 }, "geometry": { "type": "Point", "coordinates": [ -85.325272833368103, 43.989759686182502 ] } },
{ "type": "Feature", "properties": { "DECADE": "1930", "NHGISNAM": "Waseca", "GISJOIN": "G2701610", "JOIN": "G2701610_1930", "NATIVE_POP": 7 }, "geometry": { "type": "Point", "coordinates": [ -93.587283621197287, 44.021986562770351 ] } },
{ "type": "Feature", "properties": { "DECADE": "1930", "NHGISNAM": "Columbia", "GISJOIN": "G5500210", "JOIN": "G5500210_1930", "NATIVE_POP": 19 }, "geometry": { "type": "Point", "coordinates": [ -89.333685620103225, 43.466547122019804 ] } },
{ "type": "Feature", "properties": { "DECADE": "1930", "NHGISNAM": "Steele", "GISJOIN": "G2701470", "JOIN": "G2701470_1930", "NATIVE_POP": 20 }, "geometry": { "type": "Point", "coordinates": [ -93.226041407530147, 44.022206723159641 ] } },
{ "type": "Feature", "properties": { "DECADE": "1930", "NHGISNAM": "Calhoun", "GISJOIN": "G2600250", "JOIN": "G2600250_1930", "NATIVE_POP": 73 }, "geometry": { "type": "Point", "coordinates": [ -85.005577462898046, 42.246482924165228 ] } },
{ "type": "Feature", "properties": { "DECADE": "1930", "NHGISNAM": "Stearns", "GISJOIN": "G2701450", "JOIN": "G2701450_1930", "NATIVE_POP": 19 }, "geometry": { "type": "Point", "coordinates": [ -94.612700338772825, 45.552144310484515 ] } },
{ "type": "Feature", "properties": { "DECADE": "1930", "NHGISNAM": "Ottawa", "GISJOIN": "G2601390", "JOIN": "G2601390_1930", "NATIVE_POP": 65 }, "geometry": { "type": "Point", "coordinates": [ -85.996149649844568, 42.959703373455447 ] } },
{ "type": "Feature", "properties": { "DECADE": "1930", "NHGISNAM": "Jackson", "GISJOIN": "G5500530", "JOIN": "G5500530_1930", "NATIVE_POP": 229 }, "geometry": { "type": "Point", "coordinates": [ -90.804999373476903, 44.319116793268378 ] } },
{ "type": "Feature", "properties": { "DECADE": "1930", "NHGISNAM": "Ashland", "GISJOIN": "G5500030", "JOIN": "G5500030_1930", "NATIVE_POP": 1030 }, "geometry": { "type": "Point", "coordinates": [ -90.677828687612617, 46.31361236973234 ] } },
{ "type": "Feature", "properties": { "DECADE": "1930", "NHGISNAM": "Washburn", "GISJOIN": "G5501290", "JOIN": "G5501290_1930", "NATIVE_POP": 82 }, "geometry": { "type": "Point", "coordinates": [ -91.791205080829954, 45.89882418009546 ] } },
{ "type": "Feature", "properties": { "DECADE": "1930", "NHGISNAM": "Otsego", "GISJOIN": "G2601370", "JOIN": "G2601370_1930", "NATIVE_POP": 109 }, "geometry": { "type": "Point", "coordinates": [ -84.599048900454605, 45.021332038510501 ] } },
{ "type": "Feature", "properties": { "DECADE": "1930", "NHGISNAM": "Midland", "GISJOIN": "G2601110", "JOIN": "G2601110_1930", "NATIVE_POP": 25 }, "geometry": { "type": "Point", "coordinates": [ -84.388134744078044, 43.646743064210462 ] } },
{ "type": "Feature", "properties": { "DECADE": "1930", "NHGISNAM": "Otter Tail", "GISJOIN": "G2701110", "JOIN": "G2701110_1930", "NATIVE_POP": 25 }, "geometry": { "type": "Point", "coordinates": [ -95.708028135083751, 46.408579438741739 ] } },
{ "type": "Feature", "properties": { "DECADE": "1930", "NHGISNAM": "Mille Lacs", "GISJOIN": "G2700950", "JOIN": "G2700950_1930", "NATIVE_POP": 298 }, "geometry": { "type": "Point", "coordinates": [ -93.630135482294321, 45.9373153173037 ] } },
{ "type": "Feature", "properties": { "DECADE": "1930", "NHGISNAM": "Outagamie", "GISJOIN": "G5500870", "JOIN": "G5500870_1930", "NATIVE_POP": 788 }, "geometry": { "type": "Point", "coordinates": [ -88.464939151278983, 44.416010582791905 ] } },
{ "type": "Feature", "properties": { "DECADE": "1930", "NHGISNAM": "Douglas", "GISJOIN": "G5500310", "JOIN": "G5500310_1930", "NATIVE_POP": 219 }, "geometry": { "type": "Point", "coordinates": [ -91.914892991147013, 46.430707287633439 ] } },
{ "type": "Feature", "properties": { "DECADE": "1930", "NHGISNAM": "Allegan", "GISJOIN": "G2600050", "JOIN": "G2600050_1930", "NATIVE_POP": 122 }, "geometry": { "type": "Point", "coordinates": [ -85.888442295454979, 42.591273136458341 ] } },
{ "type": "Feature", "properties": { "DECADE": "1930", "NHGISNAM": "Stevens", "GISJOIN": "G2701490", "JOIN": "G2701490_1930", "NATIVE_POP": 1 }, "geometry": { "type": "Point", "coordinates": [ -96.000286174711988, 45.586011207489101 ] } },
{ "type": "Feature", "properties": { "DECADE": "1930", "NHGISNAM": "Vilas", "GISJOIN": "G5501250", "JOIN": "G5501250_1930", "NATIVE_POP": 835 }, "geometry": { "type": "Point", "coordinates": [ -89.514601325060156, 46.052986282796795 ] } },
{ "type": "Feature", "properties": { "DECADE": "1930", "NHGISNAM": "Alger", "GISJOIN": "G2600030", "JOIN": "G2600030_1930", "NATIVE_POP": 1 }, "geometry": { "type": "Point", "coordinates": [ -86.605057490487823, 46.408728315220401 ] } },
{ "type": "Feature", "properties": { "DECADE": "1930", "NHGISNAM": "Ingham", "GISJOIN": "G2600650", "JOIN": "G2600650_1930", "NATIVE_POP": 64 }, "geometry": { "type": "Point", "coordinates": [ -84.373536050905983, 42.596997995806547 ] } },
{ "type": "Feature", "properties": { "DECADE": "1930", "NHGISNAM": "Vernon", "GISJOIN": "G5501230", "JOIN": "G5501230_1930", "NATIVE_POP": 3 }, "geometry": { "type": "Point", "coordinates": [ -90.83454286833738, 43.593992824848769 ] } },
{ "type": "Feature", "properties": { "DECADE": "1930", "NHGISNAM": "Dunn", "GISJOIN": "G5500330", "JOIN": "G5500330_1930", "NATIVE_POP": 0 }, "geometry": { "type": "Point", "coordinates": [ -91.896390273127324, 44.946239774490266 ] } },
{ "type": "Feature", "properties": { "DECADE": "1930", "NHGISNAM": "Clearwater", "GISJOIN": "G2700290", "JOIN": "G2700290_1930", "NATIVE_POP": 461 }, "geometry": { "type": "Point", "coordinates": [ -95.378881210114301, 47.576429694517927 ] } },
{ "type": "Feature", "properties": { "DECADE": "1930", "NHGISNAM": "Mcleod", "GISJOIN": "G2700850", "JOIN": "G2700850_1930", "NATIVE_POP": 0 }, "geometry": { "type": "Point", "coordinates": [ -94.272500053319135, 44.823458230383146 ] } },
{ "type": "Feature", "properties": { "DECADE": "1930", "NHGISNAM": "Grand Traverse", "GISJOIN": "G2600550", "JOIN": "G2600550_1930", "NATIVE_POP": 58 }, "geometry": { "type": "Point", "coordinates": [ -85.560574687656683, 44.668556068102795 ] } },
{ "type": "Feature", "properties": { "DECADE": "1930", "NHGISNAM": "Iosco", "GISJOIN": "G2600690", "JOIN": "G2600690_1930", "NATIVE_POP": 39 }, "geometry": { "type": "Point", "coordinates": [ -83.636061566417723, 44.355723787655023 ] } },
{ "type": "Feature", "properties": { "DECADE": "1930", "NHGISNAM": "Grant", "GISJOIN": "G2700510", "JOIN": "G2700510_1930", "NATIVE_POP": 0 }, "geometry": { "type": "Point", "coordinates": [ -96.012164523304463, 45.933927922097553 ] } },
{ "type": "Feature", "properties": { "DECADE": "1930", "NHGISNAM": "Buffalo", "GISJOIN": "G5500110", "JOIN": "G5500110_1930", "NATIVE_POP": 0 }, "geometry": { "type": "Point", "coordinates": [ -91.754284955671892, 44.379559082468319 ] } },
{ "type": "Feature", "properties": { "DECADE": "1930", "NHGISNAM": "Ionia", "GISJOIN": "G2600670", "JOIN": "G2600670_1930", "NATIVE_POP": 21 }, "geometry": { "type": "Point", "coordinates": [ -85.074601037381527, 42.944995382566702 ] } },
{ "type": "Feature", "properties": { "DECADE": "1930", "NHGISNAM": "Wadena", "GISJOIN": "G2701590", "JOIN": "G2701590_1930", "NATIVE_POP": 0 }, "geometry": { "type": "Point", "coordinates": [ -94.969408889253643, 46.58549123913776 ] } },
{ "type": "Feature", "properties": { "DECADE": "1930", "NHGISNAM": "Iron", "GISJOIN": "G2600710", "JOIN": "G2600710_1930", "NATIVE_POP": 0 }, "geometry": { "type": "Point", "coordinates": [ -88.530387844317801, 46.208602089050679 ] } },
{ "type": "Feature", "properties": { "DECADE": "1930", "NHGISNAM": "Alpena", "GISJOIN": "G2600070", "JOIN": "G2600070_1930", "NATIVE_POP": 40 }, "geometry": { "type": "Point", "coordinates": [ -83.627711597132816, 45.034705630502778 ] } },
{ "type": "Feature", "properties": { "DECADE": "1930", "NHGISNAM": "Wabasha", "GISJOIN": "G2701570", "JOIN": "G2701570_1930", "NATIVE_POP": 9 }, "geometry": { "type": "Point", "coordinates": [ -92.230240274114067, 44.284251507896478 ] } },
{ "type": "Feature", "properties": { "DECADE": "1930", "NHGISNAM": "Iowa", "GISJOIN": "G5500490", "JOIN": "G5500490_1930", "NATIVE_POP": 0 }, "geometry": { "type": "Point", "coordinates": [ -90.135419526064979, 43.00039492937978 ] } },
{ "type": "Feature", "properties": { "DECADE": "1930", "NHGISNAM": "St Clair", "GISJOIN": "G2601470", "JOIN": "G2601470_1930", "NATIVE_POP": 53 }, "geometry": { "type": "Point", "coordinates": [ -82.683014656820717, 42.9415615486487 ] } },
{ "type": "Feature", "properties": { "DECADE": "1930", "NHGISNAM": "Clinton", "GISJOIN": "G2600370", "JOIN": "G2600370_1930", "NATIVE_POP": 0 }, "geometry": { "type": "Point", "coordinates": [ -84.601513014281636, 42.94355278882481 ] } },
{ "type": "Feature", "properties": { "DECADE": "1930", "NHGISNAM": "Iron", "GISJOIN": "G5500510", "JOIN": "G5500510_1930", "NATIVE_POP": 59 }, "geometry": { "type": "Point", "coordinates": [ -90.241551681939825, 46.261924381464802 ] } },
{ "type": "Feature", "properties": { "DECADE": "1930", "NHGISNAM": "Mecosta", "GISJOIN": "G2601070", "JOIN": "G2601070_1930", "NATIVE_POP": 37 }, "geometry": { "type": "Point", "coordinates": [ -85.3246269579532, 43.640695149337766 ] } },
{ "type": "Feature", "properties": { "DECADE": "1930", "NHGISNAM": "Olmsted", "GISJOIN": "G2701090", "JOIN": "G2701090_1930", "NATIVE_POP": 0 }, "geometry": { "type": "Point", "coordinates": [ -92.401685484132287, 44.003677808925488 ] } },
{ "type": "Feature", "properties": { "DECADE": "1930", "NHGISNAM": "Red Lake", "GISJOIN": "G2701250", "JOIN": "G2701250_1930", "NATIVE_POP": null }, "geometry": { "type": "Point", "coordinates": [ -96.095305539503883, 47.871771772111984 ] } },
{ "type": "Feature", "properties": { "DECADE": "1930", "NHGISNAM": "Burnett", "GISJOIN": "G5500130", "JOIN": "G5500130_1930", "NATIVE_POP": 224 }, "geometry": { "type": "Point", "coordinates": [ -92.367993075107165, 45.862587887102912 ] } },
{ "type": "Feature", "properties": { "DECADE": "1930", "NHGISNAM": "Isanti", "GISJOIN": "G2700590", "JOIN": "G2700590_1930", "NATIVE_POP": 0 }, "geometry": { "type": "Point", "coordinates": [ -93.295097321524324, 45.56138950954864 ] } },
{ "type": "Feature", "properties": { "DECADE": "1930", "NHGISNAM": "St Croix", "GISJOIN": "G5501090", "JOIN": "G5501090_1930", "NATIVE_POP": 0 }, "geometry": { "type": "Point", "coordinates": [ -92.452768555935236, 45.034004788424276 ] } },
{ "type": "Feature", "properties": { "DECADE": "1930", "NHGISNAM": "Le Sueur", "GISJOIN": "G2700790", "JOIN": "G2700790_1930", "NATIVE_POP": 8 }, "geometry": { "type": "Point", "coordinates": [ -93.730097272880002, 44.371330471244285 ] } },
{ "type": "Feature", "properties": { "DECADE": "1930", "NHGISNAM": "Isabella", "GISJOIN": "G2600730", "JOIN": "G2600730_1930", "NATIVE_POP": 424 }, "geometry": { "type": "Point", "coordinates": [ -84.846802263483951, 43.640494292780865 ] } },
{ "type": "Feature", "properties": { "DECADE": "1930", "NHGISNAM": "Gratiot", "GISJOIN": "G2600570", "JOIN": "G2600570_1930", "NATIVE_POP": 10 }, "geometry": { "type": "Point", "coordinates": [ -84.604903955605621, 43.292631421666144 ] } },
{ "type": "Feature", "properties": { "DECADE": "1930", "NHGISNAM": "Meeker", "GISJOIN": "G2700930", "JOIN": "G2700930_1930", "NATIVE_POP": 0 }, "geometry": { "type": "Point", "coordinates": [ -94.527360665679623, 45.122946216650199 ] } },
{ "type": "Feature", "properties": { "DECADE": "1930", "NHGISNAM": "Oneida", "GISJOIN": "G5500850", "JOIN": "G5500850_1930", "NATIVE_POP": 100 }, "geometry": { "type": "Point", "coordinates": [ -89.521513655591335, 45.705667836548805 ] } },
{ "type": "Feature", "properties": { "DECADE": "1930", "NHGISNAM": "Eau Claire", "GISJOIN": "G5500350", "JOIN": "G5500350_1930", "NATIVE_POP": 0 }, "geometry": { "type": "Point", "coordinates": [ -91.285998691733298, 44.726832182838983 ] } },
{ "type": "Feature", "properties": { "DECADE": "1930", "NHGISNAM": "Grant", "GISJOIN": "G5500430", "JOIN": "G5500430_1930", "NATIVE_POP": 6 }, "geometry": { "type": "Point", "coordinates": [ -90.70616323259226, 42.867155593328178 ] } },
{ "type": "Feature", "properties": { "DECADE": "1930", "NHGISNAM": "Redwood", "GISJOIN": "G2701270", "JOIN": "G2701270_1930", "NATIVE_POP": 156 }, "geometry": { "type": "Point", "coordinates": [ -95.253912319976664, 44.403569082656027 ] } },
{ "type": "Feature", "properties": { "DECADE": "1930", "NHGISNAM": "Eaton", "GISJOIN": "G2600450", "JOIN": "G2600450_1930", "NATIVE_POP": 7 }, "geometry": { "type": "Point", "coordinates": [ -84.838311505764452, 42.595974374813991 ] } },
{ "type": "Feature", "properties": { "DECADE": "1930", "NHGISNAM": "Itasca", "GISJOIN": "G2700610", "JOIN": "G2700610_1930", "NATIVE_POP": 490 }, "geometry": { "type": "Point", "coordinates": [ -93.631167958463919, 47.508897873202102 ] } },
{ "type": "Feature", "properties": { "DECADE": "1930", "NHGISNAM": "Dickinson", "GISJOIN": "G2600430", "JOIN": "G2600430_1930", "NATIVE_POP": 11 }, "geometry": { "type": "Point", "coordinates": [ -87.870268375681079, 46.008922929542038 ] } },
{ "type": "Feature", "properties": { "DECADE": "1930", "NHGISNAM": "Ontonagon", "GISJOIN": "G2601310", "JOIN": "G2601310_1930", "NATIVE_POP": 7 }, "geometry": { "type": "Point", "coordinates": [ -89.31503315713843, 46.664076902704117 ] } },
{ "type": "Feature", "properties": { "DECADE": "1930", "NHGISNAM": "St Joseph", "GISJOIN": "G2601490", "JOIN": "G2601490_1930", "NATIVE_POP": 16 }, "geometry": { "type": "Point", "coordinates": [ -85.527747536648874, 41.914355609268071 ] } },
{ "type": "Feature", "properties": { "DECADE": "1930", "NHGISNAM": "Branch", "GISJOIN": "G2600230", "JOIN": "G2600230_1930", "NATIVE_POP": 10 }, "geometry": { "type": "Point", "coordinates": [ -85.05904085323553, 41.916058205506182 ] } },
{ "type": "Feature", "properties": { "DECADE": "1930", "NHGISNAM": "Lake", "GISJOIN": "G2700750", "JOIN": "G2700750_1930", "NATIVE_POP": 154 }, "geometry": { "type": "Point", "coordinates": [ -91.44631455128966, 47.639489600157418 ] } },
{ "type": "Feature", "properties": { "DECADE": "1930", "NHGISNAM": "Martin", "GISJOIN": "G2700910", "JOIN": "G2700910_1930", "NATIVE_POP": 0 }, "geometry": { "type": "Point", "coordinates": [ -94.551069076065076, 43.674304305964085 ] } },
{ "type": "Feature", "properties": { "DECADE": "1930", "NHGISNAM": "Walworth", "GISJOIN": "G5501270", "JOIN": "G5501270_1930", "NATIVE_POP": 0 }, "geometry": { "type": "Point", "coordinates": [ -88.541920772601259, 42.668380865194727 ] } },
{ "type": "Feature", "properties": { "DECADE": "1930", "NHGISNAM": "Lake", "GISJOIN": "G2600850", "JOIN": "G2600850_1930", "NATIVE_POP": 14 }, "geometry": { "type": "Point", "coordinates": [ -85.801689421562088, 43.989903946031532 ] } },
{ "type": "Feature", "properties": { "DECADE": "1930", "NHGISNAM": "Lake Of The Woods", "GISJOIN": "G2700770", "JOIN": "G2700770_1930", "NATIVE_POP": null }, "geometry": { "type": "Point", "coordinates": [ -94.90445297734766, 48.769033535090429 ] } },
{ "type": "Feature", "properties": { "DECADE": "1930", "NHGISNAM": "Houston", "GISJOIN": "G2700550", "JOIN": "G2700550_1930", "NATIVE_POP": 24 }, "geometry": { "type": "Point", "coordinates": [ -91.49281488111653, 43.671340904616301 ] } },
{ "type": "Feature", "properties": { "DECADE": "1930", "NHGISNAM": "Mason", "GISJOIN": "G2601050", "JOIN": "G2601050_1930", "NATIVE_POP": 128 }, "geometry": { "type": "Point", "coordinates": [ -86.249962156964997, 43.995146125706981 ] } },
{ "type": "Feature", "properties": { "DECADE": "1930", "NHGISNAM": "Renville", "GISJOIN": "G2701290", "JOIN": "G2701290_1930", "NATIVE_POP": 28 }, "geometry": { "type": "Point", "coordinates": [ -94.946954573439371, 44.726828658124788 ] } },
{ "type": "Feature", "properties": { "DECADE": "1930", "NHGISNAM": "Shiawassee", "GISJOIN": "G2601550", "JOIN": "G2601550_1930", "NATIVE_POP": 0 }, "geometry": { "type": "Point", "coordinates": [ -84.14673418577874, 42.953621610719026 ] } },
{ "type": "Feature", "properties": { "DECADE": "1930", "NHGISNAM": "Clark", "GISJOIN": "G5500190", "JOIN": "G5500190_1930", "NATIVE_POP": 99 }, "geometry": { "type": "Point", "coordinates": [ -90.612013438631863, 44.734284453689519 ] } },
{ "type": "Feature", "properties": { "DECADE": "1930", "NHGISNAM": "Gladwin", "GISJOIN": "G2600510", "JOIN": "G2600510_1930", "NATIVE_POP": 5 }, "geometry": { "type": "Point", "coordinates": [ -84.388256548228156, 43.990563665800018 ] } },
{ "type": "Feature", "properties": { "DECADE": "1930", "NHGISNAM": "Nobles", "GISJOIN": "G2701050", "JOIN": "G2701050_1930", "NATIVE_POP": 0 }, "geometry": { "type": "Point", "coordinates": [ -95.753389205447746, 43.674177047282413 ] } },
{ "type": "Feature", "properties": { "DECADE": "1930", "NHGISNAM": "Dodge", "GISJOIN": "G2700390", "JOIN": "G2700390_1930", "NATIVE_POP": 0 }, "geometry": { "type": "Point", "coordinates": [ -92.862052580579586, 44.022453371290929 ] } },
{ "type": "Feature", "properties": { "DECADE": "1930", "NHGISNAM": "Hubbard", "GISJOIN": "G2700570", "JOIN": "G2700570_1930", "NATIVE_POP": 15 }, "geometry": { "type": "Point", "coordinates": [ -94.916606134324184, 47.108100631927847 ] } },
{ "type": "Feature", "properties": { "DECADE": "1930", "NHGISNAM": "Sibley", "GISJOIN": "G2701430", "JOIN": "G2701430_1930", "NATIVE_POP": 0 }, "geometry": { "type": "Point", "coordinates": [ -94.232217861718155, 44.579589090224573 ] } },
{ "type": "Feature", "properties": { "DECADE": "1930", "NHGISNAM": "Dodge", "GISJOIN": "G5500270", "JOIN": "G5500270_1930", "NATIVE_POP": 30 }, "geometry": { "type": "Point", "coordinates": [ -88.707536576453847, 43.416145521286133 ] } },
{ "type": "Feature", "properties": { "DECADE": "1930", "NHGISNAM": "Door", "GISJOIN": "G5500290", "JOIN": "G5500290_1930", "NATIVE_POP": 5 }, "geometry": { "type": "Point", "coordinates": [ -87.31815265168639, 44.943226686944094 ] } },
{ "type": "Feature", "properties": { "DECADE": "1930", "NHGISNAM": "Gogebic", "GISJOIN": "G2600530", "JOIN": "G2600530_1930", "NATIVE_POP": 105 }, "geometry": { "type": "Point", "coordinates": [ -89.693216304219604, 46.408872249369736 ] } },
{ "type": "Feature", "properties": { "DECADE": "1930", "NHGISNAM": "Yellow Medicine", "GISJOIN": "G2701730", "JOIN": "G2701730_1930", "NATIVE_POP": 79 }, "geometry": { "type": "Point", "coordinates": [ -95.868213730663669, 44.716504723894793 ] } },
{ "type": "Feature", "properties": { "DECADE": "1930", "NHGISNAM": "Norman", "GISJOIN": "G2701070", "JOIN": "G2701070_1930", "NATIVE_POP": 29 }, "geometry": { "type": "Point", "coordinates": [ -96.455259894064184, 47.326455937848309 ] } },
{ "type": "Feature", "properties": { "DECADE": "1930", "NHGISNAM": "Aitkin", "GISJOIN": "G2700010", "JOIN": "G2700010_1930", "NATIVE_POP": 103 }, "geometry": { "type": "Point", "coordinates": [ -93.415341992698075, 46.607273391564611 ] } },
{ "type": "Feature", "properties": { "DECADE": "1930", "NHGISNAM": "Goodhue", "GISJOIN": "G2700490", "JOIN": "G2700490_1930", "NATIVE_POP": 83 }, "geometry": { "type": "Point", "coordinates": [ -92.722803736235619, 44.409725433006443 ] } },
{ "type": "Feature", "properties": { "DECADE": "1930", "NHGISNAM": "Van Buren", "GISJOIN": "G2601590", "JOIN": "G2601590_1930", "NATIVE_POP": 72 }, "geometry": { "type": "Point", "coordinates": [ -86.018857505178445, 42.251224773497725 ] } },
{ "type": "Feature", "properties": { "DECADE": "1930", "NHGISNAM": "Clay", "GISJOIN": "G2700270", "JOIN": "G2700270_1930", "NATIVE_POP": 8 }, "geometry": { "type": "Point", "coordinates": [ -96.490593517347378, 46.892003172568337 ] } },
{ "type": "Feature", "properties": { "DECADE": "1930", "NHGISNAM": "Adams", "GISJOIN": "G5500010", "JOIN": "G5500010_1930", "NATIVE_POP": 14 }, "geometry": { "type": "Point", "coordinates": [ -89.770538176073728, 43.969209726574135 ] } },
{ "type": "Feature", "properties": { "DECADE": "1930", "NHGISNAM": "Langlade", "GISJOIN": "G5500670", "JOIN": "G5500670_1930", "NATIVE_POP": 51 }, "geometry": { "type": "Point", "coordinates": [ -89.07181035163039, 45.262302527130686 ] } },
{ "type": "Feature", "properties": { "DECADE": "1930", "NHGISNAM": "Brown", "GISJOIN": "G2700150", "JOIN": "G2700150_1930", "NATIVE_POP": 0 }, "geometry": { "type": "Point", "coordinates": [ -94.727489402409134, 44.242169063311756 ] } },
{ "type": "Feature", "properties": { "DECADE": "1930", "NHGISNAM": "Douglas", "GISJOIN": "G2700410", "JOIN": "G2700410_1930", "NATIVE_POP": 14 }, "geometry": { "type": "Point", "coordinates": [ -95.453504445122661, 45.933647546763133 ] } },
{ "type": "Feature", "properties": { "DECADE": "1930", "NHGISNAM": "Brown", "GISJOIN": "G5500090", "JOIN": "G5500090_1930", "NATIVE_POP": 663 }, "geometry": { "type": "Point", "coordinates": [ -88.003697628012787, 44.452299864673265 ] } },
{ "type": "Feature", "properties": { "DECADE": "1930", "NHGISNAM": "Alcona", "GISJOIN": "G2600010", "JOIN": "G2600010_1930", "NATIVE_POP": 46 }, "geometry": { "type": "Point", "coordinates": [ -83.593766049413318, 44.6853426677607 ] } },
{ "type": "Feature", "properties": { "DECADE": "1930", "NHGISNAM": "Huron", "GISJOIN": "G2600630", "JOIN": "G2600630_1930", "NATIVE_POP": 1 }, "geometry": { "type": "Point", "coordinates": [ -83.019586154535475, 43.833299107210998 ] } },
{ "type": "Feature", "properties": { "DECADE": "1930", "NHGISNAM": "Lapeer", "GISJOIN": "G2600870", "JOIN": "G2600870_1930", "NATIVE_POP": 12 }, "geometry": { "type": "Point", "coordinates": [ -83.221803139408948, 43.089968351918436 ] } },
{ "type": "Feature", "properties": { "DECADE": "1930", "NHGISNAM": "Oakland", "GISJOIN": "G2601250", "JOIN": "G2601250_1930", "NATIVE_POP": 74 }, "geometry": { "type": "Point", "coordinates": [ -83.385818955436463, 42.660243685883032 ] } },
{ "type": "Feature", "properties": { "DECADE": "1930", "NHGISNAM": "Racine", "GISJOIN": "G5501010", "JOIN": "G5501010_1930", "NATIVE_POP": 39 }, "geometry": { "type": "Point", "coordinates": [ -88.061175141470784, 42.747519244259969 ] } },
{ "type": "Feature", "properties": { "DECADE": "1930", "NHGISNAM": "Oceana", "GISJOIN": "G2601270", "JOIN": "G2601270_1930", "NATIVE_POP": 132 }, "geometry": { "type": "Point", "coordinates": [ -86.267615977567289, 43.640821440292591 ] } },
{ "type": "Feature", "properties": { "DECADE": "1930", "NHGISNAM": "Ramsey", "GISJOIN": "G2701230", "JOIN": "G2701230_1930", "NATIVE_POP": 174 }, "geometry": { "type": "Point", "coordinates": [ -93.099590560531567, 45.017004178020713 ] } },
{ "type": "Feature", "properties": { "DECADE": "1930", "NHGISNAM": "Chippewa", "GISJOIN": "G2600330", "JOIN": "G2600330_1930", "NATIVE_POP": 717 }, "geometry": { "type": "Point", "coordinates": [ -84.590529628603704, 46.303518407282652 ] } },
{ "type": "Feature", "properties": { "DECADE": "1930", "NHGISNAM": "Ogemaw", "GISJOIN": "G2601290", "JOIN": "G2601290_1930", "NATIVE_POP": 0 }, "geometry": { "type": "Point", "coordinates": [ -84.126414130188451, 44.334833567602622 ] } },
{ "type": "Feature", "properties": { "DECADE": "1930", "NHGISNAM": "Oconto", "GISJOIN": "G5500830", "JOIN": "G5500830_1930", "NATIVE_POP": 275 }, "geometry": { "type": "Point", "coordinates": [ -88.295733823311295, 45.02189580523185 ] } },
{ "type": "Feature", "properties": { "DECADE": "1930", "NHGISNAM": "Chisago", "GISJOIN": "G2700250", "JOIN": "G2700250_1930", "NATIVE_POP": 7 }, "geometry": { "type": "Point", "coordinates": [ -92.908088120211787, 45.502231606538757 ] } },
{ "type": "Feature", "properties": { "DECADE": "1930", "NHGISNAM": "Chippewa", "GISJOIN": "G5500170", "JOIN": "G5500170_1930", "NATIVE_POP": 57 }, "geometry": { "type": "Point", "coordinates": [ -91.279935416603749, 45.069282705218079 ] } },
{ "type": "Feature", "properties": { "DECADE": "1930", "NHGISNAM": "Koochiching", "GISJOIN": "G2700710", "JOIN": "G2700710_1930", "NATIVE_POP": 154 }, "geometry": { "type": "Point", "coordinates": [ -93.783284741189391, 48.244803059789426 ] } },
{ "type": "Feature", "properties": { "DECADE": "1930", "NHGISNAM": "Hillsdale", "GISJOIN": "G2600590", "JOIN": "G2600590_1930", "NATIVE_POP": 9 }, "geometry": { "type": "Point", "coordinates": [ -84.592926197104092, 41.887654623861899 ] } },
{ "type": "Feature", "properties": { "DECADE": "1930", "NHGISNAM": "Portage", "GISJOIN": "G5500970", "JOIN": "G5500970_1930", "NATIVE_POP": 6 }, "geometry": { "type": "Point", "coordinates": [ -89.501301682687583, 44.475854334140955 ] } },
{ "type": "Feature", "properties": { "DECADE": "1930", "NHGISNAM": "Chippewa", "GISJOIN": "G2700230", "JOIN": "G2700230_1930", "NATIVE_POP": 0 }, "geometry": { "type": "Point", "coordinates": [ -95.566568031212512, 45.022365666759427 ] } },
{ "type": "Feature", "properties": { "DECADE": "1930", "NHGISNAM": "Pope", "GISJOIN": "G2701210", "JOIN": "G2701210_1930", "NATIVE_POP": 5 }, "geometry": { "type": "Point", "coordinates": [ -95.444470083759811, 45.585958663877683 ] } },
{ "type": "Feature", "properties": { "DECADE": "1930", "NHGISNAM": "Wood", "GISJOIN": "G5501410", "JOIN": "G5501410_1930", "NATIVE_POP": 141 }, "geometry": { "type": "Point", "coordinates": [ -90.041467033507075, 44.455142670789542 ] } },
{ "type": "Feature", "properties": { "DECADE": "1930", "NHGISNAM": "Genesee", "GISJOIN": "G2600490", "JOIN": "G2600490_1930", "NATIVE_POP": 70 }, "geometry": { "type": "Point", "coordinates": [ -83.70678831844765, 43.021557226456423 ] } },
{ "type": "Feature", "properties": { "DECADE": "1930", "NHGISNAM": "La Crosse", "GISJOIN": "G5500630", "JOIN": "G5500630_1930", "NATIVE_POP": 36 }, "geometry": { "type": "Point", "coordinates": [ -91.115150582642272, 43.906422065645415 ] } },
{ "type": "Feature", "properties": { "DECADE": "1930", "NHGISNAM": "Newaygo", "GISJOIN": "G2601230", "JOIN": "G2601230_1930", "NATIVE_POP": 5 }, "geometry": { "type": "Point", "coordinates": [ -85.800924734097947, 43.55384727173162 ] } },
{ "type": "Feature", "properties": { "DECADE": "1930", "NHGISNAM": "Delta", "GISJOIN": "G2600410", "JOIN": "G2600410_1930", "NATIVE_POP": 259 }, "geometry": { "type": "Point", "coordinates": [ -86.92482749529502, 45.919470554411667 ] } },
{ "type": "Feature", "properties": { "DECADE": "1930", "NHGISNAM": "Tuscola", "GISJOIN": "G2601570", "JOIN": "G2601570_1930", "NATIVE_POP": 24 }, "geometry": { "type": "Point", "coordinates": [ -83.416906068574363, 43.463965222062406 ] } },
{ "type": "Feature", "properties": { "DECADE": "1930", "NHGISNAM": "Marquette", "GISJOIN": "G5500770", "JOIN": "G5500770_1930", "NATIVE_POP": 2 }, "geometry": { "type": "Point", "coordinates": [ -89.398856386295449, 43.819492351994839 ] } },
{ "type": "Feature", "properties": { "DECADE": "1930", "NHGISNAM": "Sheboygan", "GISJOIN": "G5501170", "JOIN": "G5501170_1930", "NATIVE_POP": 10 }, "geometry": { "type": "Point", "coordinates": [ -87.945444242588636, 43.721056906860518 ] } },
{ "type": "Feature", "properties": { "DECADE": "1930", "NHGISNAM": "Marquette", "GISJOIN": "G2601030", "JOIN": "G2601030_1930", "NATIVE_POP": 51 }, "geometry": { "type": "Point", "coordinates": [ -87.640647106376576, 46.430608891693247 ] } },
{ "type": "Feature", "properties": { "DECADE": "1930", "NHGISNAM": "Wright", "GISJOIN": "G2701710", "JOIN": "G2701710_1930", "NATIVE_POP": 0 }, "geometry": { "type": "Point", "coordinates": [ -93.963114076042515, 45.173824904432749 ] } },
{ "type": "Feature", "properties": { "DECADE": "1930", "NHGISNAM": "Lac Qui Parle", "GISJOIN": "G2700730", "JOIN": "G2700730_1930", "NATIVE_POP": 0 }, "geometry": { "type": "Point", "coordinates": [ -96.173822667679445, 44.995964020067923 ] } },
{ "type": "Feature", "properties": { "DECADE": "1930", "NHGISNAM": "Marshall", "GISJOIN": "G2700890", "JOIN": "G2700890_1930", "NATIVE_POP": 0 }, "geometry": { "type": "Point", "coordinates": [ -96.368442686408414, 48.358588273050707 ] } },
{ "type": "Feature", "properties": { "DECADE": "1930", "NHGISNAM": "Shawano", "GISJOIN": "G5501150", "JOIN": "G5501150_1930", "NATIVE_POP": 2670 }, "geometry": { "type": "Point", "coordinates": [ -88.768032925430234, 44.838027328187202 ] } },
{ "type": "Feature", "properties": { "DECADE": "1930", "NHGISNAM": "Clare", "GISJOIN": "G2600350", "JOIN": "G2600350_1930", "NATIVE_POP": 13 }, "geometry": { "type": "Point", "coordinates": [ -84.847831070389205, 43.987767952014323 ] } },
{ "type": "Feature", "properties": { "DECADE": "1930", "NHGISNAM": "Lafayette", "GISJOIN": "G5500650", "JOIN": "G5500650_1930", "NATIVE_POP": 0 }, "geometry": { "type": "Point", "coordinates": [ -90.131719976821941, 42.66048036404365 ] } },
{ "type": "Feature", "properties": { "DECADE": "1930", "NHGISNAM": "Nicollet", "GISJOIN": "G2701030", "JOIN": "G2701030_1930", "NATIVE_POP": 0 }, "geometry": { "type": "Point", "coordinates": [ -94.247114799325871, 44.34991366123657 ] } },
{ "type": "Feature", "properties": { "DECADE": "1930", "NHGISNAM": "Freeborn", "GISJOIN": "G2700470", "JOIN": "G2700470_1930", "NATIVE_POP": 0 }, "geometry": { "type": "Point", "coordinates": [ -93.348815961223451, 43.673781810956768 ] } },
{ "type": "Feature", "properties": { "DECADE": "1930", "NHGISNAM": "Berrien", "GISJOIN": "G2600210", "JOIN": "G2600210_1930", "NATIVE_POP": 60 }, "geometry": { "type": "Point", "coordinates": [ -86.412507458052474, 41.954448888123224 ] } },
{ "type": "Feature", "properties": { "DECADE": "1930", "NHGISNAM": "Price", "GISJOIN": "G5500990", "JOIN": "G5500990_1930", "NATIVE_POP": 65 }, "geometry": { "type": "Point", "coordinates": [ -90.361394107639015, 45.679980962087107 ] } },
{ "type": "Feature", "properties": { "DECADE": "1930", "NHGISNAM": "Sherburne", "GISJOIN": "G2701410", "JOIN": "G2701410_1930", "NATIVE_POP": 22 }, "geometry": { "type": "Point", "coordinates": [ -93.774438130878565, 45.443959689964814 ] } },
{ "type": "Feature", "properties": { "DECADE": "1930", "NHGISNAM": "Houghton", "GISJOIN": "G2600610", "JOIN": "G2600610_1930", "NATIVE_POP": 19 }, "geometry": { "type": "Point", "coordinates": [ -88.688495458040933, 46.896593041664943 ] } },
{ "type": "Feature", "properties": { "DECADE": "1930", "NHGISNAM": "Presque Isle", "GISJOIN": "G2601410", "JOIN": "G2601410_1930", "NATIVE_POP": 1 }, "geometry": { "type": "Point", "coordinates": [ -83.917510211314777, 45.340191864885192 ] } },
{ "type": "Feature", "properties": { "DECADE": "1930", "NHGISNAM": "Keweenaw", "GISJOIN": "G2600830", "JOIN": "G2600830_1930", "NATIVE_POP": 0 }, "geometry": { "type": "Point", "coordinates": [ -88.423046349641666, 47.606971770321415 ] } },
{ "type": "Feature", "properties": { "DECADE": "1930", "NHGISNAM": "Kewaunee", "GISJOIN": "G5500610", "JOIN": "G5500610_1930", "NATIVE_POP": 0 }, "geometry": { "type": "Point", "coordinates": [ -87.615369186942672, 44.515960050704578 ] } },
{ "type": "Feature", "properties": { "DECADE": "1930", "NHGISNAM": "Mower", "GISJOIN": "G2700990", "JOIN": "G2700990_1930", "NATIVE_POP": 0 }, "geometry": { "type": "Point", "coordinates": [ -92.752497473735033, 43.671412770827857 ] } },
{ "type": "Feature", "properties": { "DECADE": "1930", "NHGISNAM": "Wilkin", "GISJOIN": "G2701670", "JOIN": "G2701670_1930", "NATIVE_POP": 0 }, "geometry": { "type": "Point", "coordinates": [ -96.468111180818767, 46.35652630996411 ] } },
{ "type": "Feature", "properties": { "DECADE": "1930", "NHGISNAM": "Big Stone", "GISJOIN": "G2700110", "JOIN": "G2700110_1930", "NATIVE_POP": 0 }, "geometry": { "type": "Point", "coordinates": [ -96.410495911467621, 45.426481763429258 ] } },
{ "type": "Feature", "properties": { "DECADE": "1930", "NHGISNAM": "Murray", "GISJOIN": "G2701010", "JOIN": "G2701010_1930", "NATIVE_POP": 1 }, "geometry": { "type": "Point", "coordinates": [ -95.763273262405335, 44.022058467894922 ] } },
{ "type": "Feature", "properties": { "DECADE": "1930", "NHGISNAM": "Schoolcraft", "GISJOIN": "G2601530", "JOIN": "G2601530_1930", "NATIVE_POP": 78 }, "geometry": { "type": "Point", "coordinates": [ -86.199837671110927, 46.196154781958924 ] } },
{ "type": "Feature", "properties": { "DECADE": "1930", "NHGISNAM": "Todd", "GISJOIN": "G2701530", "JOIN": "G2701530_1930", "NATIVE_POP": 11 }, "geometry": { "type": "Point", "coordinates": [ -94.897588121044222, 46.070117304172904 ] } },
{ "type": "Feature", "properties": { "DECADE": "1930", "NHGISNAM": "Hennepin", "GISJOIN": "G2700530", "JOIN": "G2700530_1930", "NATIVE_POP": 199 }, "geometry": { "type": "Point", "coordinates": [ -93.476734158672457, 45.004409849462192 ] } },
{ "type": "Feature", "properties": { "DECADE": "1930", "NHGISNAM": "Cheboygan", "GISJOIN": "G2600310", "JOIN": "G2600310_1930", "NATIVE_POP": 87 }, "geometry": { "type": "Point", "coordinates": [ -84.499782229133231, 45.446073634324726 ] } },
{ "type": "Feature", "properties": { "DECADE": "1930", "NHGISNAM": "Muskegon", "GISJOIN": "G2601210", "JOIN": "G2601210_1930", "NATIVE_POP": 120 }, "geometry": { "type": "Point", "coordinates": [ -86.151860146521528, 43.291145816264233 ] } },
{ "type": "Feature", "properties": { "DECADE": "1930", "NHGISNAM": "Scott", "GISJOIN": "G2701390", "JOIN": "G2701390_1930", "NATIVE_POP": 10 }, "geometry": { "type": "Point", "coordinates": [ -93.536033333657301, 44.648404303798493 ] } },
{ "type": "Feature", "properties": { "DECADE": "1930", "NHGISNAM": "Mahnomen", "GISJOIN": "G2700870", "JOIN": "G2700870_1930", "NATIVE_POP": 1612 }, "geometry": { "type": "Point", "coordinates": [ -95.809045889125699, 47.325112567006336 ] } },
{ "type": "Feature", "properties": { "DECADE": "1930", "NHGISNAM": "Marathon", "GISJOIN": "G5500730", "JOIN": "G5500730_1930", "NATIVE_POP": 37 }, "geometry": { "type": "Point", "coordinates": [ -89.759106638500512, 44.898363374237654 ] } },
{ "type": "Feature", "properties": { "DECADE": "1930", "NHGISNAM": "Traverse", "GISJOIN": "G2701550", "JOIN": "G2701550_1930", "NATIVE_POP": 0 }, "geometry": { "type": "Point", "coordinates": [ -96.47185291807061, 45.771950973883314 ] } },
{ "type": "Feature", "properties": { "DECADE": "1930", "NHGISNAM": "Kittson", "GISJOIN": "G2700690", "JOIN": "G2700690_1930", "NATIVE_POP": 6 }, "geometry": { "type": "Point", "coordinates": [ -96.782752359199193, 48.776419437583719 ] } },
{ "type": "Feature", "properties": { "DECADE": "1930", "NHGISNAM": "Manitowoc", "GISJOIN": "G5500710", "JOIN": "G5500710_1930", "NATIVE_POP": 69 }, "geometry": { "type": "Point", "coordinates": [ -87.809856107801394, 44.119758650718168 ] } },
{ "type": "Feature", "properties": { "DECADE": "1930", "NHGISNAM": "Blue Earth", "GISJOIN": "G2700130", "JOIN": "G2700130_1930", "NATIVE_POP": 2 }, "geometry": { "type": "Point", "coordinates": [ -94.067042486606482, 44.034498272785832 ] } },
{ "type": "Feature", "properties": { "DECADE": "1930", "NHGISNAM": "Manistee", "GISJOIN": "G2601010", "JOIN": "G2601010_1930", "NATIVE_POP": 92 }, "geometry": { "type": "Point", "coordinates": [ -86.056693448665513, 44.332833444726383 ] } },
{ "type": "Feature", "properties": { "DECADE": "1930", "NHGISNAM": "Polk", "GISJOIN": "G2701190", "JOIN": "G2701190_1930", "NATIVE_POP": 25 }, "geometry": { "type": "Point", "coordinates": [ -96.573742100773075, 47.685181691648317 ] } },
{ "type": "Feature", "properties": { "DECADE": "1930", "NHGISNAM": "Trempealeau", "GISJOIN": "G5501210", "JOIN": "G5501210_1930", "NATIVE_POP": 56 }, "geometry": { "type": "Point", "coordinates": [ -91.358536068130732, 44.303503503710296 ] } },
{ "type": "Feature", "properties": { "DECADE": "1930", "NHGISNAM": "Forest", "GISJOIN": "G5500410", "JOIN": "G5500410_1930", "NATIVE_POP": 348 }, "geometry": { "type": "Point", "coordinates": [ -88.770035825147829, 45.666770095105406 ] } },
{ "type": "Feature", "properties": { "DECADE": "1930", "NHGISNAM": "Winona", "GISJOIN": "G2701690", "JOIN": "G2701690_1930", "NATIVE_POP": 8 }, "geometry": { "type": "Point", "coordinates": [ -91.778893703122179, 43.986843862326438 ] } },
{ "type": "Feature", "properties": { "DECADE": "1930", "NHGISNAM": "Winnebago", "GISJOIN": "G5501390", "JOIN": "G5501390_1930", "NATIVE_POP": 186 }, "geometry": { "type": "Point", "coordinates": [ -88.644655829992985, 44.068773043523272 ] } },
{ "type": "Feature", "properties": { "DECADE": "1930", "NHGISNAM": "Marinette", "GISJOIN": "G5500750", "JOIN": "G5500750_1930", "NATIVE_POP": 12 }, "geometry": { "type": "Point", "coordinates": [ -88.03301026615479, 45.382463818423552 ] } },
{ "type": "Feature", "properties": { "DECADE": "1930", "NHGISNAM": "Polk", "GISJOIN": "G5500950", "JOIN": "G5500950_1930", "NATIVE_POP": 89 }, "geometry": { "type": "Point", "coordinates": [ -92.441404289547805, 45.461130731355034 ] } },
{ "type": "Feature", "properties": { "DECADE": "1930", "NHGISNAM": "Becker", "GISJOIN": "G2700050", "JOIN": "G2700050_1930", "NATIVE_POP": 1880 }, "geometry": { "type": "Point", "coordinates": [ -95.673903147407657, 46.93464668148485 ] } },
{ "type": "Feature", "properties": { "DECADE": "1930", "NHGISNAM": "Luce", "GISJOIN": "G2600950", "JOIN": "G2600950_1930", "NATIVE_POP": 83 }, "geometry": { "type": "Point", "coordinates": [ -85.544424652251848, 46.470453221490978 ] } },
{ "type": "Feature", "properties": { "DECADE": "1930", "NHGISNAM": "Kanabec", "GISJOIN": "G2700650", "JOIN": "G2700650_1930", "NATIVE_POP": 0 }, "geometry": { "type": "Point", "coordinates": [ -93.293568634527091, 45.944977961205716 ] } },
{ "type": "Feature", "properties": { "DECADE": "1930", "NHGISNAM": "Kalkaska", "GISJOIN": "G2600790", "JOIN": "G2600790_1930", "NATIVE_POP": 9 }, "geometry": { "type": "Point", "coordinates": [ -85.090254595985982, 44.684566460232752 ] } },
{ "type": "Feature", "properties": { "DECADE": "1930", "NHGISNAM": "Kalamazoo", "GISJOIN": "G2600770", "JOIN": "G2600770_1930", "NATIVE_POP": 28 }, "geometry": { "type": "Point", "coordinates": [ -85.53118096200501, 42.245358006562171 ] } },
{ "type": "Feature", "properties": { "DECADE": "1930", "NHGISNAM": "Montmorency", "GISJOIN": "G2601190", "JOIN": "G2601190_1930", "NATIVE_POP": 3 }, "geometry": { "type": "Point", "coordinates": [ -84.127217671873098, 45.027438996584337 ] } },
{ "type": "Feature", "properties": { "DECADE": "1930", "NHGISNAM": "Beltrami", "GISJOIN": "G2700070", "JOIN": "G2700070_1930", "NATIVE_POP": 1961 }, "geometry": { "type": "Point", "coordinates": [ -94.936277439181708, 47.972270352139233 ] } },
{ "type": "Feature", "properties": { "DECADE": "1930", "NHGISNAM": "Kandiyohi", "GISJOIN": "G2700670", "JOIN": "G2700670_1930", "NATIVE_POP": 0 }, "geometry": { "type": "Point", "coordinates": [ -95.004730243461822, 45.152037384097376 ] } },
{ "type": "Feature", "properties": { "DECADE": "1930", "NHGISNAM": "Wexford", "GISJOIN": "G2601650", "JOIN": "G2601650_1930", "NATIVE_POP": 24 }, "geometry": { "type": "Point", "coordinates": [ -85.578419286640056, 44.338248818277791 ] } },
{ "type": "Feature", "properties": { "DECADE": "1930", "NHGISNAM": "Taylor", "GISJOIN": "G5501190", "JOIN": "G5501190_1930", "NATIVE_POP": 56 }, "geometry": { "type": "Point", "coordinates": [ -90.501280715345615, 45.211604763439873 ] } },
{ "type": "Feature", "properties": { "DECADE": "1930", "NHGISNAM": "Lyon", "GISJOIN": "G2700830", "JOIN": "G2700830_1930", "NATIVE_POP": 0 }, "geometry": { "type": "Point", "coordinates": [ -95.838963565664983, 44.413280993174951 ] } },
{ "type": "Feature", "properties": { "DECADE": "1930", "NHGISNAM": "Dakota", "GISJOIN": "G2700370", "JOIN": "G2700370_1930", "NATIVE_POP": 53 }, "geometry": { "type": "Point", "coordinates": [ -93.065411257914661, 44.671773696016466 ] } },
{ "type": "Feature", "properties": { "DECADE": "1930", "NHGISNAM": "Macomb", "GISJOIN": "G2600990", "JOIN": "G2600990_1930", "NATIVE_POP": 23 }, "geometry": { "type": "Point", "coordinates": [ -82.932398070449011, 42.695554635386443 ] } },
{ "type": "Feature", "properties": { "DECADE": "1930", "NHGISNAM": "Sanilac", "GISJOIN": "G2601510", "JOIN": "G2601510_1930", "NATIVE_POP": 0 }, "geometry": { "type": "Point", "coordinates": [ -82.820002593935769, 43.423285520105928 ] } },
{ "type": "Feature", "properties": { "DECADE": "1930", "NHGISNAM": "Mackinac", "GISJOIN": "G2600970", "JOIN": "G2600970_1930", "NATIVE_POP": 366 }, "geometry": { "type": "Point", "coordinates": [ -85.094143673021605, 46.082245377843286 ] } },
{ "type": "Feature", "properties": { "DECADE": "1930", "NHGISNAM": "Pierce", "GISJOIN": "G5500930", "JOIN": "G5500930_1930", "NATIVE_POP": 0 }, "geometry": { "type": "Point", "coordinates": [ -92.422355628483999, 44.719609804755926 ] } }
]
}
